coverage,goodput_proxy,run,selected,selected_open,selected_open_outage,selected_precision,threshold
0.00030120481927710846,0.0,full-open_dinov3_torch_power_fallback_login_seed0_login_20260617205745,1,1,1.0,0.0,0.1662604538575651
0.010240963855421687,0.004819277108433735,full-open_dinov3_torch_power_fallback_login_seed0_login_20260617205745,34,5,0.5294117647058824,0.47058823529411764,0.41014107940509864
0.020180722891566263,0.00963855421686747,full-open_dinov3_torch_power_fallback_login_seed0_login_20260617205745,67,11,0.5223880597014925,0.47761194029850745,0.4214859201735207
0.030120481927710843,0.012650602409638554,full-open_dinov3_torch_power_fallback_login_seed0_login_20260617205745,100,20,0.58,0.42,0.42837415171936644
0.04006024096385542,0.01566265060240964,full-open_dinov3_torch_power_fallback_login_seed0_login_20260617205745,133,29,0.6090225563909775,0.39097744360902253,0.43670936696730295
0.05,0.02078313253012048,full-open_dinov3_torch_power_fallback_login_seed0_login_20260617205745,166,35,0.5843373493975904,0.41566265060240964,0.4495637476743023
0.060240963855421686,0.023493975903614458,full-open_dinov3_torch_power_fallback_login_seed0_login_20260617205745,200,44,0.61,0.39,0.46386908524988624
0.07018072289156627,0.02650602409638554,full-open_dinov3_torch_power_fallback_login_seed0_login_20260617205745,233,53,0.6223175965665236,0.3776824034334764,0.4711835484231079
0.08012048192771085,0.029216867469879518,full-open_dinov3_torch_power_fallback_login_seed0_login_20260617205745,266,64,0.6353383458646616,0.36466165413533835,0.4781758968709084
0.09006024096385543,0.03132530120481928,full-open_dinov3_torch_power_fallback_login_seed0_login_20260617205745,299,84,0.6521739130434783,0.34782608695652173,0.48413975823014643
0.1,0.033433734939759034,full-open_dinov3_torch_power_fallback_login_seed0_login_20260617205745,332,101,0.6656626506024096,0.33433734939759036,0.4896399398753262
0.11024096385542169,0.035542168674698796,full-open_dinov3_torch_power_fallback_login_seed0_login_20260617205745,366,122,0.6775956284153005,0.3224043715846995,0.4954071602462597
0.12018072289156627,0.03674698795180723,full-open_dinov3_torch_power_fallback_login_seed0_login_20260617205745,399,144,0.6942355889724311,0.3057644110275689,0.49947876473340935
0.13012048192771083,0.03855421686746988,full-open_dinov3_torch_power_fallback_login_seed0_login_20260617205745,432,165,0.7037037037037037,0.2962962962962963,0.5041500850727726
0.14006024096385541,0.04006024096385542,full-open_dinov3_torch_power_fallback_login_seed0_login_20260617205745,465,190,0.7139784946236559,0.2860215053763441,0.5082072166001186
0.15,0.04066265060240964,full-open_dinov3_torch_power_fallback_login_seed0_login_20260617205745,498,212,0.7289156626506024,0.2710843373493976,0.5123001900359826
0.1602409638554217,0.041867469879518074,full-open_dinov3_torch_power_fallback_login_seed0_login_20260617205745,532,239,0.7387218045112782,0.26127819548872183,0.5156466066621229
0.17018072289156627,0.0430722891566265,full-open_dinov3_torch_power_fallback_login_seed0_login_20260617205745,565,264,0.7469026548672566,0.25309734513274335,0.5188617311968274
0.18012048192771085,0.04457831325301205,full-open_dinov3_torch_power_fallback_login_seed0_login_20260617205745,598,291,0.7525083612040134,0.24749163879598662,0.5219492387728026
0.19006024096385543,0.045481927710843376,full-open_dinov3_torch_power_fallback_login_seed0_login_20260617205745,631,315,0.7606973058637084,0.2393026941362916,0.5246330272484526
0.2,0.04578313253012048,full-open_dinov3_torch_power_fallback_login_seed0_login_20260617205745,664,345,0.7710843373493976,0.2289156626506024,0.5273715671074538
0.2099397590361446,0.046686746987951805,full-open_dinov3_torch_power_fallback_login_seed0_login_20260617205745,697,373,0.7790530846484935,0.2223816355810617,0.5305597708373896
0.22018072289156626,0.04789156626506024,full-open_dinov3_torch_power_fallback_login_seed0_login_20260617205745,731,403,0.7838577291381669,0.21751025991792067,0.5327361133033103
0.23012048192771084,0.048493975903614456,full-open_dinov3_torch_power_fallback_login_seed0_login_20260617205745,764,434,0.7918848167539267,0.2107329842931937,0.5348220493438782
0.24006024096385542,0.04969879518072289,full-open_dinov3_torch_power_fallback_login_seed0_login_20260617205745,797,460,0.795483061480552,0.20702634880803011,0.5375638038114801
0.25,0.04969879518072289,full-open_dinov3_torch_power_fallback_login_seed0_login_20260617205745,830,493,0.8036144578313253,0.19879518072289157,0.5401495334975563
0.2599397590361446,0.05030120481927711,full-open_dinov3_torch_power_fallback_login_seed0_login_20260617205745,863,520,0.8088064889918888,0.19351100811123986,0.5421798796835934
0.27018072289156625,0.05060240963855422,full-open_dinov3_torch_power_fallback_login_seed0_login_20260617205745,897,551,0.8149386845039019,0.18729096989966554,0.5439327115270813
0.28012048192771083,0.05120481927710843,full-open_dinov3_torch_power_fallback_login_seed0_login_20260617205745,930,581,0.8204301075268817,0.1827956989247312,0.5459445141105572
0.2900602409638554,0.051807228915662654,full-open_dinov3_torch_power_fallback_login_seed0_login_20260617205745,963,610,0.8245067497403946,0.1786085150571132,0.5480175475500905
0.3,0.05210843373493976,full-open_dinov3_torch_power_fallback_login_seed0_login_20260617205745,996,640,0.8293172690763052,0.17369477911646586,0.5498001539787183
0.30993975903614457,0.05210843373493976,full-open_dinov3_torch_power_fallback_login_seed0_login_20260617205745,1029,672,0.8347910592808552,0.16812439261418854,0.5512114360834706
0.32018072289156624,0.053313253012048194,full-open_dinov3_torch_power_fallback_login_seed0_login_20260617205745,1063,700,0.8363123236124177,0.1665098777046096,0.5532456399487722
0.3301204819277108,0.053313253012048194,full-open_dinov3_torch_power_fallback_login_seed0_login_20260617205745,1096,733,0.8412408759124088,0.16149635036496351,0.5549684053538578
0.3400602409638554,0.05391566265060241,full-open_dinov3_torch_power_fallback_login_seed0_login_20260617205745,1129,765,0.8449955713020372,0.15854738706820196,0.5565608888735745
0.35,0.05451807228915663,full-open_dinov3_torch_power_fallback_login_seed0_login_20260617205745,1162,797,0.8485370051635112,0.15576592082616178,0.5581193941350673
0.35993975903614456,0.05451807228915663,full-open_dinov3_torch_power_fallback_login_seed0_login_20260617205745,1195,828,0.8527196652719665,0.1514644351464435,0.5598583678409358
0.3701807228915663,0.054819277108433734,full-open_dinov3_torch_power_fallback_login_seed0_login_20260617205745,1229,861,0.8567941415785191,0.14808787632221318,0.5617382134511848
0.38012048192771086,0.054819277108433734,full-open_dinov3_torch_power_fallback_login_seed0_login_20260617205745,1262,892,0.8605388272583201,0.14421553090332806,0.5637089196168563
0.39006024096385544,0.054819277108433734,full-open_dinov3_torch_power_fallback_login_seed0_login_20260617205745,1295,925,0.864092664092664,0.14054054054054055,0.5654712001578397
0.4,0.055120481927710845,full-open_dinov3_torch_power_fallback_login_seed0_login_20260617205745,1328,957,0.8667168674698795,0.1378012048192771,0.5671421719922952
0.4099397590361446,0.05542168674698795,full-open_dinov3_torch_power_fallback_login_seed0_login_20260617205745,1361,990,0.8699485672299779,0.1351947097722263,0.5690132259931601
0.4198795180722892,0.05542168674698795,full-open_dinov3_torch_power_fallback_login_seed0_login_20260617205745,1394,1020,0.8730272596843616,0.13199426111908177,0.5705447772766121
0.43012048192771085,0.05572289156626506,full-open_dinov3_torch_power_fallback_login_seed0_login_20260617205745,1428,1052,0.8753501400560224,0.12955182072829133,0.5718433692754586
0.44006024096385543,0.05572289156626506,full-open_dinov3_torch_power_fallback_login_seed0_login_20260617205745,1461,1085,0.8781656399726215,0.1266255989048597,0.5733280104351708
0.45,0.05602409638554217,full-open_dinov3_torch_power_fallback_login_seed0_login_20260617205745,1494,1117,0.8808567603748326,0.12449799196787148,0.5744406936088252
0.4599397590361446,0.05602409638554217,full-open_dinov3_torch_power_fallback_login_seed0_login_20260617205745,1527,1150,0.8834315651604453,0.12180746561886051,0.5759083789105371
0.46987951807228917,0.056626506024096385,full-open_dinov3_torch_power_fallback_login_seed0_login_20260617205745,1560,1183,0.8858974358974359,0.12051282051282051,0.5778879356627592
0.48012048192771084,0.056927710843373495,full-open_dinov3_torch_power_fallback_login_seed0_login_20260617205745,1594,1216,0.8877038895859473,0.11856963613550815,0.5792039924594722
0.4900602409638554,0.056927710843373495,full-open_dinov3_torch_power_fallback_login_seed0_login_20260617205745,1627,1247,0.8899815611555009,0.11616472034419176,0.5805536255931185
0.5,0.056927710843373495,full-open_dinov3_torch_power_fallback_login_seed0_login_20260617205745,1660,1280,0.8921686746987951,0.11385542168674699,0.5821980360671611
0.5099397590361445,0.0572289156626506,full-open_dinov3_torch_power_fallback_login_seed0_login_20260617205745,1693,1313,0.8942705256940343,0.11222681630242173,0.5836912255914075
0.5198795180722892,0.0572289156626506,full-open_dinov3_torch_power_fallback_login_seed0_login_20260617205745,1726,1346,0.8962920046349943,0.1100811123986095,0.5851167820870636
0.5301204819277109,0.0572289156626506,full-open_dinov3_torch_power_fallback_login_seed0_login_20260617205745,1760,1380,0.8982954545454546,0.10795454545454546,0.5863744872992172
0.5400602409638554,0.0572289156626506,full-open_dinov3_torch_power_fallback_login_seed0_login_20260617205745,1793,1413,0.9001673173452315,0.10596765197992192,0.5878135578650461
0.55,0.05783132530120482,full-open_dinov3_torch_power_fallback_login_seed0_login_20260617205745,1826,1446,0.9019715224534501,0.10514786418400876,0.5894690417110245
0.5599397590361446,0.05783132530120482,full-open_dinov3_torch_power_fallback_login_seed0_login_20260617205745,1859,1479,0.9037116729424421,0.10328133405056482,0.5910949605983051
0.5698795180722892,0.05783132530120482,full-open_dinov3_torch_power_fallback_login_seed0_login_20260617205745,1892,1512,0.9053911205073996,0.1014799154334038,0.5928843347390649
0.5801204819277108,0.058132530120481925,full-open_dinov3_torch_power_fallback_login_seed0_login_20260617205745,1926,1546,0.907061266874351,0.10020768431983386,0.5943782804694446
0.5900602409638555,0.058132530120481925,full-open_dinov3_torch_power_fallback_login_seed0_login_20260617205745,1959,1579,0.9086268504338948,0.09851965288412455,0.5955296619020948
0.6,0.058433734939759036,full-open_dinov3_torch_power_fallback_login_seed0_login_20260617205745,1992,1612,0.910140562248996,0.09738955823293173,0.5966427738636704
0.6099397590361446,0.058734939759036146,full-open_dinov3_torch_power_fallback_login_seed0_login_20260617205745,2025,1644,0.9116049382716049,0.0962962962962963,0.5981210487411529
0.6198795180722891,0.058734939759036146,full-open_dinov3_torch_power_fallback_login_seed0_login_20260617205745,2058,1677,0.913022351797862,0.09475218658892129,0.5995888908528758
0.6298192771084338,0.05903614457831325,full-open_dinov3_torch_power_fallback_login_seed0_login_20260617205745,2091,1710,0.9143950263032042,0.0937350549976088,0.6012680663866078
0.6400602409638554,0.05903614457831325,full-open_dinov3_torch_power_fallback_login_seed0_login_20260617205745,2125,1743,0.9157647058823529,0.09223529411764705,0.6031309635563139
0.65,0.05903614457831325,full-open_dinov3_torch_power_fallback_login_seed0_login_20260617205745,2158,1776,0.9170528266913809,0.09082483781278962,0.604225502910041
0.6599397590361445,0.05933734939759036,full-open_dinov3_torch_power_fallback_login_seed0_login_20260617205745,2191,1809,0.9183021451392058,0.08991328160657235,0.6053456422100713
0.6698795180722892,0.05963855421686747,full-open_dinov3_torch_power_fallback_login_seed0_login_20260617205745,2224,1842,0.9195143884892086,0.08902877697841727,0.6065936251193791
0.6798192771084337,0.05963855421686747,full-open_dinov3_torch_power_fallback_login_seed0_login_20260617205745,2257,1874,0.920691182986265,0.08772707133362871,0.6080767136593167
0.6900602409638554,0.059939759036144576,full-open_dinov3_torch_power_fallback_login_seed0_login_20260617205745,2291,1907,0.9214316892186818,0.08686163247490179,0.6094713643776842
0.7,0.059939759036144576,full-open_dinov3_torch_power_fallback_login_seed0_login_20260617205745,2324,1940,0.9225473321858864,0.08562822719449226,0.6110775312584531
0.7099397590361446,0.059939759036144576,full-open_dinov3_torch_power_fallback_login_seed0_login_20260617205745,2357,1973,0.9236317352566822,0.08442935935511243,0.6129040876476338
0.7198795180722891,0.059939759036144576,full-open_dinov3_torch_power_fallback_login_seed0_login_20260617205745,2390,2006,0.9246861924686193,0.08326359832635984,0.614283741373684
0.7298192771084338,0.059939759036144576,full-open_dinov3_torch_power_fallback_login_seed0_login_20260617205745,2423,2039,0.9257119273627734,0.0821295914156005,0.615624551231917
0.7400602409638555,0.0605421686746988,full-open_dinov3_torch_power_fallback_login_seed0_login_20260617205745,2457,2073,0.9267399267399268,0.08180708180708181,0.617122489497915
0.75,0.0605421686746988,full-open_dinov3_torch_power_fallback_login_seed0_login_20260617205745,2490,2106,0.927710843373494,0.08072289156626505,0.6188836844674689
0.7599397590361445,0.0605421686746988,full-open_dinov3_torch_power_fallback_login_seed0_login_20260617205745,2523,2139,0.9286563614744352,0.07966706302021404,0.6209206172720811
0.7698795180722892,0.0605421686746988,full-open_dinov3_torch_power_fallback_login_seed0_login_20260617205745,2556,2172,0.9295774647887324,0.07863849765258216,0.6225732230218796
0.7798192771084337,0.0605421686746988,full-open_dinov3_torch_power_fallback_login_seed0_login_20260617205745,2589,2205,0.9304750869061413,0.0776361529548088,0.6240095101430749
0.7900602409638554,0.0608433734939759,full-open_dinov3_torch_power_fallback_login_seed0_login_20260617205745,2623,2239,0.9313762866946245,0.0770110560426992,0.6264542508388239
0.8,0.0608433734939759,full-open_dinov3_torch_power_fallback_login_seed0_login_20260617205745,2656,2272,0.9322289156626506,0.07605421686746988,0.6279994525086068
0.8099397590361446,0.0608433734939759,full-open_dinov3_torch_power_fallback_login_seed0_login_20260617205745,2689,2305,0.9330606173298625,0.07512086277426552,0.6296259584324001
0.8198795180722892,0.0608433734939759,full-open_dinov3_torch_power_fallback_login_seed0_login_20260617205745,2722,2338,0.9338721528288023,0.07421013960323292,0.6311715959290857
0.8298192771084337,0.0608433734939759,full-open_dinov3_torch_power_fallback_login_seed0_login_20260617205745,2755,2371,0.9346642468239564,0.07332123411978221,0.6330396588294721
0.8397590361445784,0.0608433734939759,full-open_dinov3_torch_power_fallback_login_seed0_login_20260617205745,2788,2404,0.9354375896700143,0.07245337159253945,0.634850701435311
0.85,0.0608433734939759,full-open_dinov3_torch_power_fallback_login_seed0_login_20260617205745,2822,2438,0.9362154500354358,0.07158043940467754,0.6365380496081964
0.8599397590361446,0.0608433734939759,full-open_dinov3_torch_power_fallback_login_seed0_login_20260617205745,2855,2471,0.9369527145359019,0.07075306479859896,0.6386125974784594
0.8698795180722891,0.0608433734939759,full-open_dinov3_torch_power_fallback_login_seed0_login_20260617205745,2888,2504,0.9376731301939059,0.06994459833795014,0.640306253621102
0.8798192771084338,0.0608433734939759,full-open_dinov3_torch_power_fallback_login_seed0_login_20260617205745,2921,2537,0.938377268058884,0.06915439917836358,0.6433897120862524
0.8897590361445783,0.0608433734939759,full-open_dinov3_torch_power_fallback_login_seed0_login_20260617205745,2954,2570,0.9390656736628301,0.06838185511171294,0.6450829562932318
0.9,0.0608433734939759,full-open_dinov3_torch_power_fallback_login_seed0_login_20260617205745,2988,2604,0.9397590361445783,0.06760374832663989,0.6476856444515423
0.9099397590361445,0.06144578313253012,full-open_dinov3_torch_power_fallback_login_seed0_login_20260617205745,3021,2637,0.9404170804369414,0.06752730883813307,0.6508134335755389
0.9198795180722892,0.06144578313253012,full-open_dinov3_torch_power_fallback_login_seed0_login_20260617205745,3054,2670,0.9410609037328095,0.06679764243614932,0.6543933819764656
0.9298192771084337,0.06144578313253012,full-open_dinov3_torch_power_fallback_login_seed0_login_20260617205745,3087,2703,0.9416909620991254,0.06608357628765792,0.6577887761341975
0.9397590361445783,0.061746987951807226,full-open_dinov3_torch_power_fallback_login_seed0_login_20260617205745,3120,2736,0.9423076923076923,0.06570512820512821,0.662325762248031
0.95,0.061746987951807226,full-open_dinov3_torch_power_fallback_login_seed0_login_20260617205745,3154,2770,0.9429296131896006,0.06499682942295498,0.6679992150983183
0.9599397590361446,0.061746987951807226,full-open_dinov3_torch_power_fallback_login_seed0_login_20260617205745,3187,2803,0.9435205522434892,0.06432381550047066,0.6737122582672173
0.9698795180722891,0.061746987951807226,full-open_dinov3_torch_power_fallback_login_seed0_login_20260617205745,3220,2836,0.9440993788819876,0.06366459627329192,0.6792120675166572
0.9798192771084338,0.061746987951807226,full-open_dinov3_torch_power_fallback_login_seed0_login_20260617205745,3253,2869,0.944666461727636,0.0630187519213034,0.6867117196364492
0.9897590361445783,0.06204819277108434,full-open_dinov3_torch_power_fallback_login_seed0_login_20260617205745,3286,2902,0.9452221545952526,0.06269020085209982,0.6990910225080014
1.0,0.06204819277108434,full-open_dinov3_torch_power_fallback_login_seed0_login_20260617205745,3320,2936,0.9457831325301205,0.06204819277108434,0.7293483868527658
0.00030120481927710846,0.00030120481927710846,full-open_dinov3_torch_power_fallback_login_seed1_login_20260617205745,1,0,0.0,1.0,0.13476296201328392
0.010240963855421687,0.004819277108433735,full-open_dinov3_torch_power_fallback_login_seed1_login_20260617205745,34,10,0.5294117647058824,0.47058823529411764,0.4075121252959822
0.020180722891566263,0.008734939759036145,full-open_dinov3_torch_power_fallback_login_seed1_login_20260617205745,67,15,0.5671641791044776,0.43283582089552236,0.42170739516608
0.030120481927710843,0.012951807228915663,full-open_dinov3_torch_power_fallback_login_seed1_login_20260617205745,100,22,0.57,0.43,0.4285481986438442
0.04006024096385542,0.01746987951807229,full-open_dinov3_torch_power_fallback_login_seed1_login_20260617205745,133,28,0.5639097744360902,0.43609022556390975,0.4345645517372504
0.05,0.01957831325301205,full-open_dinov3_torch_power_fallback_login_seed1_login_20260617205745,166,37,0.608433734939759,0.39156626506024095,0.4416408688792315
0.060240963855421686,0.02469879518072289,full-open_dinov3_torch_power_fallback_login_seed1_login_20260617205745,200,44,0.59,0.41,0.4545466497242084
0.07018072289156627,0.029216867469879518,full-open_dinov3_torch_power_fallback_login_seed1_login_20260617205745,233,52,0.5836909871244635,0.41630901287553645,0.46419286383161734
0.08012048192771085,0.033433734939759034,full-open_dinov3_torch_power_fallback_login_seed1_login_20260617205745,266,67,0.5864661654135338,0.41729323308270677,0.4714091693155362
0.09006024096385543,0.03493975903614458,full-open_dinov3_torch_power_fallback_login_seed1_login_20260617205745,299,83,0.6153846153846154,0.3879598662207358,0.47846927371784703
0.1,0.03734939759036145,full-open_dinov3_torch_power_fallback_login_seed1_login_20260617205745,332,101,0.6295180722891566,0.37349397590361444,0.4851001861099826
0.11024096385542169,0.04006024096385542,full-open_dinov3_torch_power_fallback_login_seed1_login_20260617205745,366,123,0.644808743169399,0.3633879781420765,0.49185430281399056
0.12018072289156627,0.04246987951807229,full-open_dinov3_torch_power_fallback_login_seed1_login_20260617205745,399,144,0.6541353383458647,0.3533834586466165,0.49634692139039643
0.13012048192771083,0.04397590361445783,full-open_dinov3_torch_power_fallback_login_seed1_login_20260617205745,432,169,0.6689814814814815,0.33796296296296297,0.5012054225239957
0.14006024096385541,0.044879518072289154,full-open_dinov3_torch_power_fallback_login_seed1_login_20260617205745,465,198,0.6860215053763441,0.3204301075268817,0.5052725784545073
0.15,0.0463855421686747,full-open_dinov3_torch_power_fallback_login_seed1_login_20260617205745,498,220,0.6967871485943775,0.3092369477911647,0.5085824459660031
0.1602409638554217,0.047289156626506026,full-open_dinov3_torch_power_fallback_login_seed1_login_20260617205745,532,247,0.7124060150375939,0.2951127819548872,0.5113319142938804
0.17018072289156627,0.04819277108433735,full-open_dinov3_torch_power_fallback_login_seed1_login_20260617205745,565,270,0.7238938053097345,0.2831858407079646,0.5147245282531704
0.18012048192771085,0.04939759036144578,full-open_dinov3_torch_power_fallback_login_seed1_login_20260617205745,598,296,0.7324414715719063,0.27424749163879597,0.5185757496014006
0.19006024096385543,0.04939759036144578,full-open_dinov3_torch_power_fallback_login_seed1_login_20260617205745,631,328,0.7464342313787639,0.25990491283676703,0.5206464573251651
0.2,0.05030120481927711,full-open_dinov3_torch_power_fallback_login_seed1_login_20260617205745,664,355,0.7560240963855421,0.25150602409638556,0.5232216948821559
0.2099397590361446,0.05060240963855422,full-open_dinov3_torch_power_fallback_login_seed1_login_20260617205745,697,384,0.7661406025824964,0.24103299856527977,0.5252003922779462
0.22018072289156626,0.05150602409638554,full-open_dinov3_torch_power_fallback_login_seed1_login_20260617205745,731,414,0.774281805745554,0.23392612859097128,0.5274062511647153
0.23012048192771084,0.051807228915662654,full-open_dinov3_torch_power_fallback_login_seed1_login_20260617205745,764,445,0.7827225130890052,0.225130890052356,0.5307502880591937
0.24006024096385542,0.051807228915662654,full-open_dinov3_torch_power_fallback_login_seed1_login_20260617205745,797,474,0.7917189460476788,0.21580928481806774,0.5334240805421113
0.25,0.05210843373493976,full-open_dinov3_torch_power_fallback_login_seed1_login_20260617205745,830,504,0.7987951807228916,0.20843373493975903,0.5357580262603847
0.2599397590361446,0.05271084337349398,full-open_dinov3_torch_power_fallback_login_seed1_login_20260617205745,863,533,0.8041714947856315,0.20278099652375434,0.5385137741432368
0.27018072289156625,0.053313253012048194,full-open_dinov3_torch_power_fallback_login_seed1_login_20260617205745,897,564,0.8093645484949833,0.19732441471571907,0.5406861726235903
0.28012048192771083,0.053614457831325305,full-open_dinov3_torch_power_fallback_login_seed1_login_20260617205745,930,593,0.8161290322580645,0.1913978494623656,0.5427786105196382
0.2900602409638554,0.05391566265060241,full-open_dinov3_torch_power_fallback_login_seed1_login_20260617205745,963,621,0.8213914849428868,0.18587746625129803,0.5456738215174689
0.3,0.05421686746987952,full-open_dinov3_torch_power_fallback_login_seed1_login_20260617205745,996,649,0.8263052208835341,0.18072289156626506,0.5471221530242261
0.30993975903614457,0.05421686746987952,full-open_dinov3_torch_power_fallback_login_seed1_login_20260617205745,1029,679,0.8318756073858115,0.1749271137026239,0.5496341176923213
0.32018072289156624,0.05451807228915663,full-open_dinov3_torch_power_fallback_login_seed1_login_20260617205745,1063,712,0.8363123236124177,0.1702728127939793,0.5518068664464222
0.3301204819277108,0.054819277108433734,full-open_dinov3_torch_power_fallback_login_seed1_login_20260617205745,1096,743,0.8403284671532847,0.16605839416058393,0.5536770750280682
0.3400602409638554,0.05542168674698795,full-open_dinov3_torch_power_fallback_login_seed1_login_20260617205745,1129,774,0.8441098317094774,0.1629760850310009,0.5551754688911769
0.35,0.05572289156626506,full-open_dinov3_torch_power_fallback_login_seed1_login_20260617205745,1162,805,0.8485370051635112,0.15920826161790017,0.5568836955233768
0.35993975903614456,0.05572289156626506,full-open_dinov3_torch_power_fallback_login_seed1_login_20260617205745,1195,837,0.8527196652719665,0.15481171548117154,0.5585647981698718
0.3701807228915663,0.056325301204819274,full-open_dinov3_torch_power_fallback_login_seed1_login_20260617205745,1229,868,0.8559804719283971,0.15215622457282343,0.5598191895898619
0.38012048192771086,0.056325301204819274,full-open_dinov3_torch_power_fallback_login_seed1_login_20260617205745,1262,897,0.8597464342313788,0.14817749603803487,0.561983031954461
0.39006024096385544,0.056927710843373495,full-open_dinov3_torch_power_fallback_login_seed1_login_20260617205745,1295,928,0.8617760617760618,0.14594594594594595,0.5638312619471526
0.4,0.056927710843373495,full-open_dinov3_torch_power_fallback_login_seed1_login_20260617205745,1328,959,0.865210843373494,0.14231927710843373,0.5654642319167809
0.4099397590361446,0.0572289156626506,full-open_dinov3_torch_power_fallback_login_seed1_login_20260617205745,1361,990,0.8684790595150624,0.13960323291697282,0.5672616966463658
0.4198795180722892,0.05753012048192771,full-open_dinov3_torch_power_fallback_login_seed1_login_20260617205745,1394,1019,0.8708751793400287,0.13701578192252512,0.5687110054250908
0.43012048192771085,0.05753012048192771,full-open_dinov3_torch_power_fallback_login_seed1_login_20260617205745,1428,1052,0.8739495798319328,0.13375350140056022,0.5704348649195983
0.44006024096385543,0.05753012048192771,full-open_dinov3_torch_power_fallback_login_seed1_login_20260617205745,1461,1084,0.8767967145790554,0.13073237508555785,0.5723590427599947
0.45,0.05783132530120482,full-open_dinov3_torch_power_fallback_login_seed1_login_20260617205745,1494,1117,0.8795180722891566,0.1285140562248996,0.57385451098629
0.4599397590361446,0.05783132530120482,full-open_dinov3_torch_power_fallback_login_seed1_login_20260617205745,1527,1149,0.8821218074656189,0.12573673870333987,0.5751708253635733
0.46987951807228917,0.05783132530120482,full-open_dinov3_torch_power_fallback_login_seed1_login_20260617205745,1560,1181,0.8846153846153846,0.12307692307692308,0.5767713968601863
0.48012048192771084,0.05783132530120482,full-open_dinov3_torch_power_fallback_login_seed1_login_20260617205745,1594,1215,0.8870765370138017,0.12045169385194479,0.5786577639001143
0.4900602409638554,0.058132530120481925,full-open_dinov3_torch_power_fallback_login_seed1_login_20260617205745,1627,1247,0.8887523048555623,0.11862323294406883,0.5805516745471985
0.5,0.058433734939759036,full-open_dinov3_torch_power_fallback_login_seed1_login_20260617205745,1660,1278,0.8903614457831325,0.11686746987951807,0.5820542082491716
0.5099397590361445,0.058433734939759036,full-open_dinov3_torch_power_fallback_login_seed1_login_20260617205745,1693,1309,0.8924985233313645,0.11458948611931483,0.5833095098570559
0.5198795180722892,0.058433734939759036,full-open_dinov3_torch_power_fallback_login_seed1_login_20260617205745,1726,1342,0.8945538818076477,0.11239860950173812,0.5849389022032171
0.5301204819277109,0.058433734939759036,full-open_dinov3_torch_power_fallback_login_seed1_login_20260617205745,1760,1376,0.8965909090909091,0.11022727272727273,0.5867052270834854
0.5400602409638554,0.058433734939759036,full-open_dinov3_torch_power_fallback_login_seed1_login_20260617205745,1793,1409,0.8984941438929169,0.10819854991634133,0.5882854437633092
0.55,0.058433734939759036,full-open_dinov3_torch_power_fallback_login_seed1_login_20260617205745,1826,1442,0.9003285870755751,0.10624315443592552,0.5898917158703592
0.5599397590361446,0.058433734939759036,full-open_dinov3_torch_power_fallback_login_seed1_login_20260617205745,1859,1475,0.9020979020979021,0.1043571812802582,0.5916995612571905
0.5698795180722892,0.058433734939759036,full-open_dinov3_torch_power_fallback_login_seed1_login_20260617205745,1892,1508,0.9038054968287527,0.10253699788583509,0.5929550140272255
0.5801204819277108,0.058433734939759036,full-open_dinov3_torch_power_fallback_login_seed1_login_20260617205745,1926,1542,0.9055036344755971,0.10072689511941849,0.5949019815169833
0.5900602409638555,0.058734939759036146,full-open_dinov3_torch_power_fallback_login_seed1_login_20260617205745,1959,1575,0.9070954568657479,0.0995405819295559,0.5964277299866352
0.6,0.058734939759036146,full-open_dinov3_torch_power_fallback_login_seed1_login_20260617205745,1992,1608,0.9086345381526104,0.09789156626506024,0.5979673837953177
0.6099397590361446,0.058734939759036146,full-open_dinov3_torch_power_fallback_login_seed1_login_20260617205745,2025,1641,0.9101234567901234,0.0962962962962963,0.5997908356197892
0.6198795180722891,0.058734939759036146,full-open_dinov3_torch_power_fallback_login_seed1_login_20260617205745,2058,1674,0.9115646258503401,0.09475218658892129,0.6009428224942539
0.6298192771084338,0.058734939759036146,full-open_dinov3_torch_power_fallback_login_seed1_login_20260617205745,2091,1707,0.912960306073649,0.09325681492109039,0.6023302254487947
0.6400602409638554,0.058734939759036146,full-open_dinov3_torch_power_fallback_login_seed1_login_20260617205745,2125,1741,0.9143529411764706,0.09176470588235294,0.6041568173536899
0.65,0.05903614457831325,full-open_dinov3_torch_power_fallback_login_seed1_login_20260617205745,2158,1774,0.9156626506024096,0.09082483781278962,0.6059975054638814
0.6599397590361445,0.05903614457831325,full-open_dinov3_torch_power_fallback_login_seed1_login_20260617205745,2191,1807,0.9169329073482428,0.08945686900958466,0.6075127554128908
0.6698795180722892,0.05903614457831325,full-open_dinov3_torch_power_fallback_login_seed1_login_20260617205745,2224,1840,0.9181654676258992,0.08812949640287769,0.6087180825721025
0.6798192771084337,0.05903614457831325,full-open_dinov3_torch_power_fallback_login_seed1_login_20260617205745,2257,1873,0.9193619849357554,0.08684093929995569,0.6101720376514717
0.6900602409638554,0.05933734939759036,full-open_dinov3_torch_power_fallback_login_seed1_login_20260617205745,2291,1907,0.9205587079877783,0.08598865124399825,0.6116376185012236
0.7,0.05933734939759036,full-open_dinov3_torch_power_fallback_login_seed1_login_20260617205745,2324,1940,0.9216867469879518,0.08476764199655766,0.6130839143983937
0.7099397590361446,0.05933734939759036,full-open_dinov3_torch_power_fallback_login_seed1_login_20260617205745,2357,1973,0.9227831989817564,0.08358082308018668,0.6148317463102531
0.7198795180722891,0.05933734939759036,full-open_dinov3_torch_power_fallback_login_seed1_login_20260617205745,2390,2006,0.9238493723849373,0.08242677824267783,0.6164513591623783
0.7298192771084338,0.05933734939759036,full-open_dinov3_torch_power_fallback_login_seed1_login_20260617205745,2423,2039,0.9248865043334709,0.08130416838629798,0.6183383150672814
0.7400602409638555,0.05933734939759036,full-open_dinov3_torch_power_fallback_login_seed1_login_20260617205745,2457,2073,0.9259259259259259,0.08017908017908018,0.6194979755712874
0.75,0.05933734939759036,full-open_dinov3_torch_power_fallback_login_seed1_login_20260617205745,2490,2106,0.9269076305220884,0.07911646586345382,0.620926139381767
0.7599397590361445,0.05933734939759036,full-open_dinov3_torch_power_fallback_login_seed1_login_20260617205745,2523,2139,0.9278636543797067,0.07808164883075704,0.6224652546147661
0.7698795180722892,0.05933734939759036,full-open_dinov3_torch_power_fallback_login_seed1_login_20260617205745,2556,2172,0.9287949921752738,0.0770735524256651,0.624340986807459
0.7798192771084337,0.05963855421686747,full-open_dinov3_torch_power_fallback_login_seed1_login_20260617205745,2589,2205,0.9297025878717652,0.07647740440324449,0.626297468387219
0.7900602409638554,0.05963855421686747,full-open_dinov3_torch_power_fallback_login_seed1_login_20260617205745,2623,2239,0.9306138009912314,0.07548608463591308,0.6277246008673089
0.8,0.05963855421686747,full-open_dinov3_torch_power_fallback_login_seed1_login_20260617205745,2656,2272,0.9314759036144579,0.07454819277108433,0.6292498961744802
0.8099397590361446,0.05963855421686747,full-open_dinov3_torch_power_fallback_login_seed1_login_20260617205745,2689,2305,0.9323168464113053,0.07363332093715136,0.6315397549800055
0.8198795180722892,0.059939759036144576,full-open_dinov3_torch_power_fallback_login_seed1_login_20260617205745,2722,2338,0.9331373989713446,0.0731080088170463,0.6333304827835183
0.8298192771084337,0.059939759036144576,full-open_dinov3_torch_power_fallback_login_seed1_login_20260617205745,2755,2371,0.9339382940108893,0.07223230490018148,0.6353155877278585
0.8397590361445784,0.059939759036144576,full-open_dinov3_torch_power_fallback_login_seed1_login_20260617205745,2788,2404,0.9347202295552367,0.07137733142037303,0.6374249139253757
0.85,0.059939759036144576,full-open_dinov3_torch_power_fallback_login_seed1_login_20260617205745,2822,2438,0.9355067328136074,0.0705173635719348,0.6393419253299936
0.8599397590361446,0.059939759036144576,full-open_dinov3_torch_power_fallback_login_seed1_login_20260617205745,2855,2471,0.9362521891418564,0.06970227670753065,0.6416295120525869
0.8698795180722891,0.059939759036144576,full-open_dinov3_torch_power_fallback_login_seed1_login_20260617205745,2888,2504,0.9369806094182825,0.06890581717451523,0.6437418183333792
0.8798192771084338,0.060240963855421686,full-open_dinov3_torch_power_fallback_login_seed1_login_20260617205745,2921,2537,0.937692571037316,0.06846970215679561,0.6451485535153291
0.8897590361445783,0.060240963855421686,full-open_dinov3_torch_power_fallback_login_seed1_login_20260617205745,2954,2570,0.9383886255924171,0.06770480704129993,0.6479760771546803
0.9,0.0605421686746988,full-open_dinov3_torch_power_fallback_login_seed1_login_20260617205745,2988,2604,0.9390896921017403,0.06726907630522089,0.6513654901954037
0.9099397590361445,0.0605421686746988,full-open_dinov3_torch_power_fallback_login_seed1_login_20260617205745,3021,2637,0.9397550479973519,0.06653426017874876,0.654420627825209
0.9198795180722892,0.0605421686746988,full-open_dinov3_torch_power_fallback_login_seed1_login_20260617205745,3054,2670,0.9404060248853962,0.06581532416502947,0.6571421697598907
0.9298192771084337,0.0605421686746988,full-open_dinov3_torch_power_fallback_login_seed1_login_20260617205745,3087,2703,0.9410430839002267,0.06511175898931001,0.6599084070843432
0.9397590361445783,0.0605421686746988,full-open_dinov3_torch_power_fallback_login_seed1_login_20260617205745,3120,2736,0.9416666666666667,0.06442307692307692,0.663907513477301
0.95,0.0605421686746988,full-open_dinov3_torch_power_fallback_login_seed1_login_20260617205745,3154,2770,0.9422954977805961,0.0637285986049461,0.6685333997176919
0.9599397590361446,0.0605421686746988,full-open_dinov3_torch_power_fallback_login_seed1_login_20260617205745,3187,2803,0.9428930028239724,0.06306871666143708,0.6765123697768881
0.9698795180722891,0.0605421686746988,full-open_dinov3_torch_power_fallback_login_seed1_login_20260617205745,3220,2836,0.9434782608695652,0.0624223602484472,0.6840461447305184
0.9798192771084338,0.0608433734939759,full-open_dinov3_torch_power_fallback_login_seed1_login_20260617205745,3253,2869,0.9440516446357209,0.06209652628343068,0.6910252263219895
0.9897590361445783,0.06114457831325301,full-open_dinov3_torch_power_fallback_login_seed1_login_20260617205745,3286,2902,0.9446135118685332,0.061777236762020696,0.700591435430185
1.0,0.06114457831325301,full-open_dinov3_torch_power_fallback_login_seed1_login_20260617205745,3320,2936,0.9451807228915663,0.06114457831325301,0.7503323706774239
0.00030120481927710846,0.00030120481927710846,full-open_dinov3_torch_power_fallback_login_seed2_login_20260617205745,1,0,0.0,1.0,0.1535562797235625
0.010240963855421687,0.0033132530120481927,full-open_dinov3_torch_power_fallback_login_seed2_login_20260617205745,34,5,0.6764705882352942,0.3235294117647059,0.41003186379529244
0.020180722891566263,0.007530120481927711,full-open_dinov3_torch_power_fallback_login_seed2_login_20260617205745,67,13,0.6268656716417911,0.373134328358209,0.42201835447325076
0.030120481927710843,0.012048192771084338,full-open_dinov3_torch_power_fallback_login_seed2_login_20260617205745,100,21,0.6,0.4,0.4306523119785012
0.04006024096385542,0.01566265060240964,full-open_dinov3_torch_power_fallback_login_seed2_login_20260617205745,133,28,0.6090225563909775,0.39097744360902253,0.43934366355954746
0.05,0.018674698795180723,full-open_dinov3_torch_power_fallback_login_seed2_login_20260617205745,166,37,0.6265060240963856,0.37349397590361444,0.45074438614123724
0.060240963855421686,0.02319277108433735,full-open_dinov3_torch_power_fallback_login_seed2_login_20260617205745,200,47,0.615,0.385,0.4589289817582975
0.07018072289156627,0.026204819277108434,full-open_dinov3_torch_power_fallback_login_seed2_login_20260617205745,233,60,0.6266094420600858,0.37339055793991416,0.46636725921682
0.08012048192771085,0.029518072289156625,full-open_dinov3_torch_power_fallback_login_seed2_login_20260617205745,266,73,0.631578947368421,0.3684210526315789,0.47274647352162674
0.09006024096385543,0.031927710843373494,full-open_dinov3_torch_power_fallback_login_seed2_login_20260617205745,299,89,0.6454849498327759,0.35451505016722407,0.4793631555701267
0.1,0.033734939759036145,full-open_dinov3_torch_power_fallback_login_seed2_login_20260617205745,332,110,0.6626506024096386,0.3373493975903614,0.4859248281542212
0.11024096385542169,0.03584337349397591,full-open_dinov3_torch_power_fallback_login_seed2_login_20260617205745,366,124,0.674863387978142,0.3251366120218579,0.491645086836558
0.12018072289156627,0.03734939759036145,full-open_dinov3_torch_power_fallback_login_seed2_login_20260617205745,399,146,0.6892230576441103,0.3107769423558897,0.49554072644994857
0.13012048192771083,0.03795180722891566,full-open_dinov3_torch_power_fallback_login_seed2_login_20260617205745,432,170,0.7083333333333334,0.2916666666666667,0.4988771332829417
0.14006024096385541,0.03975903614457831,full-open_dinov3_torch_power_fallback_login_seed2_login_20260617205745,465,194,0.7161290322580646,0.2838709677419355,0.502519517732797
0.15,0.04096385542168675,full-open_dinov3_torch_power_fallback_login_seed2_login_20260617205745,498,217,0.7269076305220884,0.27309236947791166,0.506227735656942
0.1602409638554217,0.0427710843373494,full-open_dinov3_torch_power_fallback_login_seed2_login_20260617205745,532,241,0.7330827067669173,0.2669172932330827,0.5101969404995347
0.17018072289156627,0.04457831325301205,full-open_dinov3_torch_power_fallback_login_seed2_login_20260617205745,565,265,0.7415929203539823,0.26194690265486725,0.513968786983547
0.18012048192771085,0.04578313253012048,full-open_dinov3_torch_power_fallback_login_seed2_login_20260617205745,598,289,0.7491638795986622,0.25418060200668896,0.5170401852081846
0.19006024096385543,0.0463855421686747,full-open_dinov3_torch_power_fallback_login_seed2_login_20260617205745,631,319,0.7591125198098256,0.24405705229793978,0.5196347900597581
0.2,0.04759036144578313,full-open_dinov3_torch_power_fallback_login_seed2_login_20260617205745,664,345,0.766566265060241,0.23795180722891565,0.5224891175846688
0.2099397590361446,0.048493975903614456,full-open_dinov3_torch_power_fallback_login_seed2_login_20260617205745,697,371,0.7733142037302726,0.2309899569583931,0.5252195611154493
0.22018072289156626,0.04909638554216868,full-open_dinov3_torch_power_fallback_login_seed2_login_20260617205745,731,403,0.7824897400820794,0.22298221614227087,0.5281084115150647
0.23012048192771084,0.04909638554216868,full-open_dinov3_torch_power_fallback_login_seed2_login_20260617205745,764,433,0.7918848167539267,0.21335078534031413,0.5307017090643897
0.24006024096385542,0.05,full-open_dinov3_torch_power_fallback_login_seed2_login_20260617205745,797,461,0.7992471769134254,0.20828105395232122,0.5326949216833519
0.25,0.05090361445783133,full-open_dinov3_torch_power_fallback_login_seed2_login_20260617205745,830,489,0.8036144578313253,0.2036144578313253,0.5345415701405946
0.2599397590361446,0.05120481927710843,full-open_dinov3_torch_power_fallback_login_seed2_login_20260617205745,863,519,0.8099652375434531,0.1969872537659328,0.5365674028865569
0.27018072289156625,0.051807228915662654,full-open_dinov3_torch_power_fallback_login_seed2_login_20260617205745,897,549,0.8160535117056856,0.19175027870680045,0.538879455368401
0.28012048192771083,0.05271084337349398,full-open_dinov3_torch_power_fallback_login_seed2_login_20260617205745,930,577,0.8193548387096774,0.1881720430107527,0.5416953092589117
0.2900602409638554,0.053313253012048194,full-open_dinov3_torch_power_fallback_login_seed2_login_20260617205745,963,606,0.8245067497403946,0.1838006230529595,0.5442569942708374
0.3,0.053614457831325305,full-open_dinov3_torch_power_fallback_login_seed2_login_20260617205745,996,638,0.8303212851405622,0.178714859437751,0.5466212850313392
0.30993975903614457,0.053614457831325305,full-open_dinov3_torch_power_fallback_login_seed2_login_20260617205745,1029,670,0.8357628765792031,0.1729834791059281,0.548161324308705
0.32018072289156624,0.05451807228915663,full-open_dinov3_torch_power_fallback_login_seed2_login_20260617205745,1063,701,0.8381937911571026,0.1702728127939793,0.5503163943397242
0.3301204819277108,0.05451807228915663,full-open_dinov3_torch_power_fallback_login_seed2_login_20260617205745,1096,732,0.843065693430657,0.16514598540145986,0.552082137428164
0.3400602409638554,0.054819277108433734,full-open_dinov3_torch_power_fallback_login_seed2_login_20260617205745,1129,765,0.8476527900797166,0.1612046058458813,0.5536392256496246
0.35,0.054819277108433734,full-open_dinov3_torch_power_fallback_login_seed2_login_20260617205745,1162,796,0.8519793459552496,0.1566265060240964,0.555055390492308
0.35993975903614456,0.05542168674698795,full-open_dinov3_torch_power_fallback_login_seed2_login_20260617205745,1195,827,0.8543933054393306,0.15397489539748954,0.556342605349204
0.3701807228915663,0.05542168674698795,full-open_dinov3_torch_power_fallback_login_seed2_login_20260617205745,1229,860,0.8584214808787632,0.1497152156224573,0.5583216771098998
0.38012048192771086,0.056325301204819274,full-open_dinov3_torch_power_fallback_login_seed2_login_20260617205745,1262,890,0.8613312202852615,0.14817749603803487,0.5602819250173767
0.39006024096385544,0.056626506024096385,full-open_dinov3_torch_power_fallback_login_seed2_login_20260617205745,1295,923,0.8648648648648649,0.14517374517374518,0.5619725563372341
0.4,0.056626506024096385,full-open_dinov3_torch_power_fallback_login_seed2_login_20260617205745,1328,954,0.8682228915662651,0.14156626506024098,0.563541266507241
0.4099397590361446,0.0572289156626506,full-open_dinov3_torch_power_fallback_login_seed2_login_20260617205745,1361,985,0.8699485672299779,0.13960323291697282,0.5651943946839182
0.4198795180722892,0.05753012048192771,full-open_dinov3_torch_power_fallback_login_seed2_login_20260617205745,1394,1018,0.8730272596843616,0.13701578192252512,0.567069445723771
0.43012048192771085,0.05753012048192771,full-open_dinov3_torch_power_fallback_login_seed2_login_20260617205745,1428,1052,0.8760504201680672,0.13375350140056022,0.5689730913738811
0.44006024096385543,0.05753012048192771,full-open_dinov3_torch_power_fallback_login_seed2_login_20260617205745,1461,1085,0.8788501026694046,0.13073237508555785,0.5701405915161428
0.45,0.05753012048192771,full-open_dinov3_torch_power_fallback_login_seed2_login_20260617205745,1494,1115,0.8815261044176707,0.1278447121820616,0.5715029563621091
0.4599397590361446,0.058132530120481925,full-open_dinov3_torch_power_fallback_login_seed2_login_20260617205745,1527,1146,0.8827766863130321,0.12639161755075312,0.5733264794489938
0.46987951807228917,0.058132530120481925,full-open_dinov3_torch_power_fallback_login_seed2_login_20260617205745,1560,1179,0.8852564102564102,0.12371794871794872,0.574852699434775
0.48012048192771084,0.058132530120481925,full-open_dinov3_torch_power_fallback_login_seed2_login_20260617205745,1594,1213,0.8877038895859473,0.12107904642409034,0.5765323714094573
0.4900602409638554,0.058433734939759036,full-open_dinov3_torch_power_fallback_login_seed2_login_20260617205745,1627,1246,0.8899815611555009,0.11923786109403811,0.5786412226100155
0.5,0.058433734939759036,full-open_dinov3_torch_power_fallback_login_seed2_login_20260617205745,1660,1279,0.8921686746987951,0.11686746987951807,0.5800809132032674
0.5099397590361445,0.058433734939759036,full-open_dinov3_torch_power_fallback_login_seed2_login_20260617205745,1693,1311,0.8942705256940343,0.11458948611931483,0.580968430427075
0.5198795180722892,0.058433734939759036,full-open_dinov3_torch_power_fallback_login_seed2_login_20260617205745,1726,1344,0.8962920046349943,0.11239860950173812,0.5826936259257486
0.5301204819277109,0.058433734939759036,full-open_dinov3_torch_power_fallback_login_seed2_login_20260617205745,1760,1378,0.8982954545454546,0.11022727272727273,0.5838224821020389
0.5400602409638554,0.058433734939759036,full-open_dinov3_torch_power_fallback_login_seed2_login_20260617205745,1793,1411,0.9001673173452315,0.10819854991634133,0.5857517936437574
0.55,0.058433734939759036,full-open_dinov3_torch_power_fallback_login_seed2_login_20260617205745,1826,1444,0.9019715224534501,0.10624315443592552,0.5871310112170749
0.5599397590361446,0.058433734939759036,full-open_dinov3_torch_power_fallback_login_seed2_login_20260617205745,1859,1477,0.9037116729424421,0.1043571812802582,0.5887878184064457
0.5698795180722892,0.058433734939759036,full-open_dinov3_torch_power_fallback_login_seed2_login_20260617205745,1892,1510,0.9053911205073996,0.10253699788583509,0.5900642461555383
0.5801204819277108,0.058433734939759036,full-open_dinov3_torch_power_fallback_login_seed2_login_20260617205745,1926,1544,0.907061266874351,0.10072689511941849,0.5916459519292768
0.5900602409638555,0.058433734939759036,full-open_dinov3_torch_power_fallback_login_seed2_login_20260617205745,1959,1577,0.9086268504338948,0.09903011740684023,0.5928246020624353
0.6,0.058433734939759036,full-open_dinov3_torch_power_fallback_login_seed2_login_20260617205745,1992,1610,0.910140562248996,0.09738955823293173,0.5940562721605158
0.6099397590361446,0.058433734939759036,full-open_dinov3_torch_power_fallback_login_seed2_login_20260617205745,2025,1643,0.9116049382716049,0.09580246913580247,0.5958634234370404
0.6198795180722891,0.058433734939759036,full-open_dinov3_torch_power_fallback_login_seed2_login_20260617205745,2058,1676,0.913022351797862,0.09426627793974733,0.5968338418877165
0.6298192771084338,0.058433734939759036,full-open_dinov3_torch_power_fallback_login_seed2_login_20260617205745,2091,1709,0.9143950263032042,0.09277857484457197,0.5982659402982031
0.6400602409638554,0.058433734939759036,full-open_dinov3_torch_power_fallback_login_seed2_login_20260617205745,2125,1743,0.9157647058823529,0.09129411764705882,0.6000937912710715
0.65,0.058433734939759036,full-open_dinov3_torch_power_fallback_login_seed2_login_20260617205745,2158,1776,0.9170528266913809,0.08989805375347544,0.6023862785287468
0.6599397590361445,0.058734939759036146,full-open_dinov3_torch_power_fallback_login_seed2_login_20260617205745,2191,1808,0.9183021451392058,0.08900045641259699,0.6036753837467765
0.6698795180722892,0.058734939759036146,full-open_dinov3_torch_power_fallback_login_seed2_login_20260617205745,2224,1841,0.9195143884892086,0.08767985611510791,0.6048579829744386
0.6798192771084337,0.058734939759036146,full-open_dinov3_torch_power_fallback_login_seed2_login_20260617205745,2257,1873,0.920691182986265,0.08639787328311918,0.6061909270673634
0.6900602409638554,0.05903614457831325,full-open_dinov3_torch_power_fallback_login_seed2_login_20260617205745,2291,1907,0.9218681798341336,0.08555216062854648,0.6079329782686727
0.7,0.05903614457831325,full-open_dinov3_torch_power_fallback_login_seed2_login_20260617205745,2324,1940,0.9229776247848537,0.08433734939759036,0.6095048391702635
0.7099397590361446,0.05903614457831325,full-open_dinov3_torch_power_fallback_login_seed2_login_20260617205745,2357,1973,0.9240560033941451,0.0831565549427238,0.61077623147381
0.7198795180722891,0.05903614457831325,full-open_dinov3_torch_power_fallback_login_seed2_login_20260617205745,2390,2006,0.9251046025104602,0.08200836820083682,0.6122586805415787
0.7298192771084338,0.05903614457831325,full-open_dinov3_torch_power_fallback_login_seed2_login_20260617205745,2423,2039,0.9261246388774247,0.08089145687164671,0.6136732690254186
0.7400602409638555,0.05903614457831325,full-open_dinov3_torch_power_fallback_login_seed2_login_20260617205745,2457,2073,0.9271469271469271,0.07977207977207977,0.6156472955601809
0.75,0.05903614457831325,full-open_dinov3_torch_power_fallback_login_seed2_login_20260617205745,2490,2106,0.9281124497991968,0.078714859437751,0.6170843949208619
0.7599397590361445,0.05933734939759036,full-open_dinov3_torch_power_fallback_login_seed2_login_20260617205745,2523,2139,0.9290527150217994,0.07808164883075704,0.6184917610377396
0.7698795180722892,0.05933734939759036,full-open_dinov3_torch_power_fallback_login_seed2_login_20260617205745,2556,2172,0.9299687010954617,0.0770735524256651,0.6199182179370913
0.7798192771084337,0.05933734939759036,full-open_dinov3_torch_power_fallback_login_seed2_login_20260617205745,2589,2205,0.9308613364233295,0.07609115488605639,0.6212808735749491
0.7900602409638554,0.05933734939759036,full-open_dinov3_torch_power_fallback_login_seed2_login_20260617205745,2623,2239,0.931757529546321,0.07510484178421654,0.623485299662411
0.8,0.059939759036144576,full-open_dinov3_torch_power_fallback_login_seed2_login_20260617205745,2656,2272,0.932605421686747,0.07492469879518072,0.6251809649835951
0.8099397590361446,0.059939759036144576,full-open_dinov3_torch_power_fallback_login_seed2_login_20260617205745,2689,2305,0.9334325027891409,0.07400520639642989,0.6269549487813733
0.8198795180722892,0.060240963855421686,full-open_dinov3_torch_power_fallback_login_seed2_login_20260617205745,2722,2338,0.9342395297575312,0.07347538574577517,0.6287523609152866
0.8298192771084337,0.060240963855421686,full-open_dinov3_torch_power_fallback_login_seed2_login_20260617205745,2755,2371,0.93502722323049,0.07259528130671507,0.6307683416337063
0.8397590361445784,0.060240963855421686,full-open_dinov3_torch_power_fallback_login_seed2_login_20260617205745,2788,2404,0.9357962697274032,0.07173601147776183,0.6327988286290669
0.85,0.060240963855421686,full-open_dinov3_torch_power_fallback_login_seed2_login_20260617205745,2822,2438,0.9365698086463501,0.07087172218284904,0.6353250871132501
0.8599397590361446,0.060240963855421686,full-open_dinov3_torch_power_fallback_login_seed2_login_20260617205745,2855,2471,0.9373029772329247,0.07005253940455342,0.6371694988756011
0.8698795180722891,0.060240963855421686,full-open_dinov3_torch_power_fallback_login_seed2_login_20260617205745,2888,2504,0.9380193905817175,0.06925207756232687,0.6398518931873106
0.8798192771084338,0.060240963855421686,full-open_dinov3_torch_power_fallback_login_seed2_login_20260617205745,2921,2537,0.938719616569668,0.06846970215679561,0.641595973230318
0.8897590361445783,0.060240963855421686,full-open_dinov3_torch_power_fallback_login_seed2_login_20260617205745,2954,2570,0.9394041976980365,0.06770480704129993,0.6445445309595313
0.9,0.060240963855421686,full-open_dinov3_torch_power_fallback_login_seed2_login_20260617205745,2988,2604,0.9400937081659974,0.06693440428380187,0.6475258225101918
0.9099397590361445,0.060240963855421686,full-open_dinov3_torch_power_fallback_login_seed2_login_20260617205745,3021,2637,0.9407480966567362,0.066203243958954,0.6503164724254082
0.9198795180722892,0.0605421686746988,full-open_dinov3_torch_power_fallback_login_seed2_login_20260617205745,3054,2670,0.9413883431565161,0.06581532416502947,0.653832143967135
0.9298192771084337,0.0605421686746988,full-open_dinov3_torch_power_fallback_login_seed2_login_20260617205745,3087,2703,0.9420149011985747,0.06511175898931001,0.6578106258962408
0.9397590361445783,0.0605421686746988,full-open_dinov3_torch_power_fallback_login_seed2_login_20260617205745,3120,2736,0.9426282051282051,0.06442307692307692,0.6614198332285174
0.95,0.0608433734939759,full-open_dinov3_torch_power_fallback_login_seed2_login_20260617205745,3154,2770,0.9432466708941027,0.06404565630944832,0.6662429166183893
0.9599397590361446,0.06114457831325301,full-open_dinov3_torch_power_fallback_login_seed2_login_20260617205745,3187,2803,0.9438343269532475,0.06369626608095387,0.6718664929879137
0.9698795180722891,0.06144578313253012,full-open_dinov3_torch_power_fallback_login_seed2_login_20260617205745,3220,2836,0.9444099378881987,0.06335403726708075,0.6780890453913603
0.9798192771084338,0.06144578313253012,full-open_dinov3_torch_power_fallback_login_seed2_login_20260617205745,3253,2869,0.9449738702735936,0.06271134337534584,0.6856711464775525
0.9897590361445783,0.06144578313253012,full-open_dinov3_torch_power_fallback_login_seed2_login_20260617205745,3286,2902,0.9455264759586123,0.0620815581253804,0.6980769353088566
1.0,0.06144578313253012,full-open_dinov3_torch_power_fallback_login_seed2_login_20260617205745,3320,2936,0.9460843373493976,0.06144578313253012,0.7516967971468383
