cal_goodput,cal_goodput_per_resource,cal_openout,cal_openout_upper,cal_refine_rate,cal_resource_per_sample,method,q1,q2,qr,resource_budget,route,seed,target_openout,task,threshold
0.0,,0.0,0.0,,,dino_detector,,,,0.6,,0,0.01,full-open,-8.799814725662758e-07
0.2769097222222222,,0.0,0.00836085468725131,,,ensemble_detector,,,,0.6,,0,0.01,full-open,0.001545183894024286
0.0,,0.0,0.0,,,deepjscc_pca,,,,0.6,,0,0.01,full-open,-9.99967099539866e-07
0.2751736111111111,,0.0,0.008413160765942965,,,witt_context_style,,,,0.6,,0,0.01,full-open,0.0014366508029897114
0.2751736111111111,,0.0,0.008413160765942965,,,fixed_refine_all,,,,0.6,,0,0.01,full-open,0.0014366508029897114
0.3055555555555556,0.5641025641025641,0.0,0.007582968319341756,0.1996527777777778,0.5416666666666666,opensemcom_progressive,0.000657476064018192,0.2954110913472438,0.005156034450623227,0.6,dino_core,0,0.01,full-open,
0.0,,0.0,0.0,,,dino_detector,,,,0.8,,0,0.01,full-open,-8.799814725662758e-07
0.2769097222222222,,0.0,0.00836085468725131,,,ensemble_detector,,,,0.8,,0,0.01,full-open,0.001545183894024286
0.0,,0.0,0.0,,,deepjscc_pca,,,,0.8,,0,0.01,full-open,-9.99967099539866e-07
0.2751736111111111,,0.0,0.008413160765942965,,,witt_context_style,,,,0.8,,0,0.01,full-open,0.0014366508029897114
0.2751736111111111,,0.0,0.008413160765942965,,,fixed_refine_all,,,,0.8,,0,0.01,full-open,0.0014366508029897114
0.3055555555555556,0.5641025641025641,0.0,0.007582968319341756,0.1996527777777778,0.5416666666666666,opensemcom_progressive,0.000657476064018192,0.2954110913472438,0.005156034450623227,0.8,dino_core,0,0.01,full-open,
0.0,,0.0,0.0,,,dino_detector,,,,1.0,,0,0.01,full-open,-8.799814725662758e-07
0.2769097222222222,,0.0,0.00836085468725131,,,ensemble_detector,,,,1.0,,0,0.01,full-open,0.001545183894024286
0.0,,0.0,0.0,,,deepjscc_pca,,,,1.0,,0,0.01,full-open,-9.99967099539866e-07
0.2751736111111111,,0.0,0.008413160765942965,,,witt_context_style,,,,1.0,,0,0.01,full-open,0.0014366508029897114
0.2751736111111111,,0.0,0.008413160765942965,,,fixed_refine_all,,,,1.0,,0,0.01,full-open,0.0014366508029897114
0.3055555555555556,0.5641025641025641,0.0,0.007582968319341756,0.1996527777777778,0.5416666666666666,opensemcom_progressive,0.000657476064018192,0.2954110913472438,0.005156034450623227,1.0,dino_core,0,0.01,full-open,
0.22395833333333334,,0.003861003861003861,0.017055396195557473,,,dino_detector,,,,0.6,,0,0.02,full-open,0.003244470132682444
0.2994791666666667,,0.002890173410404624,0.012801746923992054,,,ensemble_detector,,,,0.6,,0,0.02,full-open,0.003146479664906919
0.0,,0.0,0.0,,,deepjscc_pca,,,,0.6,,0,0.02,full-open,-9.99967099539866e-07
0.2994791666666667,,0.002890173410404624,0.012801746923992054,,,witt_context_style,,,,0.6,,0,0.02,full-open,0.003235464892213283
0.2994791666666667,,0.002890173410404624,0.012801746923992054,,,fixed_refine_all,,,,0.6,,0,0.02,full-open,0.003235464892213283
0.3116319444444444,0.6365248226950354,0.00554016620498615,0.016553188397993662,0.11284722222222222,0.4895833333333333,opensemcom_progressive,0.005156034450623227,0.2954110913472438,0.005156034450623227,0.6,dino_core,0,0.02,full-open,
0.22395833333333334,,0.003861003861003861,0.017055396195557473,,,dino_detector,,,,0.8,,0,0.02,full-open,0.003244470132682444
0.2994791666666667,,0.002890173410404624,0.012801746923992054,,,ensemble_detector,,,,0.8,,0,0.02,full-open,0.003146479664906919
0.0,,0.0,0.0,,,deepjscc_pca,,,,0.8,,0,0.02,full-open,-9.99967099539866e-07
0.2994791666666667,,0.002890173410404624,0.012801746923992054,,,witt_context_style,,,,0.8,,0,0.02,full-open,0.003235464892213283
0.2994791666666667,,0.002890173410404624,0.012801746923992054,,,fixed_refine_all,,,,0.8,,0,0.02,full-open,0.003235464892213283
0.3116319444444444,0.6365248226950354,0.00554016620498615,0.016553188397993662,0.11284722222222222,0.4895833333333333,opensemcom_progressive,0.005156034450623227,0.2954110913472438,0.005156034450623227,0.8,dino_core,0,0.02,full-open,
0.22395833333333334,,0.003861003861003861,0.017055396195557473,,,dino_detector,,,,1.0,,0,0.02,full-open,0.003244470132682444
0.2994791666666667,,0.002890173410404624,0.012801746923992054,,,ensemble_detector,,,,1.0,,0,0.02,full-open,0.003146479664906919
0.0,,0.0,0.0,,,deepjscc_pca,,,,1.0,,0,0.02,full-open,-9.99967099539866e-07
0.2994791666666667,,0.002890173410404624,0.012801746923992054,,,witt_context_style,,,,1.0,,0,0.02,full-open,0.003235464892213283
0.2994791666666667,,0.002890173410404624,0.012801746923992054,,,fixed_refine_all,,,,1.0,,0,0.02,full-open,0.003235464892213283
0.3116319444444444,0.6365248226950354,0.00554016620498615,0.016553188397993662,0.11284722222222222,0.4895833333333333,opensemcom_progressive,0.005156034450623227,0.2954110913472438,0.005156034450623227,1.0,dino_core,0,0.02,full-open,
0.2960069444444444,,0.014450867052023121,0.029326365948817334,,,dino_detector,,,,0.6,,0,0.05,full-open,0.018280373043644955
0.3203125,,0.016,0.030581982623098632,,,ensemble_detector,,,,0.6,,0,0.05,full-open,0.07239222613889966
0.050347222222222224,,0.0,0.044317313015739095,,,deepjscc_pca,,,,0.6,,0,0.05,full-open,0.0059566125874983035
0.3203125,,0.016,0.030581982623098632,,,witt_context_style,,,,0.6,,0,0.05,full-open,0.06299978973437002
0.3203125,,0.016,0.030581982623098632,,,fixed_refine_all,,,,0.6,,0,0.05,full-open,0.06299978973437002
0.3289930555555556,0.6073717948717948,0.030690537084398978,0.048508937149042405,0.13975694444444445,0.5416666666666666,opensemcom_progressive,0.0006525059716832531,0.5719399877798504,0.25437105294836476,0.6,dino_channel_fusion_core,0,0.05,full-open,
0.2960069444444444,,0.014450867052023121,0.029326365948817334,,,dino_detector,,,,0.8,,0,0.05,full-open,0.018280373043644955
0.3203125,,0.016,0.030581982623098632,,,ensemble_detector,,,,0.8,,0,0.05,full-open,0.07239222613889966
0.050347222222222224,,0.0,0.044317313015739095,,,deepjscc_pca,,,,0.8,,0,0.05,full-open,0.0059566125874983035
0.3203125,,0.016,0.030581982623098632,,,witt_context_style,,,,0.8,,0,0.05,full-open,0.06299978973437002
0.3203125,,0.016,0.030581982623098632,,,fixed_refine_all,,,,0.8,,0,0.05,full-open,0.06299978973437002
0.3289930555555556,0.6073717948717948,0.030690537084398978,0.048508937149042405,0.13975694444444445,0.5416666666666666,opensemcom_progressive,0.0006525059716832531,0.5719399877798504,0.25437105294836476,0.8,dino_channel_fusion_core,0,0.05,full-open,
0.2960069444444444,,0.014450867052023121,0.029326365948817334,,,dino_detector,,,,1.0,,0,0.05,full-open,0.018280373043644955
0.3203125,,0.016,0.030581982623098632,,,ensemble_detector,,,,1.0,,0,0.05,full-open,0.07239222613889966
0.050347222222222224,,0.0,0.044317313015739095,,,deepjscc_pca,,,,1.0,,0,0.05,full-open,0.0059566125874983035
0.3203125,,0.016,0.030581982623098632,,,witt_context_style,,,,1.0,,0,0.05,full-open,0.06299978973437002
0.3203125,,0.016,0.030581982623098632,,,fixed_refine_all,,,,1.0,,0,0.05,full-open,0.06299978973437002
0.3289930555555556,0.6073717948717948,0.030690537084398978,0.048508937149042405,0.13975694444444445,0.5416666666666666,opensemcom_progressive,0.0006525059716832531,0.5719399877798504,0.25437105294836476,1.0,dino_channel_fusion_core,0,0.05,full-open,
0.3151041666666667,,0.032,0.05055418399681381,,,dino_detector,,,,0.6,,0,0.1,full-open,0.0910304466551358
0.3315972222222222,,0.052109181141439205,0.07341659283219396,,,ensemble_detector,,,,0.6,,0,0.1,full-open,0.5452396371336341
0.14149305555555555,,0.057803468208092484,0.0942306628969869,,,deepjscc_pca,,,,0.6,,0,0.1,full-open,0.100599022265667
0.3315972222222222,,0.052109181141439205,0.07341659283219396,,,witt_context_style,,,,0.6,,0,0.1,full-open,0.5452771322722626
0.3203125,,0.016,0.030581982623098632,,,fixed_refine_all,,,,0.6,,0,0.1,full-open,0.06299978973437002
0.3315972222222222,0.799330403850178,0.052109181141439205,0.07341659283219396,0.0,0.41484374999999996,opensemcom_progressive,0.5501669263930231,0.5501669263930231,3.702290900395129e-07,0.6,ensemble_core,0,0.1,full-open,
0.3151041666666667,,0.032,0.05055418399681381,,,dino_detector,,,,0.8,,0,0.1,full-open,0.0910304466551358
0.3315972222222222,,0.052109181141439205,0.07341659283219396,,,ensemble_detector,,,,0.8,,0,0.1,full-open,0.5452396371336341
0.14149305555555555,,0.057803468208092484,0.0942306628969869,,,deepjscc_pca,,,,0.8,,0,0.1,full-open,0.100599022265667
0.3315972222222222,,0.052109181141439205,0.07341659283219396,,,witt_context_style,,,,0.8,,0,0.1,full-open,0.5452771322722626
0.3315972222222222,,0.052109181141439205,0.07341659283219396,,,fixed_refine_all,,,,0.8,,0,0.1,full-open,0.5452771322722626
0.3315972222222222,0.799330403850178,0.052109181141439205,0.07341659283219396,0.0,0.41484374999999996,opensemcom_progressive,0.5501669263930231,0.5501669263930231,3.702290900395129e-07,0.8,ensemble_core,0,0.1,full-open,
0.3151041666666667,,0.032,0.05055418399681381,,,dino_detector,,,,1.0,,0,0.1,full-open,0.0910304466551358
0.3315972222222222,,0.052109181141439205,0.07341659283219396,,,ensemble_detector,,,,1.0,,0,0.1,full-open,0.5452396371336341
0.14149305555555555,,0.057803468208092484,0.0942306628969869,,,deepjscc_pca,,,,1.0,,0,0.1,full-open,0.100599022265667
0.3315972222222222,,0.052109181141439205,0.07341659283219396,,,witt_context_style,,,,1.0,,0,0.1,full-open,0.5452771322722626
0.3315972222222222,,0.052109181141439205,0.07341659283219396,,,fixed_refine_all,,,,1.0,,0,0.1,full-open,0.5452771322722626
0.3315972222222222,0.799330403850178,0.052109181141439205,0.07341659283219396,0.0,0.41484374999999996,opensemcom_progressive,0.5501669263930231,0.5501669263930231,3.702290900395129e-07,1.0,ensemble_core,0,0.1,full-open,
0.0,,0.0,0.0,,,dino_detector,,,,0.6,,0,0.01,deepsense-beam,5.154905647567032e-05
0.0,,0.0,0.0,,,ensemble_detector,,,,0.6,,0,0.01,deepsense-beam,8.836338187185766e-06
0.0,,0.0,0.0,,,deepjscc_pca,,,,0.6,,0,0.01,deepsense-beam,0.0011835795347757427
0.0,,0.0,0.0,,,witt_context_style,,,,0.6,,0,0.01,deepsense-beam,8.9985067476549e-06
0.0,,0.0,0.0,,,fixed_refine_all,,,,0.6,,0,0.01,deepsense-beam,8.9985067476549e-06
0.0,0.0,0.0,0.0,0.0,0.1,opensemcom_progressive,9.9985067476549e-06,9.9985067476549e-06,9.9985067476549e-06,0.6,dino_core,0,0.01,deepsense-beam,
0.0,,0.0,0.0,,,dino_detector,,,,0.8,,0,0.01,deepsense-beam,5.154905647567032e-05
0.0,,0.0,0.0,,,ensemble_detector,,,,0.8,,0,0.01,deepsense-beam,8.836338187185766e-06
0.0,,0.0,0.0,,,deepjscc_pca,,,,0.8,,0,0.01,deepsense-beam,0.0011835795347757427
0.0,,0.0,0.0,,,witt_context_style,,,,0.8,,0,0.01,deepsense-beam,8.9985067476549e-06
0.0,,0.0,0.0,,,fixed_refine_all,,,,0.8,,0,0.01,deepsense-beam,8.9985067476549e-06
0.0,0.0,0.0,0.0,0.0,0.1,opensemcom_progressive,9.9985067476549e-06,9.9985067476549e-06,9.9985067476549e-06,0.8,dino_core,0,0.01,deepsense-beam,
0.0,,0.0,0.0,,,dino_detector,,,,1.0,,0,0.01,deepsense-beam,5.154905647567032e-05
0.0,,0.0,0.0,,,ensemble_detector,,,,1.0,,0,0.01,deepsense-beam,8.836338187185766e-06
0.0,,0.0,0.0,,,deepjscc_pca,,,,1.0,,0,0.01,deepsense-beam,0.0011835795347757427
0.0,,0.0,0.0,,,witt_context_style,,,,1.0,,0,0.01,deepsense-beam,8.9985067476549e-06
0.0,,0.0,0.0,,,fixed_refine_all,,,,1.0,,0,0.01,deepsense-beam,8.9985067476549e-06
0.0,0.0,0.0,0.0,0.0,0.1,opensemcom_progressive,9.9985067476549e-06,9.9985067476549e-06,9.9985067476549e-06,1.0,dino_core,0,0.01,deepsense-beam,
0.0,,0.0,0.0,,,dino_detector,,,,0.6,,0,0.02,deepsense-beam,5.154905647567032e-05
0.0,,0.0,0.0,,,ensemble_detector,,,,0.6,,0,0.02,deepsense-beam,8.836338187185766e-06
0.0,,0.0,0.0,,,deepjscc_pca,,,,0.6,,0,0.02,deepsense-beam,0.0011835795347757427
0.0,,0.0,0.0,,,witt_context_style,,,,0.6,,0,0.02,deepsense-beam,8.9985067476549e-06
0.0,,0.0,0.0,,,fixed_refine_all,,,,0.6,,0,0.02,deepsense-beam,8.9985067476549e-06
0.0,0.0,0.0,0.0,0.0,0.1,opensemcom_progressive,9.9985067476549e-06,9.9985067476549e-06,9.9985067476549e-06,0.6,dino_core,0,0.02,deepsense-beam,
0.0,,0.0,0.0,,,dino_detector,,,,0.8,,0,0.02,deepsense-beam,5.154905647567032e-05
0.0,,0.0,0.0,,,ensemble_detector,,,,0.8,,0,0.02,deepsense-beam,8.836338187185766e-06
0.0,,0.0,0.0,,,deepjscc_pca,,,,0.8,,0,0.02,deepsense-beam,0.0011835795347757427
0.0,,0.0,0.0,,,witt_context_style,,,,0.8,,0,0.02,deepsense-beam,8.9985067476549e-06
0.0,,0.0,0.0,,,fixed_refine_all,,,,0.8,,0,0.02,deepsense-beam,8.9985067476549e-06
0.0,0.0,0.0,0.0,0.0,0.1,opensemcom_progressive,9.9985067476549e-06,9.9985067476549e-06,9.9985067476549e-06,0.8,dino_core,0,0.02,deepsense-beam,
0.0,,0.0,0.0,,,dino_detector,,,,1.0,,0,0.02,deepsense-beam,5.154905647567032e-05
0.0,,0.0,0.0,,,ensemble_detector,,,,1.0,,0,0.02,deepsense-beam,8.836338187185766e-06
0.0,,0.0,0.0,,,deepjscc_pca,,,,1.0,,0,0.02,deepsense-beam,0.0011835795347757427
0.0,,0.0,0.0,,,witt_context_style,,,,1.0,,0,0.02,deepsense-beam,8.9985067476549e-06
0.0,,0.0,0.0,,,fixed_refine_all,,,,1.0,,0,0.02,deepsense-beam,8.9985067476549e-06
0.0,0.0,0.0,0.0,0.0,0.1,opensemcom_progressive,9.9985067476549e-06,9.9985067476549e-06,9.9985067476549e-06,1.0,dino_core,0,0.02,deepsense-beam,
0.0,,0.0,0.0,,,dino_detector,,,,0.6,,0,0.05,deepsense-beam,5.154905647567032e-05
0.453125,,0.0,0.044317313015739095,,,ensemble_detector,,,,0.6,,0,0.05,deepsense-beam,0.0032229827118593506
0.0,,0.0,0.0,,,deepjscc_pca,,,,0.6,,0,0.05,deepsense-beam,0.0011835795347757427
0.0,,0.0,0.0,,,witt_context_style,,,,0.6,,0,0.05,deepsense-beam,8.9985067476549e-06
0.0,,0.0,0.0,,,fixed_refine_all,,,,0.6,,0,0.05,deepsense-beam,8.9985067476549e-06
0.5234375,0.9165526675786595,0.0,0.03859399393883735,0.0,0.57109375,opensemcom_progressive,0.0037113376009677568,0.0037113376009677568,9.9985067476549e-06,0.6,dino_channel_fusion_core,0,0.05,deepsense-beam,
0.0,,0.0,0.0,,,dino_detector,,,,0.8,,0,0.05,deepsense-beam,5.154905647567032e-05
0.5,,0.0,0.04033012643650584,,,ensemble_detector,,,,0.8,,0,0.05,deepsense-beam,0.004691137242765819
0.0,,0.0,0.0,,,deepjscc_pca,,,,0.8,,0,0.05,deepsense-beam,0.0011835795347757427
0.5,,0.0,0.04033012643650584,,,witt_context_style,,,,0.8,,0,0.05,deepsense-beam,0.00495150667520633
0.453125,,0.0,0.044317313015739095,,,fixed_refine_all,,,,0.8,,0,0.05,deepsense-beam,0.003049828708704116
0.546875,0.8083140877598152,0.0,0.03700116660430102,0.0703125,0.6765625000000001,opensemcom_progressive,0.0037113376009677568,0.007664353074110175,0.007664353074110175,0.8,dino_channel_fusion_core,0,0.05,deepsense-beam,
0.0,,0.0,0.0,,,dino_detector,,,,1.0,,0,0.05,deepsense-beam,5.154905647567032e-05
0.5,,0.0,0.04033012643650584,,,ensemble_detector,,,,1.0,,0,0.05,deepsense-beam,0.004691137242765819
0.0,,0.0,0.0,,,deepjscc_pca,,,,1.0,,0,0.05,deepsense-beam,0.0011835795347757427
0.5,,0.0,0.04033012643650584,,,witt_context_style,,,,1.0,,0,0.05,deepsense-beam,0.00495150667520633
0.5,,0.0,0.04033012643650584,,,fixed_refine_all,,,,1.0,,0,0.05,deepsense-beam,0.00495150667520633
0.546875,0.8083140877598152,0.0,0.03700116660430102,0.0703125,0.6765625000000001,opensemcom_progressive,0.0037113376009677568,0.007664353074110175,0.007664353074110175,1.0,dino_channel_fusion_core,0,0.05,deepsense-beam,
0.53125,,0.02857142857142857,0.08250104686743145,,,dino_detector,,,,0.6,,0,0.1,deepsense-beam,0.012265388001406089
0.453125,,0.0,0.044317313015739095,,,ensemble_detector,,,,0.6,,0,0.1,deepsense-beam,0.0032229827118593506
0.0,,0.0,0.0,,,deepjscc_pca,,,,0.6,,0,0.1,deepsense-beam,0.0011835795347757427
0.375,,0.0,0.053060193807013656,,,witt_context_style,,,,0.6,,0,0.1,deepsense-beam,0.0015598587460759206
0.328125,,0.0,0.060184024918549274,,,fixed_refine_all,,,,0.6,,0,0.1,deepsense-beam,0.0010729194640533013
0.5390625,0.9102902374670185,0.014285714285714285,0.061309894395961566,0.0,0.5921875,opensemcom_progressive,0.004996897453675667,0.004996897453675667,9.9985067476549e-06,0.6,dino_channel_fusion_core,0,0.1,deepsense-beam,
0.734375,,0.050505050505050504,0.09993964387389284,,,dino_detector,,,,0.8,,0,0.1,deepsense-beam,0.09191470042480077
0.609375,,0.025,0.0725676198866076,,,ensemble_detector,,,,0.8,,0,0.1,deepsense-beam,0.02186225549443853
0.0,,0.0,0.0,,,deepjscc_pca,,,,0.8,,0,0.1,deepsense-beam,0.0011835795347757427
0.515625,,0.014925373134328358,0.06394331897860511,,,witt_context_style,,,,0.8,,0,0.1,deepsense-beam,0.009075623671898408
0.453125,,0.0,0.044317313015739095,,,fixed_refine_all,,,,0.8,,0,0.1,deepsense-beam,0.003049828708704116
0.7421875,0.9322865554465162,0.04040404040404041,0.08681252930680808,0.0,0.79609375,opensemcom_progressive,0.093371332866023,0.093371332866023,9.836338187185767e-06,0.8,ensemble_channel_fusion_core,0,0.1,deepsense-beam,
0.734375,,0.050505050505050504,0.09993964387389284,,,dino_detector,,,,1.0,,0,0.1,deepsense-beam,0.09191470042480077
0.765625,,0.0392156862745098,0.08434234289318732,,,ensemble_detector,,,,1.0,,0,0.1,deepsense-beam,0.13123910009394055
0.0,,0.0,0.0,,,deepjscc_pca,,,,1.0,,0,0.1,deepsense-beam,0.0011835795347757427
0.6484375,,0.03488372093023256,0.08391639627068524,,,witt_context_style,,,,1.0,,0,0.1,deepsense-beam,0.031181688322511218
0.5625,,0.02702702702702703,0.07821834815885989,,,fixed_refine_all,,,,1.0,,0,0.1,deepsense-beam,0.013815021860773744
0.8671875,0.8987854251012146,0.05128205128205128,0.09593359037252214,0.046875,0.96484375,opensemcom_progressive,0.2524550684601877,0.3431274152024202,0.3431274152024202,1.0,ensemble_channel_fusion_core,0,0.1,deepsense-beam,
0.0,,0.0,0.0,,,dino_detector,,,,0.6,,1,0.01,full-open,-8.676611381741561e-07
0.2751736111111111,,0.0,0.008413160765942965,,,ensemble_detector,,,,0.6,,1,0.01,full-open,0.0010066628701831688
0.0,,0.0,0.0,,,deepjscc_pca,,,,0.6,,1,0.01,full-open,-9.982400158415885e-07
0.25,,0.0,0.00925248099691217,,,witt_context_style,,,,0.6,,1,0.01,full-open,0.0005951911615666533
0.25,,0.0,0.00925248099691217,,,fixed_refine_all,,,,0.6,,1,0.01,full-open,0.0005951911615666533
0.3003472222222222,0.7771787960467205,0.0,0.007713450587571294,0.024305555555555556,0.38645833333333335,opensemcom_progressive,0.0009112696160284555,0.0016645922416631267,0.0016645922416631267,0.6,dino_channel_fusion_core,1,0.01,full-open,
0.0,,0.0,0.0,,,dino_detector,,,,0.8,,1,0.01,full-open,-8.676611381741561e-07
0.2751736111111111,,0.0,0.008413160765942965,,,ensemble_detector,,,,0.8,,1,0.01,full-open,0.0010066628701831688
0.0,,0.0,0.0,,,deepjscc_pca,,,,0.8,,1,0.01,full-open,-9.982400158415885e-07
0.25,,0.0,0.00925248099691217,,,witt_context_style,,,,0.8,,1,0.01,full-open,0.0005951911615666533
0.25,,0.0,0.00925248099691217,,,fixed_refine_all,,,,0.8,,1,0.01,full-open,0.0005951911615666533
0.3003472222222222,0.7771787960467205,0.0,0.007713450587571294,0.024305555555555556,0.38645833333333335,opensemcom_progressive,0.0009112696160284555,0.0016645922416631267,0.0016645922416631267,0.8,dino_channel_fusion_core,1,0.01,full-open,
0.0,,0.0,0.0,,,dino_detector,,,,1.0,,1,0.01,full-open,-8.676611381741561e-07
0.2751736111111111,,0.0,0.008413160765942965,,,ensemble_detector,,,,1.0,,1,0.01,full-open,0.0010066628701831688
0.0,,0.0,0.0,,,deepjscc_pca,,,,1.0,,1,0.01,full-open,-9.982400158415885e-07
0.25,,0.0,0.00925248099691217,,,witt_context_style,,,,1.0,,1,0.01,full-open,0.0005951911615666533
0.25,,0.0,0.00925248099691217,,,fixed_refine_all,,,,1.0,,1,0.01,full-open,0.0005951911615666533
0.3003472222222222,0.7771787960467205,0.0,0.007713450587571294,0.024305555555555556,0.38645833333333335,opensemcom_progressive,0.0009112696160284555,0.0016645922416631267,0.0016645922416631267,1.0,dino_channel_fusion_core,1,0.01,full-open,
0.24913194444444445,,0.003472222222222222,0.015354751588776264,,,dino_detector,,,,0.6,,1,0.02,full-open,0.004128030774539735
0.3229166666666667,,0.008,0.019797550139489566,,,ensemble_detector,,,,0.6,,1,0.02,full-open,0.006809313873329421
0.0,,0.0,0.0,,,deepjscc_pca,,,,0.6,,1,0.02,full-open,-9.982400158415885e-07
0.3229166666666667,,0.008,0.019797550139489566,,,witt_context_style,,,,0.6,,1,0.02,full-open,0.006965827712671929
0.3229166666666667,,0.008,0.019797550139489566,,,fixed_refine_all,,,,0.6,,1,0.02,full-open,0.006965827712671929
0.3246527777777778,0.5863907180934461,0.007957559681697613,0.01969341128066683,0.1597222222222222,0.5536458333333334,opensemcom_progressive,0.0032666874646370757,0.5155737999876451,0.024027150957615886,0.6,dino_core,1,0.02,full-open,
0.24913194444444445,,0.003472222222222222,0.015354751588776264,,,dino_detector,,,,0.8,,1,0.02,full-open,0.004128030774539735
0.3229166666666667,,0.008,0.019797550139489566,,,ensemble_detector,,,,0.8,,1,0.02,full-open,0.006809313873329421
0.0,,0.0,0.0,,,deepjscc_pca,,,,0.8,,1,0.02,full-open,-9.982400158415885e-07
0.3229166666666667,,0.008,0.019797550139489566,,,witt_context_style,,,,0.8,,1,0.02,full-open,0.006965827712671929
0.3229166666666667,,0.008,0.019797550139489566,,,fixed_refine_all,,,,0.8,,1,0.02,full-open,0.006965827712671929
0.3255208333333333,0.5018065034122842,0.007936507936507936,0.019641751610374326,0.2230902777777778,0.6486979166666668,opensemcom_progressive,0.0032666874646370757,0.6482857905960144,0.024027150957615886,0.8,dino_core,1,0.02,full-open,
0.24913194444444445,,0.003472222222222222,0.015354751588776264,,,dino_detector,,,,1.0,,1,0.02,full-open,0.004128030774539735
0.3229166666666667,,0.008,0.019797550139489566,,,ensemble_detector,,,,1.0,,1,0.02,full-open,0.006809313873329421
0.0,,0.0,0.0,,,deepjscc_pca,,,,1.0,,1,0.02,full-open,-9.982400158415885e-07
0.3229166666666667,,0.008,0.019797550139489566,,,witt_context_style,,,,1.0,,1,0.02,full-open,0.006965827712671929
0.3229166666666667,,0.008,0.019797550139489566,,,fixed_refine_all,,,,1.0,,1,0.02,full-open,0.006965827712671929
0.3255208333333333,0.5018065034122842,0.007936507936507936,0.019641751610374326,0.2230902777777778,0.6486979166666668,opensemcom_progressive,0.0032666874646370757,0.6482857905960144,0.024027150957615886,1.0,dino_core,1,0.02,full-open,
0.3203125,,0.016,0.030581982623098632,,,dino_detector,,,,0.6,,1,0.05,full-open,0.03062085943909246
0.3229166666666667,,0.008,0.019797550139489566,,,ensemble_detector,,,,0.6,,1,0.05,full-open,0.006809313873329421
0.07465277777777778,,0.011494252873563218,0.04970886891434523,,,deepjscc_pca,,,,0.6,,1,0.05,full-open,0.03081646189643214
0.3229166666666667,,0.008,0.019797550139489566,,,witt_context_style,,,,0.6,,1,0.05,full-open,0.006965827712671929
0.3229166666666667,,0.008,0.019797550139489566,,,fixed_refine_all,,,,0.6,,1,0.05,full-open,0.006965827712671929
0.3289930555555556,0.7405236420476748,0.028205128205128206,0.04551400327654993,0.034722222222222224,0.44427083333333334,opensemcom_progressive,0.007245183824864571,0.1581803869997576,0.1581803869997576,0.6,dino_channel_fusion_core,1,0.05,full-open,
0.3203125,,0.016,0.030581982623098632,,,dino_detector,,,,0.8,,1,0.05,full-open,0.03062085943909246
0.3229166666666667,,0.008,0.019797550139489566,,,ensemble_detector,,,,0.8,,1,0.05,full-open,0.006809313873329421
0.07465277777777778,,0.011494252873563218,0.04970886891434523,,,deepjscc_pca,,,,0.8,,1,0.05,full-open,0.03081646189643214
0.3229166666666667,,0.008,0.019797550139489566,,,witt_context_style,,,,0.8,,1,0.05,full-open,0.006965827712671929
0.3229166666666667,,0.008,0.019797550139489566,,,fixed_refine_all,,,,0.8,,1,0.05,full-open,0.006965827712671929
0.3289930555555556,0.7405236420476748,0.028205128205128206,0.04551400327654993,0.034722222222222224,0.44427083333333334,opensemcom_progressive,0.007245183824864571,0.1581803869997576,0.1581803869997576,0.8,dino_channel_fusion_core,1,0.05,full-open,
0.3203125,,0.016,0.030581982623098632,,,dino_detector,,,,1.0,,1,0.05,full-open,0.03062085943909246
0.3229166666666667,,0.008,0.019797550139489566,,,ensemble_detector,,,,1.0,,1,0.05,full-open,0.006809313873329421
0.07465277777777778,,0.011494252873563218,0.04970886891434523,,,deepjscc_pca,,,,1.0,,1,0.05,full-open,0.03081646189643214
0.3229166666666667,,0.008,0.019797550139489566,,,witt_context_style,,,,1.0,,1,0.05,full-open,0.006965827712671929
0.3229166666666667,,0.008,0.019797550139489566,,,fixed_refine_all,,,,1.0,,1,0.05,full-open,0.006965827712671929
0.3289930555555556,0.7405236420476748,0.028205128205128206,0.04551400327654993,0.034722222222222224,0.44427083333333334,opensemcom_progressive,0.007245183824864571,0.1581803869997576,0.1581803869997576,1.0,dino_channel_fusion_core,1,0.05,full-open,
0.3237847222222222,,0.07444168734491315,0.0988210013580913,,,dino_detector,,,,0.6,,1,0.1,full-open,0.14750933100613253
0.3307291666666667,,0.05459057071960298,0.07627533220503986,,,ensemble_detector,,,,0.6,,1,0.1,full-open,0.48477264331720543
0.1189236111111111,,0.04861111111111111,0.0871607411078183,,,deepjscc_pca,,,,0.6,,1,0.1,full-open,0.08018545884592171
0.3307291666666667,,0.05459057071960298,0.07627533220503986,,,witt_context_style,,,,0.6,,1,0.1,full-open,0.5015409084275619
0.3229166666666667,,0.008,0.019797550139489566,,,fixed_refine_all,,,,0.6,,1,0.1,full-open,0.006965827712671929
0.3307291666666667,0.7942464040025016,0.05925925925925926,0.08156358135419489,0.0,0.41640625,opensemcom_progressive,0.4889515901643928,0.4889515901643928,4.253295635322096e-07,0.6,ensemble_core,1,0.1,full-open,
0.3237847222222222,,0.07444168734491315,0.0988210013580913,,,dino_detector,,,,0.8,,1,0.1,full-open,0.14750933100613253
0.3307291666666667,,0.05459057071960298,0.07627533220503986,,,ensemble_detector,,,,0.8,,1,0.1,full-open,0.48477264331720543
0.1189236111111111,,0.04861111111111111,0.0871607411078183,,,deepjscc_pca,,,,0.8,,1,0.1,full-open,0.08018545884592171
0.3307291666666667,,0.05459057071960298,0.07627533220503986,,,witt_context_style,,,,0.8,,1,0.1,full-open,0.5015409084275619
0.3307291666666667,,0.05459057071960298,0.07627533220503986,,,fixed_refine_all,,,,0.8,,1,0.1,full-open,0.5015409084275619
0.3307291666666667,0.7942464040025016,0.05925925925925926,0.08156358135419489,0.0,0.41640625,opensemcom_progressive,0.4889515901643928,0.4889515901643928,4.253295635322096e-07,0.8,ensemble_core,1,0.1,full-open,
0.3237847222222222,,0.07444168734491315,0.0988210013580913,,,dino_detector,,,,1.0,,1,0.1,full-open,0.14750933100613253
0.3307291666666667,,0.05459057071960298,0.07627533220503986,,,ensemble_detector,,,,1.0,,1,0.1,full-open,0.48477264331720543
0.1189236111111111,,0.04861111111111111,0.0871607411078183,,,deepjscc_pca,,,,1.0,,1,0.1,full-open,0.08018545884592171
0.3307291666666667,,0.05459057071960298,0.07627533220503986,,,witt_context_style,,,,1.0,,1,0.1,full-open,0.5015409084275619
0.3307291666666667,,0.05459057071960298,0.07627533220503986,,,fixed_refine_all,,,,1.0,,1,0.1,full-open,0.5015409084275619
0.3307291666666667,0.7942464040025016,0.05925925925925926,0.08156358135419489,0.0,0.41640625,opensemcom_progressive,0.4889515901643928,0.4889515901643928,4.253295635322096e-07,1.0,ensemble_core,1,0.1,full-open,
0.0,,0.0,0.0,,,dino_detector,,,,0.6,,1,0.01,deepsense-beam,7.486458441758771e-06
0.0,,0.0,0.0,,,ensemble_detector,,,,0.6,,1,0.01,deepsense-beam,-7.755305778390777e-07
0.0,,0.0,0.0,,,deepjscc_pca,,,,0.6,,1,0.01,deepsense-beam,0.0008003008710476832
0.0,,0.0,0.0,,,witt_context_style,,,,0.6,,1,0.01,deepsense-beam,-7.375674216648633e-07
0.0,,0.0,0.0,,,fixed_refine_all,,,,0.6,,1,0.01,deepsense-beam,-7.375674216648633e-07
0.0,0.0,0.0,0.0,0.0,0.1,opensemcom_progressive,2.6243257833513667e-07,2.6243257833513667e-07,2.6243257833513667e-07,0.6,dino_core,1,0.01,deepsense-beam,
0.0,,0.0,0.0,,,dino_detector,,,,0.8,,1,0.01,deepsense-beam,7.486458441758771e-06
0.0,,0.0,0.0,,,ensemble_detector,,,,0.8,,1,0.01,deepsense-beam,-7.755305778390777e-07
0.0,,0.0,0.0,,,deepjscc_pca,,,,0.8,,1,0.01,deepsense-beam,0.0008003008710476832
0.0,,0.0,0.0,,,witt_context_style,,,,0.8,,1,0.01,deepsense-beam,-7.375674216648633e-07
0.0,,0.0,0.0,,,fixed_refine_all,,,,0.8,,1,0.01,deepsense-beam,-7.375674216648633e-07
0.0,0.0,0.0,0.0,0.0,0.1,opensemcom_progressive,2.6243257833513667e-07,2.6243257833513667e-07,2.6243257833513667e-07,0.8,dino_core,1,0.01,deepsense-beam,
0.0,,0.0,0.0,,,dino_detector,,,,1.0,,1,0.01,deepsense-beam,7.486458441758771e-06
0.0,,0.0,0.0,,,ensemble_detector,,,,1.0,,1,0.01,deepsense-beam,-7.755305778390777e-07
0.0,,0.0,0.0,,,deepjscc_pca,,,,1.0,,1,0.01,deepsense-beam,0.0008003008710476832
0.0,,0.0,0.0,,,witt_context_style,,,,1.0,,1,0.01,deepsense-beam,-7.375674216648633e-07
0.0,,0.0,0.0,,,fixed_refine_all,,,,1.0,,1,0.01,deepsense-beam,-7.375674216648633e-07
0.0,0.0,0.0,0.0,0.0,0.1,opensemcom_progressive,2.6243257833513667e-07,2.6243257833513667e-07,2.6243257833513667e-07,1.0,dino_core,1,0.01,deepsense-beam,
0.0,,0.0,0.0,,,dino_detector,,,,0.6,,1,0.02,deepsense-beam,7.486458441758771e-06
0.0,,0.0,0.0,,,ensemble_detector,,,,0.6,,1,0.02,deepsense-beam,-7.755305778390777e-07
0.0,,0.0,0.0,,,deepjscc_pca,,,,0.6,,1,0.02,deepsense-beam,0.0008003008710476832
0.0,,0.0,0.0,,,witt_context_style,,,,0.6,,1,0.02,deepsense-beam,-7.375674216648633e-07
0.0,,0.0,0.0,,,fixed_refine_all,,,,0.6,,1,0.02,deepsense-beam,-7.375674216648633e-07
0.0,0.0,0.0,0.0,0.0,0.1,opensemcom_progressive,2.6243257833513667e-07,2.6243257833513667e-07,2.6243257833513667e-07,0.6,dino_core,1,0.02,deepsense-beam,
0.0,,0.0,0.0,,,dino_detector,,,,0.8,,1,0.02,deepsense-beam,7.486458441758771e-06
0.0,,0.0,0.0,,,ensemble_detector,,,,0.8,,1,0.02,deepsense-beam,-7.755305778390777e-07
0.0,,0.0,0.0,,,deepjscc_pca,,,,0.8,,1,0.02,deepsense-beam,0.0008003008710476832
0.0,,0.0,0.0,,,witt_context_style,,,,0.8,,1,0.02,deepsense-beam,-7.375674216648633e-07
0.0,,0.0,0.0,,,fixed_refine_all,,,,0.8,,1,0.02,deepsense-beam,-7.375674216648633e-07
0.0,0.0,0.0,0.0,0.0,0.1,opensemcom_progressive,2.6243257833513667e-07,2.6243257833513667e-07,2.6243257833513667e-07,0.8,dino_core,1,0.02,deepsense-beam,
0.0,,0.0,0.0,,,dino_detector,,,,1.0,,1,0.02,deepsense-beam,7.486458441758771e-06
0.0,,0.0,0.0,,,ensemble_detector,,,,1.0,,1,0.02,deepsense-beam,-7.755305778390777e-07
0.0,,0.0,0.0,,,deepjscc_pca,,,,1.0,,1,0.02,deepsense-beam,0.0008003008710476832
0.0,,0.0,0.0,,,witt_context_style,,,,1.0,,1,0.02,deepsense-beam,-7.375674216648633e-07
0.0,,0.0,0.0,,,fixed_refine_all,,,,1.0,,1,0.02,deepsense-beam,-7.375674216648633e-07
0.0,0.0,0.0,0.0,0.0,0.1,opensemcom_progressive,2.6243257833513667e-07,2.6243257833513667e-07,2.6243257833513667e-07,1.0,dino_core,1,0.02,deepsense-beam,
0.0,,0.0,0.0,,,dino_detector,,,,0.6,,1,0.05,deepsense-beam,7.486458441758771e-06
0.0,,0.0,0.0,,,ensemble_detector,,,,0.6,,1,0.05,deepsense-beam,-7.755305778390777e-07
0.0,,0.0,0.0,,,deepjscc_pca,,,,0.6,,1,0.05,deepsense-beam,0.0008003008710476832
0.0,,0.0,0.0,,,witt_context_style,,,,0.6,,1,0.05,deepsense-beam,-7.375674216648633e-07
0.0,,0.0,0.0,,,fixed_refine_all,,,,0.6,,1,0.05,deepsense-beam,-7.375674216648633e-07
0.0,0.0,0.0,0.0,0.0,0.1,opensemcom_progressive,2.6243257833513667e-07,2.6243257833513667e-07,2.6243257833513667e-07,0.6,dino_core,1,0.05,deepsense-beam,
0.0,,0.0,0.0,,,dino_detector,,,,0.8,,1,0.05,deepsense-beam,7.486458441758771e-06
0.0,,0.0,0.0,,,ensemble_detector,,,,0.8,,1,0.05,deepsense-beam,-7.755305778390777e-07
0.0,,0.0,0.0,,,deepjscc_pca,,,,0.8,,1,0.05,deepsense-beam,0.0008003008710476832
0.0,,0.0,0.0,,,witt_context_style,,,,0.8,,1,0.05,deepsense-beam,-7.375674216648633e-07
0.0,,0.0,0.0,,,fixed_refine_all,,,,0.8,,1,0.05,deepsense-beam,-7.375674216648633e-07
0.0,0.0,0.0,0.0,0.0,0.1,opensemcom_progressive,2.6243257833513667e-07,2.6243257833513667e-07,2.6243257833513667e-07,0.8,dino_core,1,0.05,deepsense-beam,
0.0,,0.0,0.0,,,dino_detector,,,,1.0,,1,0.05,deepsense-beam,7.486458441758771e-06
0.0,,0.0,0.0,,,ensemble_detector,,,,1.0,,1,0.05,deepsense-beam,-7.755305778390777e-07
0.0,,0.0,0.0,,,deepjscc_pca,,,,1.0,,1,0.05,deepsense-beam,0.0008003008710476832
0.0,,0.0,0.0,,,witt_context_style,,,,1.0,,1,0.05,deepsense-beam,-7.375674216648633e-07
0.0,,0.0,0.0,,,fixed_refine_all,,,,1.0,,1,0.05,deepsense-beam,-7.375674216648633e-07
0.671875,0.7066557107641742,0.011494252873563218,0.04970886891434523,0.2109375,0.95078125,opensemcom_progressive,0.019097826767801696,0.10752776743113157,0.006630186004159322,1.0,dino_core,1,0.05,deepsense-beam,
0.5390625,,0.014285714285714285,0.061309894395961566,,,dino_detector,,,,0.6,,1,0.1,deepsense-beam,0.013753878510019343
0.4453125,,0.017241379310344827,0.07340151652374836,,,ensemble_detector,,,,0.6,,1,0.1,deepsense-beam,0.0030109357437126446
0.0,,0.0,0.0,,,deepjscc_pca,,,,0.6,,1,0.1,deepsense-beam,0.0008003008710476832
0.3671875,,0.020833333333333332,0.08783691363232457,,,witt_context_style,,,,0.6,,1,0.1,deepsense-beam,0.0016509499902233327
0.3203125,,0.023809523809523808,0.0995873347302435,,,fixed_refine_all,,,,0.6,,1,0.1,deepsense-beam,0.0012559411558709542
0.546875,0.9126466753585397,0.014084507042253521,0.0604796311232918,0.0,0.59921875,opensemcom_progressive,0.004234852157450675,0.004234852157450675,2.6243257833513667e-07,0.6,dino_channel_fusion_core,1,0.1,deepsense-beam,
0.734375,,0.050505050505050504,0.09993964387389284,,,dino_detector,,,,0.8,,1,0.1,deepsense-beam,0.07743714982897827
0.6015625,,0.0375,0.08996418353815093,,,ensemble_detector,,,,0.8,,1,0.1,deepsense-beam,0.013076711544904016
0.0,,0.0,0.0,,,deepjscc_pca,,,,0.8,,1,0.1,deepsense-beam,0.0008003008710476832
0.515625,,0.014925373134328358,0.06394331897860511,,,witt_context_style,,,,0.8,,1,0.1,deepsense-beam,0.0056758614927944415
0.4453125,,0.017241379310344827,0.07340151652374836,,,fixed_refine_all,,,,0.8,,1,0.1,deepsense-beam,0.0023870735717768043
0.75,0.9421000981354268,0.030303030303030304,0.07324713331898364,0.0,0.79609375,opensemcom_progressive,0.0811190550637437,0.0811190550637437,2.2446942216092225e-07,0.8,ensemble_core,1,0.1,deepsense-beam,
0.78125,,0.047619047619047616,0.09441860339226411,,,dino_detector,,,,1.0,,1,0.1,deepsense-beam,0.1456678937437128
0.765625,,0.0392156862745098,0.08434234289318732,,,ensemble_detector,,,,1.0,,1,0.1,deepsense-beam,0.12942602514375154
0.0,,0.0,0.0,,,deepjscc_pca,,,,1.0,,1,0.1,deepsense-beam,0.0008003008710476832
0.6484375,,0.03488372093023256,0.08391639627068524,,,witt_context_style,,,,1.0,,1,0.1,deepsense-beam,0.028497167927809274
0.5703125,,0.013513513513513514,0.05811848521750612,,,fixed_refine_all,,,,1.0,,1,0.1,deepsense-beam,0.007244376861186086
0.8046875,0.9363636363636364,0.046296296296296294,0.09188060445491336,0.0,0.859375,opensemcom_progressive,0.11964139944133441,0.11964139944133441,2.6243257833513667e-07,1.0,dino_channel_fusion_core,1,0.1,deepsense-beam,
0.0,,0.0,0.0,,,dino_detector,,,,0.6,,2,0.01,full-open,-9.555199677296006e-07
0.0,,0.0,0.0,,,ensemble_detector,,,,0.6,,2,0.01,full-open,-6.544865506171454e-07
0.0,,0.0,0.0,,,deepjscc_pca,,,,0.6,,2,0.01,full-open,-9.998656400324037e-07
0.0,,0.0,0.0,,,witt_context_style,,,,0.6,,2,0.01,full-open,-6.077960903265755e-07
0.0,,0.0,0.0,,,fixed_refine_all,,,,0.6,,2,0.01,full-open,-6.077960903265755e-07
0.3168402777777778,0.6430584918957012,0.0,0.007314865582273743,0.1675347222222222,0.49270833333333336,opensemcom_progressive,0.0004905435080523751,0.0752883858386163,0.0752883858386163,0.6,dino_core,2,0.01,full-open,
0.0,,0.0,0.0,,,dino_detector,,,,0.8,,2,0.01,full-open,-9.555199677296006e-07
0.0,,0.0,0.0,,,ensemble_detector,,,,0.8,,2,0.01,full-open,-6.544865506171454e-07
0.0,,0.0,0.0,,,deepjscc_pca,,,,0.8,,2,0.01,full-open,-9.998656400324037e-07
0.0,,0.0,0.0,,,witt_context_style,,,,0.8,,2,0.01,full-open,-6.077960903265755e-07
0.0,,0.0,0.0,,,fixed_refine_all,,,,0.8,,2,0.01,full-open,-6.077960903265755e-07
0.3168402777777778,0.6430584918957012,0.0,0.007314865582273743,0.1675347222222222,0.49270833333333336,opensemcom_progressive,0.0004905435080523751,0.0752883858386163,0.0752883858386163,0.8,dino_core,2,0.01,full-open,
0.0,,0.0,0.0,,,dino_detector,,,,1.0,,2,0.01,full-open,-9.555199677296006e-07
0.0,,0.0,0.0,,,ensemble_detector,,,,1.0,,2,0.01,full-open,-6.544865506171454e-07
0.0,,0.0,0.0,,,deepjscc_pca,,,,1.0,,2,0.01,full-open,-9.998656400324037e-07
0.0,,0.0,0.0,,,witt_context_style,,,,1.0,,2,0.01,full-open,-6.077960903265755e-07
0.0,,0.0,0.0,,,fixed_refine_all,,,,1.0,,2,0.01,full-open,-6.077960903265755e-07
0.3168402777777778,0.6430584918957012,0.0,0.007314865582273743,0.1675347222222222,0.49270833333333336,opensemcom_progressive,0.0004905435080523751,0.0752883858386163,0.0752883858386163,1.0,dino_core,2,0.01,full-open,
0.1996527777777778,,0.004329004329004329,0.019097652162253856,,,dino_detector,,,,0.6,,2,0.02,full-open,0.001826744503042202
0.3237847222222222,,0.005333333333333333,0.015940153999546097,,,ensemble_detector,,,,0.6,,2,0.02,full-open,0.05729339325142557
0.0,,0.0,0.0,,,deepjscc_pca,,,,0.6,,2,0.02,full-open,-9.998656400324037e-07
0.3237847222222222,,0.005333333333333333,0.015940153999546097,,,witt_context_style,,,,0.6,,2,0.02,full-open,0.06857612328797087
0.3237847222222222,,0.005333333333333333,0.015940153999546097,,,fixed_refine_all,,,,0.6,,2,0.02,full-open,0.06857612328797087
0.3246527777777778,0.7148318042813455,0.007957559681697613,0.01969341128066683,0.04079861111111111,0.4541666666666667,opensemcom_progressive,0.03920711498481532,0.2657799749720319,0.002590324470320811,0.6,dino_channel_fusion_core,2,0.02,full-open,
0.1996527777777778,,0.004329004329004329,0.019097652162253856,,,dino_detector,,,,0.8,,2,0.02,full-open,0.001826744503042202
0.3237847222222222,,0.005333333333333333,0.015940153999546097,,,ensemble_detector,,,,0.8,,2,0.02,full-open,0.05729339325142557
0.0,,0.0,0.0,,,deepjscc_pca,,,,0.8,,2,0.02,full-open,-9.998656400324037e-07
0.3237847222222222,,0.005333333333333333,0.015940153999546097,,,witt_context_style,,,,0.8,,2,0.02,full-open,0.06857612328797087
0.3237847222222222,,0.005333333333333333,0.015940153999546097,,,fixed_refine_all,,,,0.8,,2,0.02,full-open,0.06857612328797087
0.3246527777777778,0.7148318042813455,0.007957559681697613,0.01969341128066683,0.04079861111111111,0.4541666666666667,opensemcom_progressive,0.03920711498481532,0.2657799749720319,0.002590324470320811,0.8,dino_channel_fusion_core,2,0.02,full-open,
0.1996527777777778,,0.004329004329004329,0.019097652162253856,,,dino_detector,,,,1.0,,2,0.02,full-open,0.001826744503042202
0.3237847222222222,,0.005333333333333333,0.015940153999546097,,,ensemble_detector,,,,1.0,,2,0.02,full-open,0.05729339325142557
0.0,,0.0,0.0,,,deepjscc_pca,,,,1.0,,2,0.02,full-open,-9.998656400324037e-07
0.3237847222222222,,0.005333333333333333,0.015940153999546097,,,witt_context_style,,,,1.0,,2,0.02,full-open,0.06857612328797087
0.3237847222222222,,0.005333333333333333,0.015940153999546097,,,fixed_refine_all,,,,1.0,,2,0.02,full-open,0.06857612328797087
0.3246527777777778,0.7148318042813455,0.007957559681697613,0.01969341128066683,0.04079861111111111,0.4541666666666667,opensemcom_progressive,0.03920711498481532,0.2657799749720319,0.002590324470320811,1.0,dino_channel_fusion_core,2,0.02,full-open,
0.3177083333333333,,0.024,0.04074246858381101,,,dino_detector,,,,0.6,,2,0.05,full-open,0.08259521449666211
0.3237847222222222,,0.005333333333333333,0.015940153999546097,,,ensemble_detector,,,,0.6,,2,0.05,full-open,0.05729339325142557
0.0,,0.0,0.0,,,deepjscc_pca,,,,0.6,,2,0.05,full-open,-9.998656400324037e-07
0.3237847222222222,,0.005333333333333333,0.015940153999546097,,,witt_context_style,,,,0.6,,2,0.05,full-open,0.06857612328797087
0.3237847222222222,,0.005333333333333333,0.015940153999546097,,,fixed_refine_all,,,,0.6,,2,0.05,full-open,0.06857612328797087
0.3289930555555556,0.6549161914636255,0.020671834625323,0.03625489638857889,0.07291666666666667,0.50234375,opensemcom_progressive,0.03920711498481532,0.563901201061901,0.2657799749720319,0.6,dino_channel_fusion_core,2,0.05,full-open,
0.3177083333333333,,0.024,0.04074246858381101,,,dino_detector,,,,0.8,,2,0.05,full-open,0.08259521449666211
0.3237847222222222,,0.005333333333333333,0.015940153999546097,,,ensemble_detector,,,,0.8,,2,0.05,full-open,0.05729339325142557
0.0,,0.0,0.0,,,deepjscc_pca,,,,0.8,,2,0.05,full-open,-9.998656400324037e-07
0.3237847222222222,,0.005333333333333333,0.015940153999546097,,,witt_context_style,,,,0.8,,2,0.05,full-open,0.06857612328797087
0.3237847222222222,,0.005333333333333333,0.015940153999546097,,,fixed_refine_all,,,,0.8,,2,0.05,full-open,0.06857612328797087
0.3289930555555556,0.6549161914636255,0.020671834625323,0.03625489638857889,0.07291666666666667,0.50234375,opensemcom_progressive,0.03920711498481532,0.563901201061901,0.2657799749720319,0.8,dino_channel_fusion_core,2,0.05,full-open,
0.3177083333333333,,0.024,0.04074246858381101,,,dino_detector,,,,1.0,,2,0.05,full-open,0.08259521449666211
0.3237847222222222,,0.005333333333333333,0.015940153999546097,,,ensemble_detector,,,,1.0,,2,0.05,full-open,0.05729339325142557
0.0,,0.0,0.0,,,deepjscc_pca,,,,1.0,,2,0.05,full-open,-9.998656400324037e-07
0.3237847222222222,,0.005333333333333333,0.015940153999546097,,,witt_context_style,,,,1.0,,2,0.05,full-open,0.06857612328797087
0.3237847222222222,,0.005333333333333333,0.015940153999546097,,,fixed_refine_all,,,,1.0,,2,0.05,full-open,0.06857612328797087
0.3289930555555556,0.6549161914636255,0.020671834625323,0.03625489638857889,0.07291666666666667,0.50234375,opensemcom_progressive,0.03920711498481532,0.563901201061901,0.2657799749720319,1.0,dino_channel_fusion_core,2,0.05,full-open,
0.3177083333333333,,0.024,0.04074246858381101,,,dino_detector,,,,0.6,,2,0.1,full-open,0.08259521449666211
0.3307291666666667,,0.05459057071960298,0.07627533220503986,,,ensemble_detector,,,,0.6,,2,0.1,full-open,0.5524767021708488
0.1189236111111111,,0.05517241379310345,0.09513141004638177,,,deepjscc_pca,,,,0.6,,2,0.1,full-open,0.07827953221741668
0.3315972222222222,,0.052109181141439205,0.07341659283219396,,,witt_context_style,,,,0.6,,2,0.1,full-open,0.5484339716212505
0.3237847222222222,,0.005333333333333333,0.015940153999546097,,,fixed_refine_all,,,,0.6,,2,0.1,full-open,0.06857612328797087
0.3324652777777778,0.798415676464457,0.05432098765432099,0.07590372302701569,0.0,0.41640625,opensemcom_progressive,0.5480694973449047,0.5480694973449047,3.455134493828546e-07,0.6,ensemble_channel_fusion_core,2,0.1,full-open,
0.3177083333333333,,0.024,0.04074246858381101,,,dino_detector,,,,0.8,,2,0.1,full-open,0.08259521449666211
0.3307291666666667,,0.05459057071960298,0.07627533220503986,,,ensemble_detector,,,,0.8,,2,0.1,full-open,0.5524767021708488
0.1189236111111111,,0.05517241379310345,0.09513141004638177,,,deepjscc_pca,,,,0.8,,2,0.1,full-open,0.07827953221741668
0.3315972222222222,,0.052109181141439205,0.07341659283219396,,,witt_context_style,,,,0.8,,2,0.1,full-open,0.5484339716212505
0.3315972222222222,,0.052109181141439205,0.07341659283219396,,,fixed_refine_all,,,,0.8,,2,0.1,full-open,0.5484339716212505
0.3324652777777778,0.798415676464457,0.05432098765432099,0.07590372302701569,0.0,0.41640625,opensemcom_progressive,0.5480694973449047,0.5480694973449047,3.455134493828546e-07,0.8,ensemble_channel_fusion_core,2,0.1,full-open,
0.3177083333333333,,0.024,0.04074246858381101,,,dino_detector,,,,1.0,,2,0.1,full-open,0.08259521449666211
0.3307291666666667,,0.05459057071960298,0.07627533220503986,,,ensemble_detector,,,,1.0,,2,0.1,full-open,0.5524767021708488
0.1189236111111111,,0.05517241379310345,0.09513141004638177,,,deepjscc_pca,,,,1.0,,2,0.1,full-open,0.07827953221741668
0.3315972222222222,,0.052109181141439205,0.07341659283219396,,,witt_context_style,,,,1.0,,2,0.1,full-open,0.5484339716212505
0.3315972222222222,,0.052109181141439205,0.07341659283219396,,,fixed_refine_all,,,,1.0,,2,0.1,full-open,0.5484339716212505
0.3324652777777778,0.798415676464457,0.05432098765432099,0.07590372302701569,0.0,0.41640625,opensemcom_progressive,0.5480694973449047,0.5480694973449047,3.455134493828546e-07,1.0,ensemble_channel_fusion_core,2,0.1,full-open,
0.0,,0.0,0.0,,,dino_detector,,,,0.6,,2,0.01,deepsense-beam,2.2436617103467227e-05
0.0,,0.0,0.0,,,ensemble_detector,,,,0.6,,2,0.01,deepsense-beam,1.5056888199944552e-05
0.0,,0.0,0.0,,,deepjscc_pca,,,,0.6,,2,0.01,deepsense-beam,0.0004556497662304436
0.0,,0.0,0.0,,,witt_context_style,,,,0.6,,2,0.01,deepsense-beam,1.1182971477869841e-05
0.0,,0.0,0.0,,,fixed_refine_all,,,,0.6,,2,0.01,deepsense-beam,1.1182971477869841e-05
0.0,0.0,0.0,0.0,0.0,0.1,opensemcom_progressive,1.2182971477869842e-05,1.2182971477869842e-05,1.2182971477869842e-05,0.6,dino_core,2,0.01,deepsense-beam,
0.0,,0.0,0.0,,,dino_detector,,,,0.8,,2,0.01,deepsense-beam,2.2436617103467227e-05
0.0,,0.0,0.0,,,ensemble_detector,,,,0.8,,2,0.01,deepsense-beam,1.5056888199944552e-05
0.0,,0.0,0.0,,,deepjscc_pca,,,,0.8,,2,0.01,deepsense-beam,0.0004556497662304436
0.0,,0.0,0.0,,,witt_context_style,,,,0.8,,2,0.01,deepsense-beam,1.1182971477869841e-05
0.0,,0.0,0.0,,,fixed_refine_all,,,,0.8,,2,0.01,deepsense-beam,1.1182971477869841e-05
0.0,0.0,0.0,0.0,0.0,0.1,opensemcom_progressive,1.2182971477869842e-05,1.2182971477869842e-05,1.2182971477869842e-05,0.8,dino_core,2,0.01,deepsense-beam,
0.0,,0.0,0.0,,,dino_detector,,,,1.0,,2,0.01,deepsense-beam,2.2436617103467227e-05
0.0,,0.0,0.0,,,ensemble_detector,,,,1.0,,2,0.01,deepsense-beam,1.5056888199944552e-05
0.0,,0.0,0.0,,,deepjscc_pca,,,,1.0,,2,0.01,deepsense-beam,0.0004556497662304436
0.0,,0.0,0.0,,,witt_context_style,,,,1.0,,2,0.01,deepsense-beam,1.1182971477869841e-05
0.0,,0.0,0.0,,,fixed_refine_all,,,,1.0,,2,0.01,deepsense-beam,1.1182971477869841e-05
0.0,0.0,0.0,0.0,0.0,0.1,opensemcom_progressive,1.2182971477869842e-05,1.2182971477869842e-05,1.2182971477869842e-05,1.0,dino_core,2,0.01,deepsense-beam,
0.0,,0.0,0.0,,,dino_detector,,,,0.6,,2,0.02,deepsense-beam,2.2436617103467227e-05
0.0,,0.0,0.0,,,ensemble_detector,,,,0.6,,2,0.02,deepsense-beam,1.5056888199944552e-05
0.0,,0.0,0.0,,,deepjscc_pca,,,,0.6,,2,0.02,deepsense-beam,0.0004556497662304436
0.0,,0.0,0.0,,,witt_context_style,,,,0.6,,2,0.02,deepsense-beam,1.1182971477869841e-05
0.0,,0.0,0.0,,,fixed_refine_all,,,,0.6,,2,0.02,deepsense-beam,1.1182971477869841e-05
0.0,0.0,0.0,0.0,0.0,0.1,opensemcom_progressive,1.2182971477869842e-05,1.2182971477869842e-05,1.2182971477869842e-05,0.6,dino_core,2,0.02,deepsense-beam,
0.0,,0.0,0.0,,,dino_detector,,,,0.8,,2,0.02,deepsense-beam,2.2436617103467227e-05
0.0,,0.0,0.0,,,ensemble_detector,,,,0.8,,2,0.02,deepsense-beam,1.5056888199944552e-05
0.0,,0.0,0.0,,,deepjscc_pca,,,,0.8,,2,0.02,deepsense-beam,0.0004556497662304436
0.0,,0.0,0.0,,,witt_context_style,,,,0.8,,2,0.02,deepsense-beam,1.1182971477869841e-05
0.0,,0.0,0.0,,,fixed_refine_all,,,,0.8,,2,0.02,deepsense-beam,1.1182971477869841e-05
0.0,0.0,0.0,0.0,0.0,0.1,opensemcom_progressive,1.2182971477869842e-05,1.2182971477869842e-05,1.2182971477869842e-05,0.8,dino_core,2,0.02,deepsense-beam,
0.0,,0.0,0.0,,,dino_detector,,,,1.0,,2,0.02,deepsense-beam,2.2436617103467227e-05
0.0,,0.0,0.0,,,ensemble_detector,,,,1.0,,2,0.02,deepsense-beam,1.5056888199944552e-05
0.0,,0.0,0.0,,,deepjscc_pca,,,,1.0,,2,0.02,deepsense-beam,0.0004556497662304436
0.0,,0.0,0.0,,,witt_context_style,,,,1.0,,2,0.02,deepsense-beam,1.1182971477869841e-05
0.0,,0.0,0.0,,,fixed_refine_all,,,,1.0,,2,0.02,deepsense-beam,1.1182971477869841e-05
0.0,0.0,0.0,0.0,0.0,0.1,opensemcom_progressive,1.2182971477869842e-05,1.2182971477869842e-05,1.2182971477869842e-05,1.0,dino_core,2,0.02,deepsense-beam,
0.0,,0.0,0.0,,,dino_detector,,,,0.6,,2,0.05,deepsense-beam,2.2436617103467227e-05
0.453125,,0.0,0.044317313015739095,,,ensemble_detector,,,,0.6,,2,0.05,deepsense-beam,0.0021466978087526065
0.0,,0.0,0.0,,,deepjscc_pca,,,,0.6,,2,0.05,deepsense-beam,0.0004556497662304436
0.0,,0.0,0.0,,,witt_context_style,,,,0.6,,2,0.05,deepsense-beam,1.1182971477869841e-05
0.0,,0.0,0.0,,,fixed_refine_all,,,,0.6,,2,0.05,deepsense-beam,1.1182971477869841e-05
0.5390625,0.9212283044058744,0.0,0.03751729679060839,0.0,0.58515625,opensemcom_progressive,0.002007950857099927,0.002007950857099927,1.2182971477869842e-05,0.6,dino_channel_fusion_core,2,0.05,deepsense-beam,
0.0,,0.0,0.0,,,dino_detector,,,,0.8,,2,0.05,deepsense-beam,2.2436617103467227e-05
0.4765625,,0.0,0.04222981460081394,,,ensemble_detector,,,,0.8,,2,0.05,deepsense-beam,0.0024136717962362246
0.0,,0.0,0.0,,,deepjscc_pca,,,,0.8,,2,0.05,deepsense-beam,0.0004556497662304436
0.4765625,,0.0,0.04222981460081394,,,witt_context_style,,,,0.8,,2,0.05,deepsense-beam,0.002140599446059954
0.453125,,0.0,0.044317313015739095,,,fixed_refine_all,,,,0.8,,2,0.05,deepsense-beam,0.0017908099343906135
0.671875,0.8464566929133859,0.011494252873563218,0.04970886891434523,0.125,0.79375,opensemcom_progressive,0.00220514517760427,0.007413770507465306,0.16820571128805256,0.8,dino_channel_fusion_core,2,0.05,deepsense-beam,
0.0,,0.0,0.0,,,dino_detector,,,,1.0,,2,0.05,deepsense-beam,2.2436617103467227e-05
0.4765625,,0.0,0.04222981460081394,,,ensemble_detector,,,,1.0,,2,0.05,deepsense-beam,0.0024136717962362246
0.0,,0.0,0.0,,,deepjscc_pca,,,,1.0,,2,0.05,deepsense-beam,0.0004556497662304436
0.4765625,,0.0,0.04222981460081394,,,witt_context_style,,,,1.0,,2,0.05,deepsense-beam,0.002140599446059954
0.4765625,,0.0,0.04222981460081394,,,fixed_refine_all,,,,1.0,,2,0.05,deepsense-beam,0.002140599446059954
0.671875,0.8464566929133859,0.011494252873563218,0.04970886891434523,0.125,0.79375,opensemcom_progressive,0.00220514517760427,0.007413770507465306,0.16820571128805256,1.0,dino_channel_fusion_core,2,0.05,deepsense-beam,
0.5390625,,0.014285714285714285,0.061309894395961566,,,dino_detector,,,,0.6,,2,0.1,deepsense-beam,0.008634249924078286
0.453125,,0.0,0.044317313015739095,,,ensemble_detector,,,,0.6,,2,0.1,deepsense-beam,0.0021466978087526065
0.0,,0.0,0.0,,,deepjscc_pca,,,,0.6,,2,0.1,deepsense-beam,0.0004556497662304436
0.375,,0.0,0.053060193807013656,,,witt_context_style,,,,0.6,,2,0.1,deepsense-beam,0.0008767275835957627
0.328125,,0.0,0.060184024918549274,,,fixed_refine_all,,,,0.6,,2,0.1,deepsense-beam,0.0005124222684740693
0.546875,0.9126466753585397,0.014084507042253521,0.0604796311232918,0.0,0.59921875,opensemcom_progressive,0.009272660403075186,0.009272660403075186,1.2182971477869842e-05,0.6,dino_core,2,0.1,deepsense-beam,
0.7421875,,0.04040404040404041,0.08681252930680808,,,dino_detector,,,,0.8,,2,0.1,deepsense-beam,0.05395970236579284
0.609375,,0.025,0.0725676198866076,,,ensemble_detector,,,,0.8,,2,0.1,deepsense-beam,0.008297697223043979
0.0,,0.0,0.0,,,deepjscc_pca,,,,0.8,,2,0.1,deepsense-beam,0.0004556497662304436
0.515625,,0.014925373134328358,0.06394331897860511,,,witt_context_style,,,,0.8,,2,0.1,deepsense-beam,0.003368477346872547
0.453125,,0.0,0.044317313015739095,,,fixed_refine_all,,,,0.8,,2,0.1,deepsense-beam,0.0017908099343906135
0.734375,0.9306930693069307,0.04081632653061224,0.08766838486623801,0.0,0.7890625,opensemcom_progressive,0.05224432622184576,0.05224432622184576,1.2182971477869842e-05,0.8,dino_core,2,0.1,deepsense-beam,
0.875,,0.05084745762711865,0.09514573343191915,,,dino_detector,,,,1.0,,2,0.1,deepsense-beam,0.2913266319536517
0.7578125,,0.049019607843137254,0.09710073931450562,,,ensemble_detector,,,,1.0,,2,0.1,deepsense-beam,0.049628579156731446
0.0,,0.0,0.0,,,deepjscc_pca,,,,1.0,,2,0.1,deepsense-beam,0.0004556497662304436
0.65625,,0.023255813953488372,0.0676782087949877,,,witt_context_style,,,,1.0,,2,0.1,deepsense-beam,0.012228213168728136
0.5703125,,0.013513513513513514,0.05811848521750612,,,fixed_refine_all,,,,1.0,,2,0.1,deepsense-beam,0.006352356208883912
0.921875,0.9305993690851734,0.04838709677419355,0.09067748978018125,0.03125,0.9906250000000001,opensemcom_progressive,0.3195167618107582,0.3891682046968172,0.4845142341492028,1.0,dino_core,2,0.1,deepsense-beam,
