accepted,accepted_correct,accepted_known_accuracy,accepted_open_outage,accepted_unsafe,accuracy,auroc,coverage,fpr95,known_id_accuracy,method,open_fraction,seed,semantic_goodput,severity,target_openout,threshold
383,375,0.97911227154047,0.020887728459530026,8,0.5984375,0.9923502604166666,0.5984375,0.0026041666666666665,0.9973958333333334,opensemcom,0.25,0,0.5859375,mild,openout<=0.05,0.003223666376434281
392,380,0.9693877551020408,0.030612244897959183,12,0.5984375,0.9923502604166666,0.6125,0.0026041666666666665,0.9973958333333334,opensemcom,0.25,0,0.59375,mild,openout<=0.10,0.21846261203288986
310,308,0.9935483870967742,0.0064516129032258064,2,0.6,0.9884033203125,0.484375,0.033854166666666664,1.0,msp,0.25,0,0.48125,mild,openout<=0.05,0.001345483789158931
376,368,0.9787234042553191,0.02127659574468085,8,0.6,0.9884033203125,0.5875,0.033854166666666664,1.0,msp,0.25,0,0.575,mild,openout<=0.10,0.005329610637374869
295,293,0.9932203389830508,0.006779661016949152,2,0.6,0.98895263671875,0.4609375,0.033854166666666664,1.0,energy,0.25,0,0.4578125,mild,openout<=0.05,0.005702358226554756
387,373,0.9638242894056848,0.03617571059431524,14,0.6,0.98895263671875,0.6046875,0.033854166666666664,1.0,energy,0.25,0,0.5828125,mild,openout<=0.10,0.035650343474566096
301,301,1.0,0.0,0,0.6,0.98138427734375,0.4703125,0.12239583333333333,1.0,mahalanobis,0.25,0,0.4703125,mild,openout<=0.05,0.3848662424863586
305,305,1.0,0.0,0,0.6,0.98138427734375,0.4765625,0.12239583333333333,1.0,mahalanobis,0.25,0,0.4765625,mild,openout<=0.10,0.4068681940688271
86,85,0.9883720930232558,0.011627906976744186,1,0.6,0.9522908528645834,0.134375,0.2786458333333333,1.0,openmax,0.25,0,0.1328125,mild,openout<=0.05,0.17813283689562823
134,132,0.9850746268656716,0.014925373134328358,2,0.6,0.9522908528645834,0.209375,0.2786458333333333,1.0,openmax,0.25,0,0.20625,mild,openout<=0.10,0.24097015586928727
0,0,0.0,0.0,0,0.6,0.5210825602213541,0.0,0.7916666666666666,1.0,vim,0.25,0,0.0,mild,openout<=0.05,-9.999999974752427e-07
0,0,0.0,0.0,0,0.6,0.5210825602213541,0.0,0.7916666666666666,1.0,vim,0.25,0,0.0,mild,openout<=0.10,-9.999999974752427e-07
378,373,0.9867724867724867,0.013227513227513227,5,0.6,0.9918111165364584,0.590625,0.0078125,1.0,one_vs_rest,0.25,0,0.5828125,mild,openout<=0.05,0.030276787257872386
387,378,0.9767441860465116,0.023255813953488372,9,0.6,0.9918111165364584,0.6046875,0.0078125,1.0,one_vs_rest,0.25,0,0.590625,mild,openout<=0.10,0.11705934311055136
387,375,0.9689922480620154,0.031007751937984496,12,0.42745535714285715,0.9944356282552084,0.43191964285714285,0.0078125,0.9973958333333334,opensemcom,0.5,0,0.4185267857142857,medium,openout<=0.05,0.003223666376434281
405,380,0.9382716049382716,0.06172839506172839,25,0.42745535714285715,0.9944356282552084,0.45200892857142855,0.0078125,0.9973958333333334,opensemcom,0.5,0,0.42410714285714285,medium,openout<=0.10,0.21846261203288986
321,308,0.9595015576323987,0.040498442367601244,13,0.42857142857142855,0.9840291341145834,0.35825892857142855,0.033854166666666664,1.0,msp,0.5,0,0.34375,medium,openout<=0.05,0.001345483789158931
392,368,0.9387755102040817,0.061224489795918366,24,0.42857142857142855,0.9840291341145834,0.4375,0.033854166666666664,1.0,msp,0.5,0,0.4107142857142857,medium,openout<=0.10,0.005329610637374869
305,293,0.9606557377049181,0.03934426229508197,12,0.42857142857142855,0.9844309488932291,0.3404017857142857,0.0390625,1.0,energy,0.5,0,0.32700892857142855,medium,openout<=0.05,0.005702358226554756
401,373,0.9301745635910225,0.06982543640897755,28,0.42857142857142855,0.9844309488932291,0.44754464285714285,0.0390625,1.0,energy,0.5,0,0.41629464285714285,medium,openout<=0.10,0.035650343474566096
351,332,0.9458689458689459,0.05413105413105413,19,0.42857142857142855,0.9856007893880209,0.39174107142857145,0.10416666666666667,1.0,mahalanobis,0.5,0,0.3705357142857143,medium,openout<=0.05,0.3848662424863586
365,340,0.9315068493150684,0.0684931506849315,25,0.42857142857142855,0.9856007893880209,0.40736607142857145,0.10416666666666667,1.0,mahalanobis,0.5,0,0.3794642857142857,medium,openout<=0.10,0.4068681940688271
175,168,0.96,0.04,7,0.42857142857142855,0.9569040934244791,0.1953125,0.23177083333333334,1.0,openmax,0.5,0,0.1875,medium,openout<=0.05,0.17813283689562823
253,239,0.9446640316205533,0.05533596837944664,14,0.42857142857142855,0.9569040934244791,0.28236607142857145,0.23177083333333334,1.0,openmax,0.5,0,0.26674107142857145,medium,openout<=0.10,0.24097015586928727
0,0,0.0,0.0,0,0.42857142857142855,0.5496164957682291,0.0,0.6666666666666666,1.0,vim,0.5,0,0.0,medium,openout<=0.05,-9.999999974752427e-07
0,0,0.0,0.0,0,0.42857142857142855,0.5496164957682291,0.0,0.6666666666666666,1.0,vim,0.5,0,0.0,medium,openout<=0.10,-9.999999974752427e-07
385,373,0.9688311688311688,0.03116883116883117,12,0.42857142857142855,0.9922027587890625,0.4296875,0.0078125,1.0,one_vs_rest,0.5,0,0.41629464285714285,medium,openout<=0.05,0.030276787257872386
392,378,0.9642857142857143,0.03571428571428571,14,0.42857142857142855,0.9922027587890625,0.4375,0.0078125,1.0,one_vs_rest,0.5,0,0.421875,medium,openout<=0.10,0.11705934311055136
259,252,0.972972972972973,0.02702702702702703,7,0.2490234375,0.9974873860677084,0.2529296875,0.00390625,0.99609375,opensemcom,0.75,0,0.24609375,hard,openout<=0.05,0.003223666376434281
276,253,0.9166666666666666,0.08333333333333333,23,0.2490234375,0.9974873860677084,0.26953125,0.00390625,0.99609375,opensemcom,0.75,0,0.2470703125,hard,openout<=0.10,0.21846261203288986
214,204,0.9532710280373832,0.04672897196261682,10,0.25,0.9901072184244791,0.208984375,0.01953125,1.0,msp,0.75,0,0.19921875,hard,openout<=0.05,0.001345483789158931
272,249,0.9154411764705882,0.08455882352941177,23,0.25,0.9901072184244791,0.265625,0.01953125,1.0,msp,0.75,0,0.2431640625,hard,openout<=0.10,0.005329610637374869
201,193,0.9601990049751243,0.03980099502487562,8,0.25,0.9906972249348959,0.1962890625,0.015625,1.0,energy,0.75,0,0.1884765625,hard,openout<=0.05,0.005702358226554756
282,251,0.8900709219858156,0.1099290780141844,31,0.25,0.9906972249348959,0.275390625,0.015625,1.0,energy,0.75,0,0.2451171875,hard,openout<=0.10,0.035650343474566096
249,228,0.9156626506024096,0.08433734939759036,21,0.25,0.9869842529296875,0.2431640625,0.0859375,1.0,mahalanobis,0.75,0,0.22265625,hard,openout<=0.05,0.3848662424863586
279,235,0.8422939068100358,0.15770609318996415,44,0.25,0.9869842529296875,0.2724609375,0.0859375,1.0,mahalanobis,0.75,0,0.2294921875,hard,openout<=0.10,0.4068681940688271
168,156,0.9285714285714286,0.07142857142857142,12,0.25,0.9643758138020834,0.1640625,0.17578125,1.0,openmax,0.75,0,0.15234375,hard,openout<=0.05,0.17813283689562823
218,187,0.8577981651376146,0.14220183486238533,31,0.25,0.9643758138020834,0.212890625,0.17578125,1.0,openmax,0.75,0,0.1826171875,hard,openout<=0.10,0.24097015586928727
0,0,0.0,0.0,0,0.25,0.5613632202148438,0.0,0.70703125,1.0,vim,0.75,0,0.0,hard,openout<=0.05,-9.999999974752427e-07
0,0,0.0,0.0,0,0.25,0.5613632202148438,0.0,0.70703125,1.0,vim,0.75,0,0.0,hard,openout<=0.10,-9.999999974752427e-07
257,248,0.9649805447470817,0.03501945525291829,9,0.25,0.9958241780598959,0.2509765625,0.00390625,1.0,one_vs_rest,0.75,0,0.2421875,hard,openout<=0.05,0.030276787257872386
268,252,0.9402985074626866,0.05970149253731343,16,0.25,0.9958241780598959,0.26171875,0.00390625,1.0,one_vs_rest,0.75,0,0.24609375,hard,openout<=0.10,0.11705934311055136
104,91,0.875,0.125,13,0.08984375,0.9968977421160664,0.1015625,0.0,1.0,opensemcom,0.91,0,0.0888671875,extreme,openout<=0.05,0.003223666376434281
124,92,0.7419354838709677,0.25806451612903225,32,0.08984375,0.9968977421160664,0.12109375,0.0,1.0,opensemcom,0.91,0,0.08984375,extreme,openout<=0.10,0.21846261203288986
85,75,0.8823529411764706,0.11764705882352941,10,0.08984375,0.9929557753312185,0.0830078125,0.010869565217391304,1.0,msp,0.91,0,0.0732421875,extreme,openout<=0.05,0.001345483789158931
123,91,0.7398373983739838,0.2601626016260163,32,0.08984375,0.9929557753312185,0.1201171875,0.010869565217391304,1.0,msp,0.91,0,0.0888671875,extreme,openout<=0.10,0.005329610637374869
82,73,0.8902439024390244,0.10975609756097561,9,0.08984375,0.9930374136965852,0.080078125,0.0,1.0,energy,0.91,0,0.0712890625,extreme,openout<=0.05,0.005702358226554756
132,91,0.6893939393939394,0.3106060606060606,41,0.08984375,0.9930374136965852,0.12890625,0.0,1.0,energy,0.91,0,0.0888671875,extreme,openout<=0.10,0.035650343474566096
152,85,0.5592105263157895,0.4407894736842105,67,0.08984375,0.9875326553461466,0.1484375,0.11956521739130435,1.0,mahalanobis,0.91,0,0.0830078125,extreme,openout<=0.05,0.3848662424863586
182,88,0.4835164835164835,0.5164835164835165,94,0.08984375,0.9875326553461466,0.177734375,0.11956521739130435,1.0,mahalanobis,0.91,0,0.0859375,extreme,openout<=0.10,0.4068681940688271
150,79,0.5266666666666666,0.47333333333333333,71,0.08984375,0.9628370498227281,0.146484375,0.1956521739130435,1.0,openmax,0.91,0,0.0771484375,extreme,openout<=0.05,0.17813283689562823
259,89,0.3436293436293436,0.6563706563706564,170,0.08984375,0.9628370498227281,0.2529296875,0.1956521739130435,1.0,openmax,0.91,0,0.0869140625,extreme,openout<=0.10,0.24097015586928727
0,0,0.0,0.0,0,0.08984375,0.5386441033774958,0.0,0.9239130434782609,1.0,vim,0.91,0,0.0,extreme,openout<=0.05,-9.999999974752427e-07
0,0,0.0,0.0,0,0.08984375,0.5386441033774958,0.0,0.9239130434782609,1.0,vim,0.91,0,0.0,extreme,openout<=0.10,-9.999999974752427e-07
107,90,0.8411214953271028,0.1588785046728972,17,0.08984375,0.9960113827206568,0.1044921875,0.0,1.0,one_vs_rest,0.91,0,0.087890625,extreme,openout<=0.05,0.030276787257872386
116,92,0.7931034482758621,0.20689655172413793,24,0.08984375,0.9960113827206568,0.11328125,0.0,1.0,one_vs_rest,0.91,0,0.08984375,extreme,openout<=0.10,0.11705934311055136
369,367,0.994579945799458,0.005420054200542005,2,0.6,0.9947916666666666,0.5765625,0.018229166666666668,1.0,opensemcom,0.25,1,0.5734375,mild,openout<=0.05,0.005032246857881552
383,375,0.97911227154047,0.020887728459530026,8,0.6,0.9947916666666666,0.5984375,0.018229166666666668,1.0,opensemcom,0.25,1,0.5859375,mild,openout<=0.10,0.5948038172721842
361,352,0.9750692520775623,0.024930747922437674,9,0.6,0.9791056315104166,0.5640625,0.0546875,1.0,msp,0.25,1,0.55,mild,openout<=0.05,0.0033032927926378323
382,365,0.9554973821989529,0.04450261780104712,17,0.6,0.9791056315104166,0.596875,0.0546875,1.0,msp,0.25,1,0.5703125,mild,openout<=0.10,0.014378969101292802
361,352,0.9750692520775623,0.024930747922437674,9,0.6,0.9808247884114584,0.5640625,0.0546875,1.0,energy,0.25,1,0.55,mild,openout<=0.05,0.01438482766776342
381,364,0.9553805774278216,0.04461942257217848,17,0.6,0.9808247884114584,0.5953125,0.0546875,1.0,energy,0.25,1,0.56875,mild,openout<=0.10,0.05002495739425688
319,318,0.9968652037617555,0.003134796238244514,1,0.6,0.9856058756510416,0.4984375,0.09114583333333333,1.0,mahalanobis,0.25,1,0.496875,mild,openout<=0.05,0.3665841105817017
327,324,0.9908256880733946,0.009174311926605505,3,0.6,0.9856058756510416,0.5109375,0.09114583333333333,1.0,mahalanobis,0.25,1,0.50625,mild,openout<=0.10,0.39142937958824553
166,165,0.9939759036144579,0.006024096385542169,1,0.6,0.957061767578125,0.259375,0.2265625,1.0,openmax,0.25,1,0.2578125,mild,openout<=0.05,0.20006900028902005
229,225,0.982532751091703,0.017467248908296942,4,0.6,0.957061767578125,0.3578125,0.2265625,1.0,openmax,0.25,1,0.3515625,mild,openout<=0.10,0.2543203283848472
0,0,0.0,0.0,0,0.6,0.4607187906901042,0.0,0.8072916666666666,1.0,vim,0.25,1,0.0,mild,openout<=0.05,-9.999999974752427e-07
89,76,0.8539325842696629,0.14606741573033707,13,0.6,0.4607187906901042,0.1390625,0.8072916666666666,1.0,vim,0.25,1,0.11875,mild,openout<=0.10,0.07325809448957443
369,367,0.994579945799458,0.005420054200542005,2,0.6,0.9921162923177084,0.5765625,0.0234375,1.0,one_vs_rest,0.25,1,0.5734375,mild,openout<=0.05,0.030751926672087444
377,373,0.9893899204244032,0.010610079575596816,4,0.6,0.9921162923177084,0.5890625,0.0234375,1.0,one_vs_rest,0.25,1,0.5828125,mild,openout<=0.10,0.3305474567261969
372,367,0.9865591397849462,0.013440860215053764,5,0.42857142857142855,0.9941355387369791,0.41517857142857145,0.0234375,1.0,opensemcom,0.5,1,0.4095982142857143,medium,openout<=0.05,0.005032246857881552
402,375,0.9328358208955224,0.06716417910447761,27,0.42857142857142855,0.9941355387369791,0.4486607142857143,0.0234375,1.0,opensemcom,0.5,1,0.4185267857142857,medium,openout<=0.10,0.5948038172721842
371,352,0.9487870619946092,0.05121293800539083,19,0.42857142857142855,0.9829508463541666,0.4140625,0.0546875,1.0,msp,0.5,1,0.39285714285714285,medium,openout<=0.05,0.0033032927926378323
399,365,0.9147869674185464,0.08521303258145363,34,0.42857142857142855,0.9829508463541666,0.4453125,0.0546875,1.0,msp,0.5,1,0.40736607142857145,medium,openout<=0.10,0.014378969101292802
371,352,0.9487870619946092,0.05121293800539083,19,0.42857142857142855,0.9851735432942709,0.4140625,0.0546875,1.0,energy,0.5,1,0.39285714285714285,medium,openout<=0.05,0.01438482766776342
396,364,0.9191919191919192,0.08080808080808081,32,0.42857142857142855,0.9851735432942709,0.4419642857142857,0.0546875,1.0,energy,0.5,1,0.40625,medium,openout<=0.10,0.05002495739425688
324,320,0.9876543209876543,0.012345679012345678,4,0.42857142857142855,0.9821980794270834,0.36160714285714285,0.11197916666666667,1.0,mahalanobis,0.5,1,0.35714285714285715,medium,openout<=0.05,0.3665841105817017
337,327,0.9703264094955489,0.02967359050445104,10,0.42857142857142855,0.9821980794270834,0.37611607142857145,0.11197916666666667,1.0,mahalanobis,0.5,1,0.36495535714285715,medium,openout<=0.10,0.39142937958824553
201,199,0.9900497512437811,0.009950248756218905,2,0.42857142857142855,0.9607950846354166,0.22433035714285715,0.20833333333333334,1.0,openmax,0.5,1,0.22209821428571427,medium,openout<=0.05,0.20006900028902005
268,258,0.9626865671641791,0.03731343283582089,10,0.42857142857142855,0.9607950846354166,0.29910714285714285,0.20833333333333334,1.0,openmax,0.5,1,0.28794642857142855,medium,openout<=0.10,0.2543203283848472
0,0,0.0,0.0,0,0.42857142857142855,0.54339599609375,0.0,0.7239583333333334,1.0,vim,0.5,1,0.0,medium,openout<=0.05,-9.999999974752427e-07
108,96,0.8888888888888888,0.1111111111111111,12,0.42857142857142855,0.54339599609375,0.12053571428571429,0.7239583333333334,1.0,vim,0.5,1,0.10714285714285714,medium,openout<=0.10,0.07325809448957443
373,367,0.9839142091152815,0.0160857908847185,6,0.42857142857142855,0.9919331868489584,0.41629464285714285,0.026041666666666668,1.0,one_vs_rest,0.5,1,0.4095982142857143,medium,openout<=0.05,0.030751926672087444
392,373,0.951530612244898,0.04846938775510204,19,0.42857142857142855,0.9919331868489584,0.4375,0.026041666666666668,1.0,one_vs_rest,0.5,1,0.41629464285714285,medium,openout<=0.10,0.3305474567261969
256,244,0.953125,0.046875,12,0.25,0.9952036539713541,0.25,0.02734375,1.0,opensemcom,0.75,1,0.23828125,hard,openout<=0.05,0.005032246857881552
289,249,0.8615916955017301,0.1384083044982699,40,0.25,0.9952036539713541,0.2822265625,0.02734375,1.0,opensemcom,0.75,1,0.2431640625,hard,openout<=0.10,0.5948038172721842
264,234,0.8863636363636364,0.11363636363636363,30,0.25,0.9778696695963541,0.2578125,0.05859375,1.0,msp,0.75,1,0.228515625,hard,openout<=0.05,0.0033032927926378323
294,244,0.8299319727891157,0.17006802721088435,50,0.25,0.9778696695963541,0.287109375,0.05859375,1.0,msp,0.75,1,0.23828125,hard,openout<=0.10,0.014378969101292802
264,234,0.8863636363636364,0.11363636363636363,30,0.25,0.9806162516276041,0.2578125,0.05859375,1.0,energy,0.75,1,0.228515625,hard,openout<=0.05,0.01438482766776342
294,243,0.826530612244898,0.17346938775510204,51,0.25,0.9806162516276041,0.287109375,0.05859375,1.0,energy,0.75,1,0.2373046875,hard,openout<=0.10,0.05002495739425688
241,214,0.8879668049792531,0.11203319502074689,27,0.25,0.9807993570963541,0.2353515625,0.1328125,1.0,mahalanobis,0.75,1,0.208984375,hard,openout<=0.05,0.3665841105817017
264,223,0.8446969696969697,0.1553030303030303,41,0.25,0.9807993570963541,0.2578125,0.1328125,1.0,mahalanobis,0.75,1,0.2177734375,hard,openout<=0.10,0.39142937958824553
196,174,0.8877551020408163,0.11224489795918367,22,0.25,0.9569905598958334,0.19140625,0.2265625,1.0,openmax,0.75,1,0.169921875,hard,openout<=0.05,0.20006900028902005
240,200,0.8333333333333334,0.16666666666666666,40,0.25,0.9569905598958334,0.234375,0.2265625,1.0,openmax,0.75,1,0.1953125,hard,openout<=0.10,0.2543203283848472
0,0,0.0,0.0,0,0.25,0.5437494913736979,0.0,0.7265625,1.0,vim,0.75,1,0.0,hard,openout<=0.05,-9.999999974752427e-07
80,60,0.75,0.25,20,0.25,0.5437494913736979,0.078125,0.7265625,1.0,vim,0.75,1,0.05859375,hard,openout<=0.10,0.07325809448957443
254,244,0.9606299212598425,0.03937007874015748,10,0.25,0.9910227457682291,0.248046875,0.03125,1.0,one_vs_rest,0.75,1,0.23828125,hard,openout<=0.05,0.030751926672087444
280,248,0.8857142857142857,0.11428571428571428,32,0.25,0.9910227457682291,0.2734375,0.03125,1.0,one_vs_rest,0.75,1,0.2421875,hard,openout<=0.10,0.3305474567261969
99,89,0.898989898989899,0.10101010101010101,10,0.08984375,0.9973759096846426,0.0966796875,0.010869565217391304,1.0,opensemcom,0.91,1,0.0869140625,extreme,openout<=0.05,0.005032246857881552
121,91,0.7520661157024794,0.24793388429752067,30,0.08984375,0.9973759096846426,0.1181640625,0.010869565217391304,1.0,opensemcom,0.91,1,0.0888671875,extreme,openout<=0.10,0.5948038172721842
110,83,0.7545454545454545,0.24545454545454545,27,0.08984375,0.9833690987124464,0.107421875,0.06521739130434782,1.0,msp,0.91,1,0.0810546875,extreme,openout<=0.05,0.0033032927926378323
134,86,0.6417910447761194,0.3582089552238806,48,0.08984375,0.9833690987124464,0.130859375,0.06521739130434782,1.0,msp,0.91,1,0.083984375,extreme,openout<=0.10,0.014378969101292802
110,83,0.7545454545454545,0.24545454545454545,27,0.08984375,0.9843954095913416,0.107421875,0.06521739130434782,1.0,energy,0.91,1,0.0810546875,extreme,openout<=0.05,0.01438482766776342
134,86,0.6417910447761194,0.3582089552238806,48,0.08984375,0.9843954095913416,0.130859375,0.06521739130434782,1.0,energy,0.91,1,0.083984375,extreme,openout<=0.10,0.05002495739425688
191,85,0.44502617801047123,0.5549738219895288,106,0.08984375,0.9835207128195559,0.1865234375,0.10869565217391304,1.0,mahalanobis,0.91,1,0.0830078125,extreme,openout<=0.05,0.3665841105817017
228,90,0.39473684210526316,0.6052631578947368,138,0.08984375,0.9835207128195559,0.22265625,0.10869565217391304,1.0,mahalanobis,0.91,1,0.087890625,extreme,openout<=0.10,0.39142937958824553
171,84,0.49122807017543857,0.5087719298245614,87,0.08984375,0.95558872924053,0.1669921875,0.1956521739130435,1.0,openmax,0.91,1,0.08203125,extreme,openout<=0.05,0.20006900028902005
272,87,0.31985294117647056,0.6801470588235294,185,0.08984375,0.95558872924053,0.265625,0.1956521739130435,1.0,openmax,0.91,1,0.0849609375,extreme,openout<=0.10,0.2543203283848472
0,0,0.0,0.0,0,0.08984375,0.5769849785407726,0.0,0.8260869565217391,1.0,vim,0.91,1,0.0,extreme,openout<=0.05,-9.999999974752427e-07
74,16,0.21621621621621623,0.7837837837837838,58,0.08984375,0.5769849785407726,0.072265625,0.8260869565217391,1.0,vim,0.91,1,0.015625,extreme,openout<=0.10,0.07325809448957443
102,89,0.8725490196078431,0.12745098039215685,13,0.08984375,0.9948684456055235,0.099609375,0.010869565217391304,1.0,one_vs_rest,0.91,1,0.0869140625,extreme,openout<=0.05,0.030751926672087444
121,90,0.743801652892562,0.256198347107438,31,0.08984375,0.9948684456055235,0.1181640625,0.010869565217391304,1.0,one_vs_rest,0.91,1,0.087890625,extreme,openout<=0.10,0.3305474567261969
380,368,0.968421052631579,0.031578947368421054,12,0.596875,0.9866790771484375,0.59375,0.0234375,0.9947916666666666,opensemcom,0.25,2,0.575,mild,openout<=0.05,0.005264330906793506
398,377,0.9472361809045227,0.052763819095477386,21,0.596875,0.9866790771484375,0.621875,0.0234375,0.9947916666666666,opensemcom,0.25,2,0.5890625,mild,openout<=0.10,0.41244264841079664
365,357,0.9780821917808219,0.021917808219178082,8,0.59375,0.9732564290364584,0.5703125,0.046875,0.9895833333333334,msp,0.25,2,0.5578125,mild,openout<=0.05,0.0031293878305852976
380,367,0.9657894736842105,0.034210526315789476,13,0.59375,0.9732564290364584,0.59375,0.046875,0.9895833333333334,msp,0.25,2,0.5734375,mild,openout<=0.10,0.007406513331650772
362,354,0.9779005524861878,0.022099447513812154,8,0.59375,0.9757283528645834,0.565625,0.041666666666666664,0.9895833333333334,energy,0.25,2,0.553125,mild,openout<=0.05,0.013051774778466503
381,368,0.9658792650918635,0.03412073490813648,13,0.59375,0.9757283528645834,0.5953125,0.041666666666666664,0.9895833333333334,energy,0.25,2,0.575,mild,openout<=0.10,0.026786691052020365
310,304,0.9806451612903225,0.01935483870967742,6,0.59375,0.9776102701822916,0.484375,0.15364583333333334,0.9895833333333334,mahalanobis,0.25,2,0.475,mild,openout<=0.05,0.377017038779076
332,322,0.9698795180722891,0.030120481927710843,10,0.59375,0.9776102701822916,0.51875,0.15364583333333334,0.9895833333333334,mahalanobis,0.25,2,0.503125,mild,openout<=0.10,0.40629210206523664
141,138,0.9787234042553191,0.02127659574468085,3,0.59375,0.95703125,0.2203125,0.2604166666666667,0.9895833333333334,openmax,0.25,2,0.215625,mild,openout<=0.05,0.14549886272814233
258,251,0.9728682170542635,0.027131782945736434,7,0.59375,0.95703125,0.403125,0.2604166666666667,0.9895833333333334,openmax,0.25,2,0.3921875,mild,openout<=0.10,0.2610734462356864
50,45,0.9,0.1,5,0.59375,0.4855143229166667,0.078125,0.7317708333333334,0.9895833333333334,vim,0.25,2,0.0703125,mild,openout<=0.05,0.03604270532727243
136,117,0.8602941176470589,0.13970588235294118,19,0.59375,0.4855143229166667,0.2125,0.7317708333333334,0.9895833333333334,vim,0.25,2,0.1828125,mild,openout<=0.10,0.13848035931587221
364,356,0.978021978021978,0.02197802197802198,8,0.59375,0.9838155110677084,0.56875,0.041666666666666664,0.9895833333333334,one_vs_rest,0.25,2,0.55625,mild,openout<=0.05,0.03291774528233991
389,370,0.9511568123393316,0.04884318766066838,19,0.59375,0.9838155110677084,0.6078125,0.041666666666666664,0.9895833333333334,one_vs_rest,0.25,2,0.578125,mild,openout<=0.10,0.3677954379708552
385,368,0.9558441558441558,0.04415584415584416,17,0.4263392857142857,0.9903691609700521,0.4296875,0.015625,0.9947916666666666,opensemcom,0.5,2,0.4107142857142857,medium,openout<=0.05,0.005264330906793506
406,377,0.9285714285714286,0.07142857142857142,29,0.4263392857142857,0.9903691609700521,0.453125,0.015625,0.9947916666666666,opensemcom,0.5,2,0.42075892857142855,medium,openout<=0.10,0.41244264841079664
373,357,0.9571045576407506,0.04289544235924933,16,0.42410714285714285,0.9759368896484375,0.41629464285714285,0.046875,0.9895833333333334,msp,0.5,2,0.3984375,medium,openout<=0.05,0.0031293878305852976
394,367,0.9314720812182741,0.06852791878172589,27,0.42410714285714285,0.9759368896484375,0.43973214285714285,0.046875,0.9895833333333334,msp,0.5,2,0.4095982142857143,medium,openout<=0.10,0.007406513331650772
369,354,0.959349593495935,0.04065040650406504,15,0.42410714285714285,0.9783579508463541,0.41183035714285715,0.041666666666666664,0.9895833333333334,energy,0.5,2,0.3950892857142857,medium,openout<=0.05,0.013051774778466503
392,368,0.9387755102040817,0.061224489795918366,24,0.42410714285714285,0.9783579508463541,0.4375,0.041666666666666664,0.9895833333333334,energy,0.5,2,0.4107142857142857,medium,openout<=0.10,0.026786691052020365
331,321,0.9697885196374623,0.030211480362537766,10,0.42410714285714285,0.978759765625,0.36941964285714285,0.14322916666666666,0.9895833333333334,mahalanobis,0.5,2,0.35825892857142855,medium,openout<=0.05,0.377017038779076
363,334,0.9201101928374655,0.07988980716253444,29,0.42410714285714285,0.978759765625,0.40513392857142855,0.14322916666666666,0.9895833333333334,mahalanobis,0.5,2,0.37276785714285715,medium,openout<=0.10,0.40629210206523664
152,148,0.9736842105263158,0.02631578947368421,4,0.42410714285714285,0.96014404296875,0.16964285714285715,0.23958333333333334,0.9895833333333334,openmax,0.5,2,0.16517857142857142,medium,openout<=0.05,0.14549886272814233
292,272,0.9315068493150684,0.0684931506849315,20,0.42410714285714285,0.96014404296875,0.32589285714285715,0.23958333333333334,0.9895833333333334,openmax,0.5,2,0.30357142857142855,medium,openout<=0.10,0.2610734462356864
63,59,0.9365079365079365,0.06349206349206349,4,0.42410714285714285,0.5271479288736979,0.0703125,0.6640625,0.9895833333333334,vim,0.5,2,0.06584821428571429,medium,openout<=0.05,0.03604270532727243
129,113,0.875968992248062,0.12403100775193798,16,0.42410714285714285,0.5271479288736979,0.14397321428571427,0.6640625,0.9895833333333334,vim,0.5,2,0.12611607142857142,medium,openout<=0.10,0.13848035931587221
368,356,0.967391304347826,0.03260869565217391,12,0.42410714285714285,0.98760986328125,0.4107142857142857,0.0390625,0.9895833333333334,one_vs_rest,0.5,2,0.39732142857142855,medium,openout<=0.05,0.03291774528233991
404,370,0.9158415841584159,0.08415841584158416,34,0.42410714285714285,0.98760986328125,0.45089285714285715,0.0390625,0.9895833333333334,one_vs_rest,0.5,2,0.41294642857142855,medium,openout<=0.10,0.3677954379708552
256,242,0.9453125,0.0546875,14,0.2490234375,0.9911168416341146,0.25,0.015625,0.99609375,opensemcom,0.75,2,0.236328125,hard,openout<=0.05,0.005264330906793506
284,251,0.8838028169014085,0.11619718309859155,33,0.2490234375,0.9911168416341146,0.27734375,0.015625,0.99609375,opensemcom,0.75,2,0.2451171875,hard,openout<=0.10,0.41244264841079664
255,235,0.9215686274509803,0.0784313725490196,20,0.2470703125,0.9765421549479166,0.2490234375,0.04296875,0.98828125,msp,0.75,2,0.2294921875,hard,openout<=0.05,0.0031293878305852976
272,243,0.8933823529411765,0.10661764705882353,29,0.2470703125,0.9765421549479166,0.265625,0.04296875,0.98828125,msp,0.75,2,0.2373046875,hard,openout<=0.10,0.007406513331650772
252,233,0.9246031746031746,0.07539682539682539,19,0.2470703125,0.9793599446614584,0.24609375,0.0390625,0.98828125,energy,0.75,2,0.2275390625,hard,openout<=0.05,0.013051774778466503
272,244,0.8970588235294118,0.10294117647058823,28,0.2470703125,0.9793599446614584,0.265625,0.0390625,0.98828125,energy,0.75,2,0.23828125,hard,openout<=0.10,0.026786691052020365
242,217,0.8966942148760331,0.10330578512396695,25,0.2470703125,0.9802398681640625,0.236328125,0.12890625,0.98828125,mahalanobis,0.75,2,0.2119140625,hard,openout<=0.05,0.377017038779076
283,229,0.8091872791519434,0.19081272084805653,54,0.2470703125,0.9802398681640625,0.2763671875,0.12890625,0.98828125,mahalanobis,0.75,2,0.2236328125,hard,openout<=0.10,0.40629210206523664
141,133,0.9432624113475178,0.05673758865248227,8,0.2470703125,0.9679133097330729,0.1376953125,0.1953125,0.98828125,openmax,0.75,2,0.1298828125,hard,openout<=0.05,0.14549886272814233
238,199,0.8361344537815126,0.1638655462184874,39,0.2470703125,0.9679133097330729,0.232421875,0.1953125,0.98828125,openmax,0.75,2,0.1943359375,hard,openout<=0.10,0.2610734462356864
63,48,0.7619047619047619,0.23809523809523808,15,0.2470703125,0.5054601033528646,0.0615234375,0.78125,0.98828125,vim,0.75,2,0.046875,hard,openout<=0.05,0.03604270532727243
89,56,0.6292134831460674,0.3707865168539326,33,0.2470703125,0.5054601033528646,0.0869140625,0.78125,0.98828125,vim,0.75,2,0.0546875,hard,openout<=0.10,0.13848035931587221
247,235,0.951417004048583,0.048582995951417005,12,0.2470703125,0.9870503743489584,0.2412109375,0.03515625,0.98828125,one_vs_rest,0.75,2,0.2294921875,hard,openout<=0.05,0.03291774528233991
281,244,0.8683274021352313,0.13167259786476868,37,0.2470703125,0.9870503743489584,0.2744140625,0.03515625,0.98828125,one_vs_rest,0.75,2,0.23828125,hard,openout<=0.10,0.3677954379708552
110,87,0.7909090909090909,0.20909090909090908,23,0.0888671875,0.989054627729054,0.107421875,0.010869565217391304,0.9891304347826086,opensemcom,0.91,2,0.0849609375,extreme,openout<=0.05,0.005264330906793506
132,90,0.6818181818181818,0.3181818181818182,42,0.0888671875,0.989054627729054,0.12890625,0.010869565217391304,0.9891304347826086,opensemcom,0.91,2,0.087890625,extreme,openout<=0.10,0.41244264841079664
110,84,0.7636363636363637,0.23636363636363636,26,0.0888671875,0.977362847546184,0.107421875,0.06521739130434782,0.9891304347826086,msp,0.91,2,0.08203125,extreme,openout<=0.05,0.0031293878305852976
125,86,0.688,0.312,39,0.0888671875,0.977362847546184,0.1220703125,0.06521739130434782,0.9891304347826086,msp,0.91,2,0.083984375,extreme,openout<=0.10,0.007406513331650772
110,83,0.7545454545454545,0.24545454545454545,27,0.0888671875,0.9799986004851652,0.107421875,0.06521739130434782,0.9891304347826086,energy,0.91,2,0.0810546875,extreme,openout<=0.05,0.013051774778466503
121,86,0.7107438016528925,0.2892561983471074,35,0.0888671875,0.9799986004851652,0.1181640625,0.06521739130434782,0.9891304347826086,energy,0.91,2,0.083984375,extreme,openout<=0.10,0.026786691052020365
181,84,0.46408839779005523,0.5359116022099447,97,0.0888671875,0.9771529203209554,0.1767578125,0.14130434782608695,0.9891304347826086,mahalanobis,0.91,2,0.08203125,extreme,openout<=0.05,0.377017038779076
232,88,0.3793103448275862,0.6206896551724138,144,0.0888671875,0.9771529203209554,0.2265625,0.14130434782608695,0.9891304347826086,mahalanobis,0.91,2,0.0859375,extreme,openout<=0.10,0.40629210206523664
121,69,0.5702479338842975,0.4297520661157025,52,0.0888671875,0.9641665889158425,0.1181640625,0.2391304347826087,0.9891304347826086,openmax,0.91,2,0.0673828125,extreme,openout<=0.05,0.14549886272814233
312,89,0.28525641025641024,0.7147435897435898,223,0.0888671875,0.9641665889158425,0.3046875,0.2391304347826087,0.9891304347826086,openmax,0.91,2,0.0869140625,extreme,openout<=0.10,0.2610734462356864
61,4,0.06557377049180328,0.9344262295081968,57,0.0888671875,0.5361424706101885,0.0595703125,1.0,0.9891304347826086,vim,0.91,2,0.00390625,extreme,openout<=0.05,0.03604270532727243
98,4,0.04081632653061224,0.9591836734693877,94,0.0888671875,0.5361424706101885,0.095703125,1.0,0.9891304347826086,vim,0.91,2,0.00390625,extreme,openout<=0.10,0.13848035931587221
105,82,0.780952380952381,0.21904761904761905,23,0.0888671875,0.9846753125583131,0.1025390625,0.06521739130434782,0.9891304347826086,one_vs_rest,0.91,2,0.080078125,extreme,openout<=0.05,0.03291774528233991
141,86,0.6099290780141844,0.3900709219858156,55,0.0888671875,0.9846753125583131,0.1376953125,0.06521739130434782,0.9891304347826086,one_vs_rest,0.91,2,0.083984375,extreme,openout<=0.10,0.3677954379708552
