accepted,accepted_correct,accepted_known_accuracy,accepted_open_outage,accepted_unsafe,accuracy,auroc,coverage,fpr95,known_id_accuracy,method,open_fraction,seed,semantic_goodput,severity,threshold
1,1,1.0,0.0,0,0.65625,0.9580078125,0.00390625,0.21875,0.875,opensemcom,0.25,0,0.00390625,mild,0.3768126964569092
13,12,0.9230769230769231,0.07692307692307693,1,0.65625,0.9580078125,0.05078125,0.21875,0.875,opensemcom,0.25,0,0.046875,mild,0.4004552513360977
26,21,0.8076923076923077,0.19230769230769232,5,0.65625,0.9580078125,0.1015625,0.21875,0.875,opensemcom,0.25,0,0.08203125,mild,0.40861403942108154
39,33,0.8461538461538461,0.15384615384615385,6,0.65625,0.9580078125,0.15234375,0.21875,0.875,opensemcom,0.25,0,0.12890625,mild,0.4179141893982887
52,46,0.8846153846153846,0.11538461538461539,6,0.65625,0.9580078125,0.203125,0.21875,0.875,opensemcom,0.25,0,0.1796875,mild,0.4228118062019348
64,58,0.90625,0.09375,6,0.65625,0.9580078125,0.25,0.21875,0.875,opensemcom,0.25,0,0.2265625,mild,0.43127914518117905
77,70,0.9090909090909091,0.09090909090909091,7,0.65625,0.9580078125,0.30078125,0.21875,0.875,opensemcom,0.25,0,0.2734375,mild,0.4369793236255646
90,82,0.9111111111111111,0.08888888888888889,8,0.65625,0.9580078125,0.3515625,0.21875,0.875,opensemcom,0.25,0,0.3203125,mild,0.4420423358678818
103,94,0.912621359223301,0.08737864077669903,9,0.65625,0.9580078125,0.40234375,0.21875,0.875,opensemcom,0.25,0,0.3671875,mild,0.44948500394821167
115,104,0.9043478260869565,0.09565217391304348,11,0.65625,0.9580078125,0.44921875,0.21875,0.875,opensemcom,0.25,0,0.40625,mild,0.4540136903524399
128,116,0.90625,0.09375,12,0.65625,0.9580078125,0.5,0.21875,0.875,opensemcom,0.25,0,0.453125,mild,0.4601583033800125
141,127,0.900709219858156,0.09929078014184398,14,0.65625,0.9580078125,0.55078125,0.21875,0.875,opensemcom,0.25,0,0.49609375,mild,0.46832476556301117
154,138,0.8961038961038961,0.1038961038961039,16,0.65625,0.9580078125,0.6015625,0.21875,0.875,opensemcom,0.25,0,0.5390625,mild,0.47463107109069824
166,147,0.8855421686746988,0.1144578313253012,19,0.65625,0.9580078125,0.6484375,0.21875,0.875,opensemcom,0.25,0,0.57421875,mild,0.4848413020372391
179,156,0.8715083798882681,0.12849162011173185,23,0.65625,0.9580078125,0.69921875,0.21875,0.875,opensemcom,0.25,0,0.609375,mild,0.50092351436615
192,164,0.8541666666666666,0.14583333333333334,28,0.65625,0.9580078125,0.75,0.21875,0.875,opensemcom,0.25,0,0.640625,mild,0.5185212045907974
205,167,0.8146341463414634,0.18536585365853658,38,0.65625,0.9580078125,0.80078125,0.21875,0.875,opensemcom,0.25,0,0.65234375,mild,0.5461075901985168
217,167,0.7695852534562212,0.2304147465437788,50,0.65625,0.9580078125,0.84765625,0.21875,0.875,opensemcom,0.25,0,0.65234375,mild,0.5574414879083633
230,167,0.7260869565217392,0.27391304347826084,63,0.65625,0.9580078125,0.8984375,0.21875,0.875,opensemcom,0.25,0,0.65234375,mild,0.5765077471733093
243,168,0.691358024691358,0.30864197530864196,75,0.65625,0.9580078125,0.94921875,0.21875,0.875,opensemcom,0.25,0,0.65625,mild,0.5875590890645981
256,168,0.65625,0.34375,88,0.65625,0.9580078125,1.0,0.21875,0.875,opensemcom,0.25,0,0.65625,mild,0.6660772562026978
1,1,1.0,0.0,0,0.71875,0.9689127604166666,0.00390625,0.14583333333333334,0.9583333333333334,msp,0.25,0,0.00390625,mild,7.704952241116558e-06
13,13,1.0,0.0,0,0.71875,0.9689127604166666,0.05078125,0.14583333333333334,0.9583333333333334,msp,0.25,0,0.05078125,mild,0.00016957187105293148
26,26,1.0,0.0,0,0.71875,0.9689127604166666,0.1015625,0.14583333333333334,0.9583333333333334,msp,0.25,0,0.1015625,mild,0.0003006605028867404
39,39,1.0,0.0,0,0.71875,0.9689127604166666,0.15234375,0.14583333333333334,0.9583333333333334,msp,0.25,0,0.15234375,mild,0.0005230261812225467
52,52,1.0,0.0,0,0.71875,0.9689127604166666,0.203125,0.14583333333333334,0.9583333333333334,msp,0.25,0,0.203125,mild,0.0009272527714433432
64,64,1.0,0.0,0,0.71875,0.9689127604166666,0.25,0.14583333333333334,0.9583333333333334,msp,0.25,0,0.25,mild,0.0011995409163773063
77,77,1.0,0.0,0,0.71875,0.9689127604166666,0.30078125,0.14583333333333334,0.9583333333333334,msp,0.25,0,0.30078125,mild,0.0017520680286835513
90,90,1.0,0.0,0,0.71875,0.9689127604166666,0.3515625,0.14583333333333334,0.9583333333333334,msp,0.25,0,0.3515625,mild,0.0023665103569972816
103,103,1.0,0.0,0,0.71875,0.9689127604166666,0.40234375,0.14583333333333334,0.9583333333333334,msp,0.25,0,0.40234375,mild,0.003161002925412215
115,114,0.991304347826087,0.008695652173913044,1,0.71875,0.9689127604166666,0.44921875,0.14583333333333334,0.9583333333333334,msp,0.25,0,0.4453125,mild,0.004783337935981569
128,126,0.984375,0.015625,2,0.71875,0.9689127604166666,0.5,0.14583333333333334,0.9583333333333334,msp,0.25,0,0.4921875,mild,0.007390294691942856
141,139,0.9858156028368794,0.014184397163120567,2,0.71875,0.9689127604166666,0.55078125,0.14583333333333334,0.9583333333333334,msp,0.25,0,0.54296875,mild,0.013376258121441414
154,152,0.987012987012987,0.012987012987012988,2,0.71875,0.9689127604166666,0.6015625,0.14583333333333334,0.9583333333333334,msp,0.25,0,0.59375,mild,0.02704605168821319
166,162,0.9759036144578314,0.024096385542168676,4,0.71875,0.9689127604166666,0.6484375,0.14583333333333334,0.9583333333333334,msp,0.25,0,0.6328125,mild,0.071026944236639
179,171,0.9553072625698324,0.0446927374301676,8,0.71875,0.9689127604166666,0.69921875,0.14583333333333334,0.9583333333333334,msp,0.25,0,0.66796875,mild,0.10214800626083607
192,179,0.9322916666666666,0.06770833333333333,13,0.71875,0.9689127604166666,0.75,0.14583333333333334,0.9583333333333334,msp,0.25,0,0.69921875,mild,0.15084650816572123
205,184,0.8975609756097561,0.1024390243902439,21,0.71875,0.9689127604166666,0.80078125,0.14583333333333334,0.9583333333333334,msp,0.25,0,0.71875,mild,0.3039714431118621
217,184,0.847926267281106,0.15207373271889402,33,0.71875,0.9689127604166666,0.84765625,0.14583333333333334,0.9583333333333334,msp,0.25,0,0.71875,mild,0.41675457596659105
230,184,0.8,0.2,46,0.71875,0.9689127604166666,0.8984375,0.14583333333333334,0.9583333333333334,msp,0.25,0,0.71875,mild,0.530756473062283
243,184,0.757201646090535,0.24279835390946503,59,0.71875,0.9689127604166666,0.94921875,0.14583333333333334,0.9583333333333334,msp,0.25,0,0.71875,mild,0.5700019304272665
256,184,0.71875,0.28125,72,0.71875,0.9689127604166666,1.0,0.14583333333333334,0.9583333333333334,msp,0.25,0,0.71875,mild,0.7464701003198966
1,1,1.0,0.0,0,0.71875,0.9720865885416666,0.00390625,0.140625,0.9583333333333334,energy,0.25,0,0.00390625,mild,5.9887930518317894e-05
13,13,1.0,0.0,0,0.71875,0.9720865885416666,0.05078125,0.140625,0.9583333333333334,energy,0.25,0,0.05078125,mild,0.0010290816309454236
26,26,1.0,0.0,0,0.71875,0.9720865885416666,0.1015625,0.140625,0.9583333333333334,energy,0.25,0,0.1015625,mild,0.0017714674281340249
39,39,1.0,0.0,0,0.71875,0.9720865885416666,0.15234375,0.140625,0.9583333333333334,energy,0.25,0,0.15234375,mild,0.0029196171748364723
52,52,1.0,0.0,0,0.71875,0.9720865885416666,0.203125,0.140625,0.9583333333333334,energy,0.25,0,0.203125,mild,0.004905619985716397
64,64,1.0,0.0,0,0.71875,0.9720865885416666,0.25,0.140625,0.9583333333333334,energy,0.25,0,0.25,mild,0.006078244395075565
77,77,1.0,0.0,0,0.71875,0.9720865885416666,0.30078125,0.140625,0.9583333333333334,energy,0.25,0,0.30078125,mild,0.008181949185744266
90,90,1.0,0.0,0,0.71875,0.9720865885416666,0.3515625,0.140625,0.9583333333333334,energy,0.25,0,0.3515625,mild,0.010431824976027565
103,103,1.0,0.0,0,0.71875,0.9720865885416666,0.40234375,0.140625,0.9583333333333334,energy,0.25,0,0.40234375,mild,0.013555833306054636
115,114,0.991304347826087,0.008695652173913044,1,0.71875,0.9720865885416666,0.44921875,0.140625,0.9583333333333334,energy,0.25,0,0.4453125,mild,0.020321522319578546
128,126,0.984375,0.015625,2,0.71875,0.9720865885416666,0.5,0.140625,0.9583333333333334,energy,0.25,0,0.4921875,mild,0.030169420668734154
141,139,0.9858156028368794,0.014184397163120567,2,0.71875,0.9720865885416666,0.55078125,0.140625,0.9583333333333334,energy,0.25,0,0.54296875,mild,0.04782795639313052
154,152,0.987012987012987,0.012987012987012988,2,0.71875,0.9720865885416666,0.6015625,0.140625,0.9583333333333334,energy,0.25,0,0.59375,mild,0.08630000711407561
166,162,0.9759036144578314,0.024096385542168676,4,0.71875,0.9720865885416666,0.6484375,0.140625,0.9583333333333334,energy,0.25,0,0.6328125,mild,0.16987082469849146
179,172,0.9608938547486033,0.03910614525139665,7,0.71875,0.9720865885416666,0.69921875,0.140625,0.9583333333333334,energy,0.25,0,0.671875,mild,0.23077316610563217
192,179,0.9322916666666666,0.06770833333333333,13,0.71875,0.9720865885416666,0.75,0.140625,0.9583333333333334,energy,0.25,0,0.69921875,mild,0.3304187078766606
205,184,0.8975609756097561,0.1024390243902439,21,0.71875,0.9720865885416666,0.80078125,0.140625,0.9583333333333334,energy,0.25,0,0.71875,mild,0.5033040782175342
217,184,0.847926267281106,0.15207373271889402,33,0.71875,0.9720865885416666,0.84765625,0.140625,0.9583333333333334,energy,0.25,0,0.71875,mild,0.6457700359473209
230,184,0.8,0.2,46,0.71875,0.9720865885416666,0.8984375,0.140625,0.9583333333333334,energy,0.25,0,0.71875,mild,0.7401857711118077
243,184,0.757201646090535,0.24279835390946503,59,0.71875,0.9720865885416666,0.94921875,0.140625,0.9583333333333334,energy,0.25,0,0.71875,mild,0.7950626254292471
256,184,0.71875,0.28125,72,0.71875,0.9720865885416666,1.0,0.140625,0.9583333333333334,energy,0.25,0,0.71875,mild,0.9587456663809413
13,13,1.0,0.0,0,0.71875,0.9998372395833334,0.05078125,0.0,0.9583333333333334,mahalanobis,0.25,0,0.05078125,mild,0.0
13,13,1.0,0.0,0,0.71875,0.9998372395833334,0.05078125,0.0,0.9583333333333334,mahalanobis,0.25,0,0.05078125,mild,9.82109866977262e-06
26,26,1.0,0.0,0,0.71875,0.9998372395833334,0.1015625,0.0,0.9583333333333334,mahalanobis,0.25,0,0.1015625,mild,0.009119983477586746
39,39,1.0,0.0,0,0.71875,0.9998372395833334,0.15234375,0.0,0.9583333333333334,mahalanobis,0.25,0,0.15234375,mild,0.2889719984770971
52,52,1.0,0.0,0,0.71875,0.9998372395833334,0.203125,0.0,0.9583333333333334,mahalanobis,0.25,0,0.203125,mild,0.32484628255261605
64,64,1.0,0.0,0,0.71875,0.9998372395833334,0.25,0.0,0.9583333333333334,mahalanobis,0.25,0,0.25,mild,0.3406909779871609
77,76,0.987012987012987,0.012987012987012988,1,0.71875,0.9998372395833334,0.30078125,0.0,0.9583333333333334,mahalanobis,0.25,0,0.296875,mild,0.3548024788236183
90,89,0.9888888888888889,0.011111111111111112,1,0.71875,0.9998372395833334,0.3515625,0.0,0.9583333333333334,mahalanobis,0.25,0,0.34765625,mild,0.3647251473070244
103,101,0.9805825242718447,0.019417475728155338,2,0.71875,0.9998372395833334,0.40234375,0.0,0.9583333333333334,mahalanobis,0.25,0,0.39453125,mild,0.3708926179221208
115,113,0.9826086956521739,0.017391304347826087,2,0.71875,0.9998372395833334,0.44921875,0.0,0.9583333333333334,mahalanobis,0.25,0,0.44140625,mild,0.3791477132550155
128,125,0.9765625,0.0234375,3,0.71875,0.9998372395833334,0.5,0.0,0.9583333333333334,mahalanobis,0.25,0,0.48828125,mild,0.38693998160973164
141,136,0.9645390070921985,0.03546099290780142,5,0.71875,0.9998372395833334,0.55078125,0.0,0.9583333333333334,mahalanobis,0.25,0,0.53125,mild,0.39603464796613613
154,148,0.961038961038961,0.03896103896103896,6,0.71875,0.9998372395833334,0.6015625,0.0,0.9583333333333334,mahalanobis,0.25,0,0.578125,mild,0.4043277823571855
166,160,0.963855421686747,0.03614457831325301,6,0.71875,0.9998372395833334,0.6484375,0.0,0.9583333333333334,mahalanobis,0.25,0,0.625,mild,0.41676023030091736
179,172,0.9608938547486033,0.03910614525139665,7,0.71875,0.9998372395833334,0.69921875,0.0,0.9583333333333334,mahalanobis,0.25,0,0.671875,mild,0.43212471398171143
192,184,0.9583333333333334,0.041666666666666664,8,0.71875,0.9998372395833334,0.75,0.0,0.9583333333333334,mahalanobis,0.25,0,0.71875,mild,0.4718801784004544
205,184,0.8975609756097561,0.1024390243902439,21,0.71875,0.9998372395833334,0.80078125,0.0,0.9583333333333334,mahalanobis,0.25,0,0.71875,mild,0.937878159933471
217,184,0.847926267281106,0.15207373271889402,33,0.71875,0.9998372395833334,0.84765625,0.0,0.9583333333333334,mahalanobis,0.25,0,0.71875,mild,0.9541696620739454
230,184,0.8,0.2,46,0.71875,0.9998372395833334,0.8984375,0.0,0.9583333333333334,mahalanobis,0.25,0,0.71875,mild,0.9742449739578314
243,184,0.757201646090535,0.24279835390946503,59,0.71875,0.9998372395833334,0.94921875,0.0,0.9583333333333334,mahalanobis,0.25,0,0.71875,mild,0.9990847753792534
256,184,0.71875,0.28125,72,0.71875,0.9998372395833334,1.0,0.0,0.9583333333333334,mahalanobis,0.25,0,0.71875,mild,1.0
13,13,1.0,0.0,0,0.71875,0.994384765625,0.05078125,0.0,0.9583333333333334,openmax,0.25,0,0.05078125,mild,0.0
13,13,1.0,0.0,0,0.71875,0.994384765625,0.05078125,0.0,0.9583333333333334,openmax,0.25,0,0.05078125,mild,0.0014111649478640788
26,24,0.9230769230769231,0.07692307692307693,2,0.71875,0.994384765625,0.1015625,0.0,0.9583333333333334,openmax,0.25,0,0.09375,mild,0.03866854322412258
39,37,0.9487179487179487,0.05128205128205128,2,0.71875,0.994384765625,0.15234375,0.0,0.9583333333333334,openmax,0.25,0,0.14453125,mild,0.07762676364679183
52,49,0.9423076923076923,0.057692307692307696,3,0.71875,0.994384765625,0.203125,0.0,0.9583333333333334,openmax,0.25,0,0.19140625,mild,0.10179570844169201
65,62,0.9538461538461539,0.046153846153846156,3,0.71875,0.994384765625,0.25390625,0.0,0.9583333333333334,openmax,0.25,0,0.2421875,mild,0.1224261873649873
77,74,0.961038961038961,0.03896103896103896,3,0.71875,0.994384765625,0.30078125,0.0,0.9583333333333334,openmax,0.25,0,0.2890625,mild,0.1449988861851971
90,86,0.9555555555555556,0.044444444444444446,4,0.71875,0.994384765625,0.3515625,0.0,0.9583333333333334,openmax,0.25,0,0.3359375,mild,0.16241160962028733
103,99,0.9611650485436893,0.038834951456310676,4,0.71875,0.994384765625,0.40234375,0.0,0.9583333333333334,openmax,0.25,0,0.38671875,mild,0.189862356388304
116,111,0.9568965517241379,0.04310344827586207,5,0.71875,0.994384765625,0.453125,0.0,0.9583333333333334,openmax,0.25,0,0.43359375,mild,0.20401526395703834
128,122,0.953125,0.046875,6,0.71875,0.994384765625,0.5,0.0,0.9583333333333334,openmax,0.25,0,0.4765625,mild,0.22296086968025408
141,135,0.9574468085106383,0.0425531914893617,6,0.71875,0.994384765625,0.55078125,0.0,0.9583333333333334,openmax,0.25,0,0.52734375,mild,0.24696898132461173
154,146,0.948051948051948,0.05194805194805195,8,0.71875,0.994384765625,0.6015625,0.0,0.9583333333333334,openmax,0.25,0,0.5703125,mild,0.2770341288218572
166,158,0.9518072289156626,0.04819277108433735,8,0.71875,0.994384765625,0.6484375,0.0,0.9583333333333334,openmax,0.25,0,0.6171875,mild,0.33267652684379023
179,170,0.9497206703910615,0.05027932960893855,9,0.71875,0.994384765625,0.69921875,0.0,0.9583333333333334,openmax,0.25,0,0.6640625,mild,0.3738817000654634
192,183,0.953125,0.046875,9,0.71875,0.994384765625,0.75,0.0,0.9583333333333334,openmax,0.25,0,0.71484375,mild,0.4077421138924712
205,184,0.8975609756097561,0.1024390243902439,21,0.71875,0.994384765625,0.80078125,0.0,0.9583333333333334,openmax,0.25,0,0.71875,mild,0.8902601034951594
217,184,0.847926267281106,0.15207373271889402,33,0.71875,0.994384765625,0.84765625,0.0,0.9583333333333334,openmax,0.25,0,0.71875,mild,0.9270898366319607
230,184,0.8,0.2,46,0.71875,0.994384765625,0.8984375,0.0,0.9583333333333334,openmax,0.25,0,0.71875,mild,0.9529413331125618
243,184,0.757201646090535,0.24279835390946503,59,0.71875,0.994384765625,0.94921875,0.0,0.9583333333333334,openmax,0.25,0,0.71875,mild,0.9980382520703727
256,184,0.71875,0.28125,72,0.71875,0.994384765625,1.0,0.0,0.9583333333333334,openmax,0.25,0,0.71875,mild,1.0
13,6,0.46153846153846156,0.5384615384615384,7,0.71875,0.218994140625,0.05078125,1.0,0.9583333333333334,vim,0.25,0,0.0234375,mild,0.0
13,6,0.46153846153846156,0.5384615384615384,7,0.71875,0.218994140625,0.05078125,1.0,0.9583333333333334,vim,0.25,0,0.0234375,mild,0.000774932443164289
26,12,0.46153846153846156,0.5384615384615384,14,0.71875,0.218994140625,0.1015625,1.0,0.9583333333333334,vim,0.25,0,0.046875,mild,0.03306196816265583
39,19,0.48717948717948717,0.5128205128205128,20,0.71875,0.218994140625,0.15234375,1.0,0.9583333333333334,vim,0.25,0,0.07421875,mild,0.06997674331069002
52,28,0.5384615384615384,0.46153846153846156,24,0.71875,0.218994140625,0.203125,1.0,0.9583333333333334,vim,0.25,0,0.109375,mild,0.11060341447591782
64,33,0.515625,0.484375,31,0.71875,0.218994140625,0.25,1.0,0.9583333333333334,vim,0.25,0,0.12890625,mild,0.15651554614305496
77,41,0.5324675324675324,0.4675324675324675,36,0.71875,0.218994140625,0.30078125,1.0,0.9583333333333334,vim,0.25,0,0.16015625,mild,0.17849259823560717
90,45,0.5,0.5,45,0.71875,0.218994140625,0.3515625,1.0,0.9583333333333334,vim,0.25,0,0.17578125,mild,0.2368174456059933
103,55,0.5339805825242718,0.46601941747572817,48,0.71875,0.218994140625,0.40234375,1.0,0.9583333333333334,vim,0.25,0,0.21484375,mild,0.284061461687088
115,62,0.5391304347826087,0.4608695652173913,53,0.71875,0.218994140625,0.44921875,1.0,0.9583333333333334,vim,0.25,0,0.2421875,mild,0.3361819088459015
128,73,0.5703125,0.4296875,55,0.71875,0.218994140625,0.5,1.0,0.9583333333333334,vim,0.25,0,0.28515625,mild,0.38511861860752106
141,83,0.5886524822695035,0.41134751773049644,58,0.71875,0.218994140625,0.55078125,1.0,0.9583333333333334,vim,0.25,0,0.32421875,mild,0.43115417659282684
154,93,0.6038961038961039,0.3961038961038961,61,0.71875,0.218994140625,0.6015625,1.0,0.9583333333333334,vim,0.25,0,0.36328125,mild,0.5242963433265687
166,103,0.6204819277108434,0.3795180722891566,63,0.71875,0.218994140625,0.6484375,1.0,0.9583333333333334,vim,0.25,0,0.40234375,mild,0.5828457921743393
179,112,0.6256983240223464,0.3743016759776536,67,0.71875,0.218994140625,0.69921875,1.0,0.9583333333333334,vim,0.25,0,0.4375,mild,0.6603606641292574
192,123,0.640625,0.359375,69,0.71875,0.218994140625,0.75,1.0,0.9583333333333334,vim,0.25,0,0.48046875,mild,0.7126290649175644
205,133,0.6487804878048781,0.35121951219512193,72,0.71875,0.218994140625,0.80078125,1.0,0.9583333333333334,vim,0.25,0,0.51953125,mild,0.7712407112121582
217,145,0.6682027649769585,0.3317972350230415,72,0.71875,0.218994140625,0.84765625,1.0,0.9583333333333334,vim,0.25,0,0.56640625,mild,0.8162577599287035
230,158,0.6869565217391305,0.3130434782608696,72,0.71875,0.218994140625,0.8984375,1.0,0.9583333333333334,vim,0.25,0,0.6171875,mild,0.9098978936672211
243,171,0.7037037037037037,0.2962962962962963,72,0.71875,0.218994140625,0.94921875,1.0,0.9583333333333334,vim,0.25,0,0.66796875,mild,0.9975978583097459
256,184,0.71875,0.28125,72,0.71875,0.218994140625,1.0,1.0,0.9583333333333334,vim,0.25,0,0.71875,mild,1.0
1,1,1.0,0.0,0,0.71875,0.9930013020833334,0.00390625,0.020833333333333332,0.9583333333333334,one_vs_rest,0.25,0,0.00390625,mild,9.494153837681449e-06
13,13,1.0,0.0,0,0.71875,0.9930013020833334,0.05078125,0.020833333333333332,0.9583333333333334,one_vs_rest,0.25,0,0.05078125,mild,0.00015994463242373783
26,26,1.0,0.0,0,0.71875,0.9930013020833334,0.1015625,0.020833333333333332,0.9583333333333334,one_vs_rest,0.25,0,0.1015625,mild,0.0004584127376007852
39,39,1.0,0.0,0,0.71875,0.9930013020833334,0.15234375,0.020833333333333332,0.9583333333333334,one_vs_rest,0.25,0,0.15234375,mild,0.0007329517805856669
52,52,1.0,0.0,0,0.71875,0.9930013020833334,0.203125,0.020833333333333332,0.9583333333333334,one_vs_rest,0.25,0,0.203125,mild,0.0011732589528414869
64,64,1.0,0.0,0,0.71875,0.9930013020833334,0.25,0.020833333333333332,0.9583333333333334,one_vs_rest,0.25,0,0.25,mild,0.0014504436353157011
77,77,1.0,0.0,0,0.71875,0.9930013020833334,0.30078125,0.020833333333333332,0.9583333333333334,one_vs_rest,0.25,0,0.30078125,mild,0.0020512751060247194
90,90,1.0,0.0,0,0.71875,0.9930013020833334,0.3515625,0.020833333333333332,0.9583333333333334,one_vs_rest,0.25,0,0.3515625,mild,0.0030840292707450733
103,103,1.0,0.0,0,0.71875,0.9930013020833334,0.40234375,0.020833333333333332,0.9583333333333334,one_vs_rest,0.25,0,0.40234375,mild,0.004573730426584829
115,115,1.0,0.0,0,0.71875,0.9930013020833334,0.44921875,0.020833333333333332,0.9583333333333334,one_vs_rest,0.25,0,0.44921875,mild,0.007993252265264275
128,127,0.9921875,0.0078125,1,0.71875,0.9930013020833334,0.5,0.020833333333333332,0.9583333333333334,one_vs_rest,0.25,0,0.49609375,mild,0.012516505887364648
141,139,0.9858156028368794,0.014184397163120567,2,0.71875,0.9930013020833334,0.55078125,0.020833333333333332,0.9583333333333334,one_vs_rest,0.25,0,0.54296875,mild,0.03414059459749931
154,152,0.987012987012987,0.012987012987012988,2,0.71875,0.9930013020833334,0.6015625,0.020833333333333332,0.9583333333333334,one_vs_rest,0.25,0,0.59375,mild,0.05812227864994433
166,163,0.9819277108433735,0.018072289156626505,3,0.71875,0.9930013020833334,0.6484375,0.020833333333333332,0.9583333333333334,one_vs_rest,0.25,0,0.63671875,mild,0.10833939131030562
179,174,0.9720670391061452,0.027932960893854747,5,0.71875,0.9930013020833334,0.69921875,0.020833333333333332,0.9583333333333334,one_vs_rest,0.25,0,0.6796875,mild,0.2302263108101794
192,182,0.9479166666666666,0.052083333333333336,10,0.71875,0.9930013020833334,0.75,0.020833333333333332,0.9583333333333334,one_vs_rest,0.25,0,0.7109375,mild,0.6475616177726242
205,184,0.8975609756097561,0.1024390243902439,21,0.71875,0.9930013020833334,0.80078125,0.020833333333333332,0.9583333333333334,one_vs_rest,0.25,0,0.71875,mild,0.9339728875706953
217,184,0.847926267281106,0.15207373271889402,33,0.71875,0.9930013020833334,0.84765625,0.020833333333333332,0.9583333333333334,one_vs_rest,0.25,0,0.71875,mild,0.9774718693008558
230,184,0.8,0.2,46,0.71875,0.9930013020833334,0.8984375,0.020833333333333332,0.9583333333333334,one_vs_rest,0.25,0,0.71875,mild,0.9940295521880813
243,184,0.757201646090535,0.24279835390946503,59,0.71875,0.9930013020833334,0.94921875,0.020833333333333332,0.9583333333333334,one_vs_rest,0.25,0,0.71875,mild,0.998982332119359
256,184,0.71875,0.28125,72,0.71875,0.9930013020833334,1.0,0.020833333333333332,0.9583333333333334,one_vs_rest,0.25,0,0.71875,mild,0.9999850267127419
1,1,1.0,0.0,0,0.08984375,0.9548423213286061,0.00390625,0.2608695652173913,1.0,opensemcom,0.91,0,0.00390625,extreme,0.39182180166244507
13,10,0.7692307692307693,0.23076923076923078,3,0.08984375,0.9548423213286061,0.05078125,0.2608695652173913,1.0,opensemcom,0.91,0,0.0390625,extreme,0.4356643632054329
26,15,0.5769230769230769,0.4230769230769231,11,0.08984375,0.9548423213286061,0.1015625,0.2608695652173913,1.0,opensemcom,0.91,0,0.05859375,extreme,0.4604296386241913
39,19,0.48717948717948717,0.5128205128205128,20,0.08984375,0.9548423213286061,0.15234375,0.2608695652173913,1.0,opensemcom,0.91,0,0.07421875,extreme,0.48001332581043243
52,22,0.4230769230769231,0.5769230769230769,30,0.08984375,0.9548423213286061,0.203125,0.2608695652173913,1.0,opensemcom,0.91,0,0.0859375,extreme,0.4888302683830261
64,22,0.34375,0.65625,42,0.08984375,0.9548423213286061,0.25,0.2608695652173913,1.0,opensemcom,0.91,0,0.0859375,extreme,0.5046618282794952
77,23,0.2987012987012987,0.7012987012987013,54,0.08984375,0.9548423213286061,0.30078125,0.2608695652173913,1.0,opensemcom,0.91,0,0.08984375,extreme,0.5137695670127869
90,23,0.25555555555555554,0.7444444444444445,67,0.08984375,0.9548423213286061,0.3515625,0.2608695652173913,1.0,opensemcom,0.91,0,0.08984375,extreme,0.5229695737361908
103,23,0.22330097087378642,0.7766990291262136,80,0.08984375,0.9548423213286061,0.40234375,0.2608695652173913,1.0,opensemcom,0.91,0,0.08984375,extreme,0.5327814221382141
115,23,0.2,0.8,92,0.08984375,0.9548423213286061,0.44921875,0.2608695652173913,1.0,opensemcom,0.91,0,0.08984375,extreme,0.5427672415971756
128,23,0.1796875,0.8203125,105,0.08984375,0.9548423213286061,0.5,0.2608695652173913,1.0,opensemcom,0.91,0,0.08984375,extreme,0.5512214004993439
141,23,0.16312056737588654,0.8368794326241135,118,0.08984375,0.9548423213286061,0.55078125,0.2608695652173913,1.0,opensemcom,0.91,0,0.08984375,extreme,0.5562596470117569
154,23,0.14935064935064934,0.8506493506493507,131,0.08984375,0.9548423213286061,0.6015625,0.2608695652173913,1.0,opensemcom,0.91,0,0.08984375,extreme,0.5625246167182922
166,23,0.13855421686746988,0.8614457831325302,143,0.08984375,0.9548423213286061,0.6484375,0.2608695652173913,1.0,opensemcom,0.91,0,0.08984375,extreme,0.5703105628490448
179,23,0.12849162011173185,0.8715083798882681,156,0.08984375,0.9548423213286061,0.69921875,0.2608695652173913,1.0,opensemcom,0.91,0,0.08984375,extreme,0.5794754028320312
192,23,0.11979166666666667,0.8802083333333334,169,0.08984375,0.9548423213286061,0.75,0.2608695652173913,1.0,opensemcom,0.91,0,0.08984375,extreme,0.5841693133115768
205,23,0.11219512195121951,0.8878048780487805,182,0.08984375,0.9548423213286061,0.80078125,0.2608695652173913,1.0,opensemcom,0.91,0,0.08984375,extreme,0.5918566584587097
217,23,0.10599078341013825,0.8940092165898618,194,0.08984375,0.9548423213286061,0.84765625,0.2608695652173913,1.0,opensemcom,0.91,0,0.08984375,extreme,0.600152462720871
230,23,0.1,0.9,207,0.08984375,0.9548423213286061,0.8984375,0.2608695652173913,1.0,opensemcom,0.91,0,0.08984375,extreme,0.607472836971283
243,23,0.09465020576131687,0.9053497942386831,220,0.08984375,0.9548423213286061,0.94921875,0.2608695652173913,1.0,opensemcom,0.91,0,0.08984375,extreme,0.6220487952232361
256,23,0.08984375,0.91015625,233,0.08984375,0.9548423213286061,1.0,0.2608695652173913,1.0,opensemcom,0.91,0,0.08984375,extreme,0.6815387010574341
1,1,1.0,0.0,0,0.08984375,0.9632394103377496,0.00390625,0.17391304347826086,1.0,msp,0.91,0,0.00390625,extreme,3.684913291990277e-05
13,12,0.9230769230769231,0.07692307692307693,1,0.08984375,0.9632394103377496,0.05078125,0.17391304347826086,1.0,msp,0.91,0,0.046875,extreme,0.0012716349879665356
26,19,0.7307692307692307,0.2692307692307692,7,0.08984375,0.9632394103377496,0.1015625,0.17391304347826086,1.0,msp,0.91,0,0.07421875,extreme,0.020485513537069067
39,20,0.5128205128205128,0.48717948717948717,19,0.08984375,0.9632394103377496,0.15234375,0.17391304347826086,1.0,msp,0.91,0,0.078125,extreme,0.057605821756492655
52,21,0.40384615384615385,0.5961538461538461,31,0.08984375,0.9632394103377496,0.203125,0.17391304347826086,1.0,msp,0.91,0,0.08203125,extreme,0.12425175792191456
64,21,0.328125,0.671875,43,0.08984375,0.9632394103377496,0.25,0.17391304347826086,1.0,msp,0.91,0,0.08203125,extreme,0.17359054794454737
77,22,0.2857142857142857,0.7142857142857143,55,0.08984375,0.9632394103377496,0.30078125,0.17391304347826086,1.0,msp,0.91,0,0.0859375,extreme,0.23135846809413993
90,22,0.24444444444444444,0.7555555555555555,68,0.08984375,0.9632394103377496,0.3515625,0.17391304347826086,1.0,msp,0.91,0,0.0859375,extreme,0.2832622490474757
103,22,0.21359223300970873,0.7864077669902912,81,0.08984375,0.9632394103377496,0.40234375,0.17391304347826086,1.0,msp,0.91,0,0.0859375,extreme,0.31909793093118277
115,23,0.2,0.8,92,0.08984375,0.9632394103377496,0.44921875,0.17391304347826086,1.0,msp,0.91,0,0.08984375,extreme,0.3613339391551532
128,23,0.1796875,0.8203125,105,0.08984375,0.9632394103377496,0.5,0.17391304347826086,1.0,msp,0.91,0,0.08984375,extreme,0.40608577967340437
141,23,0.16312056737588654,0.8368794326241135,118,0.08984375,0.9632394103377496,0.55078125,0.17391304347826086,1.0,msp,0.91,0,0.08984375,extreme,0.44221084583000947
154,23,0.14935064935064934,0.8506493506493507,131,0.08984375,0.9632394103377496,0.6015625,0.17391304347826086,1.0,msp,0.91,0,0.08984375,extreme,0.4742523174429151
166,23,0.13855421686746988,0.8614457831325302,143,0.08984375,0.9632394103377496,0.6484375,0.17391304347826086,1.0,msp,0.91,0,0.08984375,extreme,0.5120395588028805
179,23,0.12849162011173185,0.8715083798882681,156,0.08984375,0.9632394103377496,0.69921875,0.17391304347826086,1.0,msp,0.91,0,0.08984375,extreme,0.5396767027577285
192,23,0.11979166666666667,0.8802083333333334,169,0.08984375,0.9632394103377496,0.75,0.17391304347826086,1.0,msp,0.91,0,0.08984375,extreme,0.5685197483952316
205,23,0.11219512195121951,0.8878048780487805,182,0.08984375,0.9632394103377496,0.80078125,0.17391304347826086,1.0,msp,0.91,0,0.08984375,extreme,0.5924546726791458
217,23,0.10599078341013825,0.8940092165898618,194,0.08984375,0.9632394103377496,0.84765625,0.17391304347826086,1.0,msp,0.91,0,0.08984375,extreme,0.6208834907677414
230,23,0.1,0.9,207,0.08984375,0.9632394103377496,0.8984375,0.17391304347826086,1.0,msp,0.91,0,0.08984375,extreme,0.6565330309331132
243,23,0.09465020576131687,0.9053497942386831,220,0.08984375,0.9632394103377496,0.94921875,0.17391304347826086,1.0,msp,0.91,0,0.08984375,extreme,0.6933461146966456
256,23,0.08984375,0.91015625,233,0.08984375,0.9632394103377496,1.0,0.17391304347826086,1.0,msp,0.91,0,0.08984375,extreme,0.7619903514906338
1,1,1.0,0.0,0,0.08984375,0.966225041985445,0.00390625,0.13043478260869565,1.0,energy,0.91,0,0.00390625,extreme,0.00025180555908709375
13,12,0.9230769230769231,0.07692307692307693,1,0.08984375,0.966225041985445,0.05078125,0.13043478260869565,1.0,energy,0.91,0,0.046875,extreme,0.006506481121204638
26,19,0.7307692307692307,0.2692307692307692,7,0.08984375,0.966225041985445,0.1015625,0.13043478260869565,1.0,energy,0.91,0,0.07421875,extreme,0.06665542752158153
39,20,0.5128205128205128,0.48717948717948717,19,0.08984375,0.966225041985445,0.15234375,0.13043478260869565,1.0,energy,0.91,0,0.078125,extreme,0.16257343156562454
52,21,0.40384615384615385,0.5961538461538461,31,0.08984375,0.966225041985445,0.203125,0.13043478260869565,1.0,energy,0.91,0,0.08203125,extreme,0.27880684851483156
64,22,0.34375,0.65625,42,0.08984375,0.966225041985445,0.25,0.13043478260869565,1.0,energy,0.91,0,0.0859375,extreme,0.3549770754243858
77,22,0.2857142857142857,0.7142857142857143,55,0.08984375,0.966225041985445,0.30078125,0.13043478260869565,1.0,energy,0.91,0,0.0859375,extreme,0.426003965733428
90,22,0.24444444444444444,0.7555555555555555,68,0.08984375,0.966225041985445,0.3515625,0.13043478260869565,1.0,energy,0.91,0,0.0859375,extreme,0.5030453331865117
103,23,0.22330097087378642,0.7766990291262136,80,0.08984375,0.966225041985445,0.40234375,0.13043478260869565,1.0,energy,0.91,0,0.08984375,extreme,0.5436693857335041
115,23,0.2,0.8,92,0.08984375,0.966225041985445,0.44921875,0.13043478260869565,1.0,energy,0.91,0,0.08984375,extreme,0.59094606692055
128,23,0.1796875,0.8203125,105,0.08984375,0.966225041985445,0.5,0.13043478260869565,1.0,energy,0.91,0,0.08984375,extreme,0.634446367721745
141,23,0.16312056737588654,0.8368794326241135,118,0.08984375,0.966225041985445,0.55078125,0.13043478260869565,1.0,energy,0.91,0,0.08984375,extreme,0.6680492285526543
154,23,0.14935064935064934,0.8506493506493507,131,0.08984375,0.966225041985445,0.6015625,0.13043478260869565,1.0,energy,0.91,0,0.08984375,extreme,0.6966486191272918
166,23,0.13855421686746988,0.8614457831325302,143,0.08984375,0.966225041985445,0.6484375,0.13043478260869565,1.0,energy,0.91,0,0.08984375,extreme,0.7268268633648296
179,23,0.12849162011173185,0.8715083798882681,156,0.08984375,0.966225041985445,0.69921875,0.13043478260869565,1.0,energy,0.91,0,0.08984375,extreme,0.7464723175505356
192,23,0.11979166666666667,0.8802083333333334,169,0.08984375,0.966225041985445,0.75,0.13043478260869565,1.0,energy,0.91,0,0.08984375,extreme,0.7737395227039277
205,23,0.11219512195121951,0.8878048780487805,182,0.08984375,0.966225041985445,0.80078125,0.13043478260869565,1.0,energy,0.91,0,0.08984375,extreme,0.8066750759033741
217,23,0.10599078341013825,0.8940092165898618,194,0.08984375,0.966225041985445,0.84765625,0.13043478260869565,1.0,energy,0.91,0,0.08984375,extreme,0.8460496829744629
230,23,0.1,0.9,207,0.08984375,0.966225041985445,0.8984375,0.13043478260869565,1.0,energy,0.91,0,0.08984375,extreme,0.8636265493428966
243,23,0.09465020576131687,0.9053497942386831,220,0.08984375,0.966225041985445,0.94921875,0.13043478260869565,1.0,energy,0.91,0,0.08984375,extreme,0.9009448222402062
256,23,0.08984375,0.91015625,233,0.08984375,0.966225041985445,1.0,0.13043478260869565,1.0,energy,0.91,0,0.08984375,extreme,0.9647400026673288
13,13,1.0,0.0,0,0.08984375,0.9992535920880762,0.05078125,0.0,1.0,mahalanobis,0.91,0,0.05078125,extreme,0.0
13,13,1.0,0.0,0,0.08984375,0.9992535920880762,0.05078125,0.0,1.0,mahalanobis,0.91,0,0.05078125,extreme,0.0014434175426370098
26,22,0.8461538461538461,0.15384615384615385,4,0.08984375,0.9992535920880762,0.1015625,0.0,1.0,mahalanobis,0.91,0,0.0859375,extreme,0.08828747962743072
39,23,0.5897435897435898,0.41025641025641024,16,0.08984375,0.9992535920880762,0.15234375,0.0,1.0,mahalanobis,0.91,0,0.08984375,extreme,0.1677473246711094
52,23,0.4423076923076923,0.5576923076923077,29,0.08984375,0.9992535920880762,0.203125,0.0,1.0,mahalanobis,0.91,0,0.08984375,extreme,0.5521712252608814
64,23,0.359375,0.640625,41,0.08984375,0.9992535920880762,0.25,0.0,1.0,mahalanobis,0.91,0,0.08984375,extreme,0.5624721918561041
77,23,0.2987012987012987,0.7012987012987013,54,0.08984375,0.9992535920880762,0.30078125,0.0,1.0,mahalanobis,0.91,0,0.08984375,extreme,0.5693135505199324
90,23,0.25555555555555554,0.7444444444444445,67,0.08984375,0.9992535920880762,0.3515625,0.0,1.0,mahalanobis,0.91,0,0.08984375,extreme,0.5764318752631841
103,23,0.22330097087378642,0.7766990291262136,80,0.08984375,0.9992535920880762,0.40234375,0.0,1.0,mahalanobis,0.91,0,0.08984375,extreme,0.5840889877551342
115,23,0.2,0.8,92,0.08984375,0.9992535920880762,0.44921875,0.0,1.0,mahalanobis,0.91,0,0.08984375,extreme,0.5908631703051088
128,23,0.1796875,0.8203125,105,0.08984375,0.9992535920880762,0.5,0.0,1.0,mahalanobis,0.91,0,0.08984375,extreme,0.5950087758118919
141,23,0.16312056737588654,0.8368794326241135,118,0.08984375,0.9992535920880762,0.55078125,0.0,1.0,mahalanobis,0.91,0,0.08984375,extreme,0.6012216764676663
154,23,0.14935064935064934,0.8506493506493507,131,0.08984375,0.9992535920880762,0.6015625,0.0,1.0,mahalanobis,0.91,0,0.08984375,extreme,0.6058378734364043
166,23,0.13855421686746988,0.8614457831325302,143,0.08984375,0.9992535920880762,0.6484375,0.0,1.0,mahalanobis,0.91,0,0.08984375,extreme,0.6095382740972364
179,23,0.12849162011173185,0.8715083798882681,156,0.08984375,0.9992535920880762,0.69921875,0.0,1.0,mahalanobis,0.91,0,0.08984375,extreme,0.6143169075434145
192,23,0.11979166666666667,0.8802083333333334,169,0.08984375,0.9992535920880762,0.75,0.0,1.0,mahalanobis,0.91,0,0.08984375,extreme,0.6207239926768625
205,23,0.11219512195121951,0.8878048780487805,182,0.08984375,0.9992535920880762,0.80078125,0.0,1.0,mahalanobis,0.91,0,0.08984375,extreme,0.6278484544314232
217,23,0.10599078341013825,0.8940092165898618,194,0.08984375,0.9992535920880762,0.84765625,0.0,1.0,mahalanobis,0.91,0,0.08984375,extreme,0.6359494380363502
230,23,0.1,0.9,207,0.08984375,0.9992535920880762,0.8984375,0.0,1.0,mahalanobis,0.91,0,0.08984375,extreme,0.7016028461442594
243,23,0.09465020576131687,0.9053497942386831,220,0.08984375,0.9992535920880762,0.94921875,0.0,1.0,mahalanobis,0.91,0,0.08984375,extreme,0.9997468557015063
256,23,0.08984375,0.91015625,233,0.08984375,0.9992535920880762,1.0,0.0,1.0,mahalanobis,0.91,0,0.08984375,extreme,1.0
13,11,0.8461538461538461,0.15384615384615385,2,0.08984375,0.9777943646202649,0.05078125,0.17391304347826086,1.0,openmax,0.91,0,0.04296875,extreme,0.0
13,11,0.8461538461538461,0.15384615384615385,2,0.08984375,0.9777943646202649,0.05078125,0.17391304347826086,1.0,openmax,0.91,0,0.04296875,extreme,0.0011524761678074055
26,18,0.6923076923076923,0.3076923076923077,8,0.08984375,0.9777943646202649,0.1015625,0.17391304347826086,1.0,openmax,0.91,0,0.0703125,extreme,0.04865841827116126
39,22,0.5641025641025641,0.4358974358974359,17,0.08984375,0.9777943646202649,0.15234375,0.17391304347826086,1.0,openmax,0.91,0,0.0859375,extreme,0.13151330530611807
52,23,0.4423076923076923,0.5576923076923077,29,0.08984375,0.9777943646202649,0.203125,0.17391304347826086,1.0,openmax,0.91,0,0.08984375,extreme,0.47871412758110315
64,23,0.359375,0.640625,41,0.08984375,0.9777943646202649,0.25,0.17391304347826086,1.0,openmax,0.91,0,0.08984375,extreme,0.50138806900692
77,23,0.2987012987012987,0.7012987012987013,54,0.08984375,0.9777943646202649,0.30078125,0.17391304347826086,1.0,openmax,0.91,0,0.08984375,extreme,0.5084884471731188
90,23,0.25555555555555554,0.7444444444444445,67,0.08984375,0.9777943646202649,0.3515625,0.17391304347826086,1.0,openmax,0.91,0,0.08984375,extreme,0.5154713628885852
103,23,0.22330097087378642,0.7766990291262136,80,0.08984375,0.9777943646202649,0.40234375,0.17391304347826086,1.0,openmax,0.91,0,0.08984375,extreme,0.5221820437695639
115,23,0.2,0.8,92,0.08984375,0.9777943646202649,0.44921875,0.17391304347826086,1.0,openmax,0.91,0,0.08984375,extreme,0.5298251419627583
128,23,0.1796875,0.8203125,105,0.08984375,0.9777943646202649,0.5,0.17391304347826086,1.0,openmax,0.91,0,0.08984375,extreme,0.5361784230037063
141,23,0.16312056737588654,0.8368794326241135,118,0.08984375,0.9777943646202649,0.55078125,0.17391304347826086,1.0,openmax,0.91,0,0.08984375,extreme,0.5409432182777437
154,23,0.14935064935064934,0.8506493506493507,131,0.08984375,0.9777943646202649,0.6015625,0.17391304347826086,1.0,openmax,0.91,0,0.08984375,extreme,0.5463955755621074
166,23,0.13855421686746988,0.8614457831325302,143,0.08984375,0.9777943646202649,0.6484375,0.17391304347826086,1.0,openmax,0.91,0,0.08984375,extreme,0.5501163547382091
179,23,0.12849162011173185,0.8715083798882681,156,0.08984375,0.9777943646202649,0.69921875,0.17391304347826086,1.0,openmax,0.91,0,0.08984375,extreme,0.5577748214082504
192,23,0.11979166666666667,0.8802083333333334,169,0.08984375,0.9777943646202649,0.75,0.17391304347826086,1.0,openmax,0.91,0,0.08984375,extreme,0.56469101429039
205,23,0.11219512195121951,0.8878048780487805,182,0.08984375,0.9777943646202649,0.80078125,0.17391304347826086,1.0,openmax,0.91,0,0.08984375,extreme,0.5718982624802021
217,23,0.10599078341013825,0.8940092165898618,194,0.08984375,0.9777943646202649,0.84765625,0.17391304347826086,1.0,openmax,0.91,0,0.08984375,extreme,0.5846601037911268
230,23,0.1,0.9,207,0.08984375,0.9777943646202649,0.8984375,0.17391304347826086,1.0,openmax,0.91,0,0.08984375,extreme,0.6655037300830156
243,23,0.09465020576131687,0.9053497942386831,220,0.08984375,0.9777943646202649,0.94921875,0.17391304347826086,1.0,openmax,0.91,0,0.08984375,extreme,0.9986047078089619
256,23,0.08984375,0.91015625,233,0.08984375,0.9777943646202649,1.0,0.17391304347826086,1.0,openmax,0.91,0,0.08984375,extreme,1.0
13,0,0.0,1.0,13,0.08984375,0.5823847732785967,0.05078125,1.0,1.0,vim,0.91,0,0.0,extreme,0.0
13,0,0.0,1.0,13,0.08984375,0.5823847732785967,0.05078125,1.0,1.0,vim,0.91,0,0.0,extreme,0.0005043992277933285
26,1,0.038461538461538464,0.9615384615384616,25,0.08984375,0.5823847732785967,0.1015625,1.0,1.0,vim,0.91,0,0.00390625,extreme,0.09388821199536324
39,3,0.07692307692307693,0.9230769230769231,36,0.08984375,0.5823847732785967,0.15234375,1.0,1.0,vim,0.91,0,0.01171875,extreme,0.16205721721053132
52,5,0.09615384615384616,0.9038461538461539,47,0.08984375,0.5823847732785967,0.203125,1.0,1.0,vim,0.91,0,0.01953125,extreme,0.21241870522499084
64,6,0.09375,0.90625,58,0.08984375,0.5823847732785967,0.25,1.0,1.0,vim,0.91,0,0.0234375,extreme,0.24598291888833046
77,9,0.11688311688311688,0.8831168831168831,68,0.08984375,0.5823847732785967,0.30078125,1.0,1.0,vim,0.91,0,0.03515625,extreme,0.29659807682037354
90,11,0.12222222222222222,0.8777777777777778,79,0.08984375,0.5823847732785967,0.3515625,1.0,1.0,vim,0.91,0,0.04296875,extreme,0.3310595974326134
103,13,0.1262135922330097,0.8737864077669902,90,0.08984375,0.5823847732785967,0.40234375,1.0,1.0,vim,0.91,0,0.05078125,extreme,0.38887283205986023
115,16,0.1391304347826087,0.8608695652173913,99,0.08984375,0.5823847732785967,0.44921875,1.0,1.0,vim,0.91,0,0.0625,extreme,0.45277292281389236
128,16,0.125,0.875,112,0.08984375,0.5823847732785967,0.5,1.0,1.0,vim,0.91,0,0.0625,extreme,0.49968698620796204
141,16,0.11347517730496454,0.8865248226950354,125,0.08984375,0.5823847732785967,0.55078125,1.0,1.0,vim,0.91,0,0.0625,extreme,0.5483970642089844
154,18,0.11688311688311688,0.8831168831168831,136,0.08984375,0.5823847732785967,0.6015625,1.0,1.0,vim,0.91,0,0.0703125,extreme,0.6099416017532353
166,18,0.10843373493975904,0.891566265060241,148,0.08984375,0.5823847732785967,0.6484375,1.0,1.0,vim,0.91,0,0.0703125,extreme,0.6646884977817535
179,18,0.1005586592178771,0.8994413407821229,161,0.08984375,0.5823847732785967,0.69921875,1.0,1.0,vim,0.91,0,0.0703125,extreme,0.7147854864597323
192,18,0.09375,0.90625,174,0.08984375,0.5823847732785967,0.75,1.0,1.0,vim,0.91,0,0.0703125,extreme,0.7354604154825211
205,20,0.0975609756097561,0.9024390243902439,185,0.08984375,0.5823847732785967,0.80078125,1.0,1.0,vim,0.91,0,0.078125,extreme,0.7918639779090881
217,21,0.0967741935483871,0.9032258064516129,196,0.08984375,0.5823847732785967,0.84765625,1.0,1.0,vim,0.91,0,0.08203125,extreme,0.8480749577283859
230,22,0.09565217391304348,0.9043478260869565,208,0.08984375,0.5823847732785967,0.8984375,1.0,1.0,vim,0.91,0,0.0859375,extreme,0.899983286857605
243,23,0.09465020576131687,0.9053497942386831,220,0.08984375,0.5823847732785967,0.94921875,1.0,1.0,vim,0.91,0,0.08984375,extreme,0.9992391020059586
256,23,0.08984375,0.91015625,233,0.08984375,0.5823847732785967,1.0,1.0,1.0,vim,0.91,0,0.08984375,extreme,1.0
1,1,1.0,0.0,0,0.08984375,0.9914163090128756,0.00390625,0.08695652173913043,1.0,one_vs_rest,0.91,0,0.00390625,extreme,0.0002494995987024057
13,13,1.0,0.0,0,0.08984375,0.9914163090128756,0.05078125,0.08695652173913043,1.0,one_vs_rest,0.91,0,0.05078125,extreme,0.009116357139333354
26,21,0.8076923076923077,0.19230769230769232,5,0.08984375,0.9914163090128756,0.1015625,0.08695652173913043,1.0,one_vs_rest,0.91,0,0.08203125,extreme,0.14056673768936961
39,22,0.5641025641025641,0.4358974358974359,17,0.08984375,0.9914163090128756,0.15234375,0.08695652173913043,1.0,one_vs_rest,0.91,0,0.0859375,extreme,0.4288994240351499
52,23,0.4423076923076923,0.5576923076923077,29,0.08984375,0.9914163090128756,0.203125,0.08695652173913043,1.0,one_vs_rest,0.91,0,0.08984375,extreme,0.6964755192242775
64,23,0.359375,0.640625,41,0.08984375,0.9914163090128756,0.25,0.08695652173913043,1.0,one_vs_rest,0.91,0,0.08984375,extreme,0.8394987367086048
77,23,0.2987012987012987,0.7012987012987013,54,0.08984375,0.9914163090128756,0.30078125,0.08695652173913043,1.0,one_vs_rest,0.91,0,0.08984375,extreme,0.8977042408713787
90,23,0.25555555555555554,0.7444444444444445,67,0.08984375,0.9914163090128756,0.3515625,0.08695652173913043,1.0,one_vs_rest,0.91,0,0.08984375,extreme,0.9400920636975226
103,23,0.22330097087378642,0.7766990291262136,80,0.08984375,0.9914163090128756,0.40234375,0.08695652173913043,1.0,one_vs_rest,0.91,0,0.08984375,extreme,0.959824395040997
115,23,0.2,0.8,92,0.08984375,0.9914163090128756,0.44921875,0.08695652173913043,1.0,one_vs_rest,0.91,0,0.08984375,extreme,0.9739433630751191
128,23,0.1796875,0.8203125,105,0.08984375,0.9914163090128756,0.5,0.08695652173913043,1.0,one_vs_rest,0.91,0,0.08984375,extreme,0.9834471696616758
141,23,0.16312056737588654,0.8368794326241135,118,0.08984375,0.9914163090128756,0.55078125,0.08695652173913043,1.0,one_vs_rest,0.91,0,0.08984375,extreme,0.990782508128531
154,23,0.14935064935064934,0.8506493506493507,131,0.08984375,0.9914163090128756,0.6015625,0.08695652173913043,1.0,one_vs_rest,0.91,0,0.08984375,extreme,0.9927224223925698
166,23,0.13855421686746988,0.8614457831325302,143,0.08984375,0.9914163090128756,0.6484375,0.08695652173913043,1.0,one_vs_rest,0.91,0,0.08984375,extreme,0.9957023773647502
179,23,0.12849162011173185,0.8715083798882681,156,0.08984375,0.9914163090128756,0.69921875,0.08695652173913043,1.0,one_vs_rest,0.91,0,0.08984375,extreme,0.9966429317860557
192,23,0.11979166666666667,0.8802083333333334,169,0.08984375,0.9914163090128756,0.75,0.08695652173913043,1.0,one_vs_rest,0.91,0,0.08984375,extreme,0.997962535456304
205,23,0.11219512195121951,0.8878048780487805,182,0.08984375,0.9914163090128756,0.80078125,0.08695652173913043,1.0,one_vs_rest,0.91,0,0.08984375,extreme,0.9985995662099258
217,23,0.10599078341013825,0.8940092165898618,194,0.08984375,0.9914163090128756,0.84765625,0.08695652173913043,1.0,one_vs_rest,0.91,0,0.08984375,extreme,0.9992380462868053
230,23,0.1,0.9,207,0.08984375,0.9914163090128756,0.8984375,0.08695652173913043,1.0,one_vs_rest,0.91,0,0.08984375,extreme,0.9996825650595388
243,23,0.09465020576131687,0.9053497942386831,220,0.08984375,0.9914163090128756,0.94921875,0.08695652173913043,1.0,one_vs_rest,0.91,0,0.08984375,extreme,0.9999500705157318
256,23,0.08984375,0.91015625,233,0.08984375,0.9914163090128756,1.0,0.08695652173913043,1.0,one_vs_rest,0.91,0,0.08984375,extreme,0.9999977488007248
