accepted,accepted_correct,accepted_known_accuracy,accepted_open_outage,accepted_unsafe,accuracy,auroc,backbone,coverage,detector_control,fpr95,known_id_accuracy,method,open_fraction,seed,semantic_goodput,severity,threshold
1,1,1.0,0.0,0,0.7109375,0.9944661458333334,dino+siglip2+openclip,0.00390625,learned_selective_risk+confirmed_fallback,0.010416666666666666,0.9479166666666666,opensemcom,0.25,0,0.00390625,mild,6.2700929952261015e-06
13,13,1.0,0.0,0,0.7109375,0.9944661458333334,dino+siglip2+openclip,0.05078125,learned_selective_risk+confirmed_fallback,0.010416666666666666,0.9479166666666666,opensemcom,0.25,0,0.05078125,mild,0.00014184739973171096
26,26,1.0,0.0,0,0.7109375,0.9944661458333334,dino+siglip2+openclip,0.1015625,learned_selective_risk+confirmed_fallback,0.010416666666666666,0.9479166666666666,opensemcom,0.25,0,0.1015625,mild,0.00022354156938036274
39,39,1.0,0.0,0,0.7109375,0.9944661458333334,dino+siglip2+openclip,0.15234375,learned_selective_risk+confirmed_fallback,0.010416666666666666,0.9479166666666666,opensemcom,0.25,0,0.15234375,mild,0.0004415053590372718
52,52,1.0,0.0,0,0.7109375,0.9944661458333334,dino+siglip2+openclip,0.203125,learned_selective_risk+confirmed_fallback,0.010416666666666666,0.9479166666666666,opensemcom,0.25,0,0.203125,mild,0.0006201139651332653
64,64,1.0,0.0,0,0.7109375,0.9944661458333334,dino+siglip2+openclip,0.25,learned_selective_risk+confirmed_fallback,0.010416666666666666,0.9479166666666666,opensemcom,0.25,0,0.25,mild,0.0009481770691072305
77,76,0.987012987012987,0.012987012987012988,1,0.7109375,0.9944661458333334,dino+siglip2+openclip,0.30078125,learned_selective_risk+confirmed_fallback,0.010416666666666666,0.9479166666666666,opensemcom,0.25,0,0.296875,mild,0.0013330811914130168
90,88,0.9777777777777777,0.022222222222222223,2,0.7109375,0.9944661458333334,dino+siglip2+openclip,0.3515625,learned_selective_risk+confirmed_fallback,0.010416666666666666,0.9479166666666666,opensemcom,0.25,0,0.34375,mild,0.001592179091015739
103,101,0.9805825242718447,0.019417475728155338,2,0.7109375,0.9944661458333334,dino+siglip2+openclip,0.40234375,learned_selective_risk+confirmed_fallback,0.010416666666666666,0.9479166666666666,opensemcom,0.25,0,0.39453125,mild,0.0019485337557992707
115,113,0.9826086956521739,0.017391304347826087,2,0.7109375,0.9944661458333334,dino+siglip2+openclip,0.44921875,learned_selective_risk+confirmed_fallback,0.010416666666666666,0.9479166666666666,opensemcom,0.25,0,0.44140625,mild,0.003020263123183415
128,125,0.9765625,0.0234375,3,0.7109375,0.9944661458333334,dino+siglip2+openclip,0.5,learned_selective_risk+confirmed_fallback,0.010416666666666666,0.9479166666666666,opensemcom,0.25,0,0.48828125,mild,0.0045553562483160726
141,138,0.9787234042553191,0.02127659574468085,3,0.7109375,0.9944661458333334,dino+siglip2+openclip,0.55078125,learned_selective_risk+confirmed_fallback,0.010416666666666666,0.9479166666666666,opensemcom,0.25,0,0.5390625,mild,0.00818600840824851
154,150,0.974025974025974,0.025974025974025976,4,0.7109375,0.9944661458333334,dino+siglip2+openclip,0.6015625,learned_selective_risk+confirmed_fallback,0.010416666666666666,0.9479166666666666,opensemcom,0.25,0,0.5859375,mild,0.01762521153159563
166,159,0.9578313253012049,0.04216867469879518,7,0.7109375,0.9944661458333334,dino+siglip2+openclip,0.6484375,learned_selective_risk+confirmed_fallback,0.010416666666666666,0.9479166666666666,opensemcom,0.25,0,0.62109375,mild,0.04360313091330976
180,171,0.95,0.05,9,0.7109375,0.9944661458333334,dino+siglip2+openclip,0.703125,learned_selective_risk+confirmed_fallback,0.010416666666666666,0.9479166666666666,opensemcom,0.25,0,0.66796875,mild,0.09143193585565466
192,181,0.9427083333333334,0.057291666666666664,11,0.7109375,0.9944661458333334,dino+siglip2+openclip,0.75,learned_selective_risk+confirmed_fallback,0.010416666666666666,0.9479166666666666,opensemcom,0.25,0,0.70703125,mild,0.2527707651749346
205,182,0.8878048780487805,0.11219512195121951,23,0.7109375,0.9944661458333334,dino+siglip2+openclip,0.80078125,learned_selective_risk+confirmed_fallback,0.010416666666666666,0.9479166666666666,opensemcom,0.25,0,0.7109375,mild,0.9738351522960773
217,182,0.8387096774193549,0.16129032258064516,35,0.7109375,0.9944661458333334,dino+siglip2+openclip,0.84765625,learned_selective_risk+confirmed_fallback,0.010416666666666666,0.9479166666666666,opensemcom,0.25,0,0.7109375,mild,0.9948267263081576
230,182,0.7913043478260869,0.20869565217391303,48,0.7109375,0.9944661458333334,dino+siglip2+openclip,0.8984375,learned_selective_risk+confirmed_fallback,0.010416666666666666,0.9479166666666666,opensemcom,0.25,0,0.7109375,mild,0.9986290887729292
243,182,0.7489711934156379,0.25102880658436216,61,0.7109375,0.9944661458333334,dino+siglip2+openclip,0.94921875,learned_selective_risk+confirmed_fallback,0.010416666666666666,0.9479166666666666,opensemcom,0.25,0,0.7109375,mild,0.999455726682994
256,182,0.7109375,0.2890625,74,0.7109375,0.9944661458333334,dino+siglip2+openclip,1.0,learned_selective_risk+confirmed_fallback,0.010416666666666666,0.9479166666666666,opensemcom,0.25,0,0.7109375,mild,0.9999990730430798
1,1,1.0,0.0,0,0.72265625,0.958740234375,DINOv3,0.00390625,msp,0.125,0.9635416666666666,dino_msp,0.25,0,0.00390625,mild,5.480029169224743e-05
13,13,1.0,0.0,0,0.72265625,0.958740234375,DINOv3,0.05078125,msp,0.125,0.9635416666666666,dino_msp,0.25,0,0.05078125,mild,0.0008670819534250807
26,26,1.0,0.0,0,0.72265625,0.958740234375,DINOv3,0.1015625,msp,0.125,0.9635416666666666,dino_msp,0.25,0,0.1015625,mild,0.001235653893666866
39,39,1.0,0.0,0,0.72265625,0.958740234375,DINOv3,0.15234375,msp,0.125,0.9635416666666666,dino_msp,0.25,0,0.15234375,mild,0.0017219354087240073
52,52,1.0,0.0,0,0.72265625,0.958740234375,DINOv3,0.203125,msp,0.125,0.9635416666666666,dino_msp,0.25,0,0.203125,mild,0.0021892706857027378
64,64,1.0,0.0,0,0.72265625,0.958740234375,DINOv3,0.25,msp,0.125,0.9635416666666666,dino_msp,0.25,0,0.25,mild,0.002891705381028453
77,77,1.0,0.0,0,0.72265625,0.958740234375,DINOv3,0.30078125,msp,0.125,0.9635416666666666,dino_msp,0.25,0,0.30078125,mild,0.003730921964728744
90,90,1.0,0.0,0,0.72265625,0.958740234375,DINOv3,0.3515625,msp,0.125,0.9635416666666666,dino_msp,0.25,0,0.3515625,mild,0.0054754683573785
103,103,1.0,0.0,0,0.72265625,0.958740234375,DINOv3,0.40234375,msp,0.125,0.9635416666666666,dino_msp,0.25,0,0.40234375,mild,0.007695986458585602
115,115,1.0,0.0,0,0.72265625,0.958740234375,DINOv3,0.44921875,msp,0.125,0.9635416666666666,dino_msp,0.25,0,0.44921875,mild,0.012795018270213204
128,128,1.0,0.0,0,0.72265625,0.958740234375,DINOv3,0.5,msp,0.125,0.9635416666666666,dino_msp,0.25,0,0.5,mild,0.022541343587748452
142,141,0.9929577464788732,0.007042253521126761,1,0.72265625,0.958740234375,DINOv3,0.5546875,msp,0.125,0.9635416666666666,dino_msp,0.25,0,0.55078125,mild,0.03345417302307507
154,152,0.987012987012987,0.012987012987012988,2,0.72265625,0.958740234375,DINOv3,0.6015625,msp,0.125,0.9635416666666666,dino_msp,0.25,0,0.59375,mild,0.06661660278567348
166,163,0.9819277108433735,0.018072289156626505,3,0.72265625,0.958740234375,DINOv3,0.6484375,msp,0.125,0.9635416666666666,dino_msp,0.25,0,0.63671875,mild,0.10880947154900839
179,171,0.9553072625698324,0.0446927374301676,8,0.72265625,0.958740234375,DINOv3,0.69921875,msp,0.125,0.9635416666666666,dino_msp,0.25,0,0.66796875,mild,0.1671695035345551
192,178,0.9270833333333334,0.07291666666666667,14,0.72265625,0.958740234375,DINOv3,0.75,msp,0.125,0.9635416666666666,dino_msp,0.25,0,0.6953125,mild,0.2404907808457775
205,182,0.8878048780487805,0.11219512195121951,23,0.72265625,0.958740234375,DINOv3,0.80078125,msp,0.125,0.9635416666666666,dino_msp,0.25,0,0.7109375,mild,0.39288657491432066
217,184,0.847926267281106,0.15207373271889402,33,0.72265625,0.958740234375,DINOv3,0.84765625,msp,0.125,0.9635416666666666,dino_msp,0.25,0,0.71875,mild,0.4772739002950001
230,185,0.8043478260869565,0.1956521739130435,45,0.72265625,0.958740234375,DINOv3,0.8984375,msp,0.125,0.9635416666666666,dino_msp,0.25,0,0.72265625,mild,0.5718716375933766
243,185,0.7613168724279835,0.23868312757201646,58,0.72265625,0.958740234375,DINOv3,0.94921875,msp,0.125,0.9635416666666666,dino_msp,0.25,0,0.72265625,mild,0.6430486050892982
256,185,0.72265625,0.27734375,71,0.72265625,0.958740234375,DINOv3,1.0,msp,0.125,0.9635416666666666,dino_msp,0.25,0,0.72265625,mild,0.7486571094402936
1,1,1.0,0.0,0,0.72265625,0.9746907552083334,DINOv3,0.00390625,energy,0.11979166666666667,0.9635416666666666,dino_energy,0.25,0,0.00390625,mild,-9.600412241937619
13,13,1.0,0.0,0,0.72265625,0.9746907552083334,DINOv3,0.05078125,energy,0.11979166666666667,0.9635416666666666,dino_energy,0.25,0,0.05078125,mild,-7.518220019833706
27,27,1.0,0.0,0,0.72265625,0.9746907552083334,DINOv3,0.10546875,energy,0.11979166666666667,0.9635416666666666,dino_energy,0.25,0,0.10546875,mild,-7.1365667877076415
39,39,1.0,0.0,0,0.72265625,0.9746907552083334,DINOv3,0.15234375,energy,0.11979166666666667,0.9635416666666666,dino_energy,0.25,0,0.15234375,mild,-6.8994612873853765
52,52,1.0,0.0,0,0.72265625,0.9746907552083334,DINOv3,0.203125,energy,0.11979166666666667,0.9635416666666666,dino_energy,0.25,0,0.203125,mild,-6.664080238588101
64,64,1.0,0.0,0,0.72265625,0.9746907552083334,DINOv3,0.25,energy,0.11979166666666667,0.9635416666666666,dino_energy,0.25,0,0.25,mild,-6.492136171075397
77,77,1.0,0.0,0,0.72265625,0.9746907552083334,DINOv3,0.30078125,energy,0.11979166666666667,0.9635416666666666,dino_energy,0.25,0,0.30078125,mild,-6.185506011569099
90,90,1.0,0.0,0,0.72265625,0.9746907552083334,DINOv3,0.3515625,energy,0.11979166666666667,0.9635416666666666,dino_energy,0.25,0,0.3515625,mild,-6.050727808574786
103,103,1.0,0.0,0,0.72265625,0.9746907552083334,DINOv3,0.40234375,energy,0.11979166666666667,0.9635416666666666,dino_energy,0.25,0,0.40234375,mild,-5.715756797065773
115,115,1.0,0.0,0,0.72265625,0.9746907552083334,DINOv3,0.44921875,energy,0.11979166666666667,0.9635416666666666,dino_energy,0.25,0,0.44921875,mild,-5.2542748143801745
128,127,0.9921875,0.0078125,1,0.72265625,0.9746907552083334,DINOv3,0.5,energy,0.11979166666666667,0.9635416666666666,dino_energy,0.25,0,0.49609375,mild,-5.022337956970285
141,140,0.9929078014184397,0.0070921985815602835,1,0.72265625,0.9746907552083334,DINOv3,0.55078125,energy,0.11979166666666667,0.9635416666666666,dino_energy,0.25,0,0.546875,mild,-4.56060724013233
155,154,0.9935483870967742,0.0064516129032258064,1,0.72265625,0.9746907552083334,DINOv3,0.60546875,energy,0.11979166666666667,0.9635416666666666,dino_energy,0.25,0,0.6015625,mild,-4.0889489447265674
166,162,0.9759036144578314,0.024096385542168676,4,0.72265625,0.9746907552083334,DINOv3,0.6484375,energy,0.11979166666666667,0.9635416666666666,dino_energy,0.25,0,0.6328125,mild,-3.7818033769396564
179,171,0.9553072625698324,0.0446927374301676,8,0.72265625,0.9746907552083334,DINOv3,0.69921875,energy,0.11979166666666667,0.9635416666666666,dino_energy,0.25,0,0.66796875,mild,-3.4134965177451164
192,180,0.9375,0.0625,12,0.72265625,0.9746907552083334,DINOv3,0.75,energy,0.11979166666666667,0.9635416666666666,dino_energy,0.25,0,0.703125,mild,-2.9692450299065056
205,183,0.8926829268292683,0.1073170731707317,22,0.72265625,0.9746907552083334,DINOv3,0.80078125,energy,0.11979166666666667,0.9635416666666666,dino_energy,0.25,0,0.71484375,mild,-2.6546852185446377
217,184,0.847926267281106,0.15207373271889402,33,0.72265625,0.9746907552083334,DINOv3,0.84765625,energy,0.11979166666666667,0.9635416666666666,dino_energy,0.25,0,0.71875,mild,-2.442384850721161
230,185,0.8043478260869565,0.1956521739130435,45,0.72265625,0.9746907552083334,DINOv3,0.8984375,energy,0.11979166666666667,0.9635416666666666,dino_energy,0.25,0,0.72265625,mild,-2.257937506322338
243,185,0.7613168724279835,0.23868312757201646,58,0.72265625,0.9746907552083334,DINOv3,0.94921875,energy,0.11979166666666667,0.9635416666666666,dino_energy,0.25,0,0.72265625,mild,-2.0477224810483903
256,185,0.72265625,0.27734375,71,0.72265625,0.9746907552083334,DINOv3,1.0,energy,0.11979166666666667,0.9635416666666666,dino_energy,0.25,0,0.72265625,mild,-1.8843579264016923
13,13,1.0,0.0,0,0.72265625,0.95361328125,DINOv3,0.05078125,mahalanobis,0.328125,0.9635416666666666,dino_mahalanobis,0.25,0,0.05078125,mild,0.0
13,13,1.0,0.0,0,0.72265625,0.95361328125,DINOv3,0.05078125,mahalanobis,0.328125,0.9635416666666666,dino_mahalanobis,0.25,0,0.05078125,mild,0.000343714725042919
26,26,1.0,0.0,0,0.72265625,0.95361328125,DINOv3,0.1015625,mahalanobis,0.328125,0.9635416666666666,dino_mahalanobis,0.25,0,0.1015625,mild,0.012144579850001992
39,39,1.0,0.0,0,0.72265625,0.95361328125,DINOv3,0.15234375,mahalanobis,0.328125,0.9635416666666666,dino_mahalanobis,0.25,0,0.15234375,mild,0.4348243295113838
52,52,1.0,0.0,0,0.72265625,0.95361328125,DINOv3,0.203125,mahalanobis,0.328125,0.9635416666666666,dino_mahalanobis,0.25,0,0.203125,mild,0.5221038564908931
65,65,1.0,0.0,0,0.72265625,0.95361328125,DINOv3,0.25390625,mahalanobis,0.328125,0.9635416666666666,dino_mahalanobis,0.25,0,0.25390625,mild,0.5593614294264233
77,76,0.987012987012987,0.012987012987012988,1,0.72265625,0.95361328125,DINOv3,0.30078125,mahalanobis,0.328125,0.9635416666666666,dino_mahalanobis,0.25,0,0.296875,mild,0.5859432429887326
90,89,0.9888888888888889,0.011111111111111112,1,0.72265625,0.95361328125,DINOv3,0.3515625,mahalanobis,0.328125,0.9635416666666666,dino_mahalanobis,0.25,0,0.34765625,mild,0.6104116279149753
103,101,0.9805825242718447,0.019417475728155338,2,0.72265625,0.95361328125,DINOv3,0.40234375,mahalanobis,0.328125,0.9635416666666666,dino_mahalanobis,0.25,0,0.39453125,mild,0.6242040992106643
115,111,0.9652173913043478,0.034782608695652174,4,0.72265625,0.95361328125,DINOv3,0.44921875,mahalanobis,0.328125,0.9635416666666666,dino_mahalanobis,0.25,0,0.43359375,mild,0.6431137554902258
128,121,0.9453125,0.0546875,7,0.72265625,0.95361328125,DINOv3,0.5,mahalanobis,0.328125,0.9635416666666666,dino_mahalanobis,0.25,0,0.47265625,mild,0.6573722409835352
141,132,0.9361702127659575,0.06382978723404255,9,0.72265625,0.95361328125,DINOv3,0.55078125,mahalanobis,0.328125,0.9635416666666666,dino_mahalanobis,0.25,0,0.515625,mild,0.6873724778017026
154,143,0.9285714285714286,0.07142857142857142,11,0.72265625,0.95361328125,DINOv3,0.6015625,mahalanobis,0.328125,0.9635416666666666,dino_mahalanobis,0.25,0,0.55859375,mild,0.7125514749803596
166,154,0.927710843373494,0.07228915662650602,12,0.72265625,0.95361328125,DINOv3,0.6484375,mahalanobis,0.328125,0.9635416666666666,dino_mahalanobis,0.25,0,0.6015625,mild,0.7416825654306685
179,164,0.9162011173184358,0.08379888268156424,15,0.72265625,0.95361328125,DINOv3,0.69921875,mahalanobis,0.328125,0.9635416666666666,dino_mahalanobis,0.25,0,0.640625,mild,0.7738955393091864
192,175,0.9114583333333334,0.08854166666666667,17,0.72265625,0.95361328125,DINOv3,0.75,mahalanobis,0.328125,0.9635416666666666,dino_mahalanobis,0.25,0,0.68359375,mild,0.8073192981384267
205,183,0.8926829268292683,0.1073170731707317,22,0.72265625,0.95361328125,DINOv3,0.80078125,mahalanobis,0.328125,0.9635416666666666,dino_mahalanobis,0.25,0,0.71484375,mild,0.8482510057518455
217,185,0.8525345622119815,0.14746543778801843,32,0.72265625,0.95361328125,DINOv3,0.84765625,mahalanobis,0.328125,0.9635416666666666,dino_mahalanobis,0.25,0,0.72265625,mild,0.8801712375282853
230,185,0.8043478260869565,0.1956521739130435,45,0.72265625,0.95361328125,DINOv3,0.8984375,mahalanobis,0.328125,0.9635416666666666,dino_mahalanobis,0.25,0,0.72265625,mild,0.9192675812223674
243,185,0.7613168724279835,0.23868312757201646,58,0.72265625,0.95361328125,DINOv3,0.94921875,mahalanobis,0.328125,0.9635416666666666,dino_mahalanobis,0.25,0,0.72265625,mild,0.9991362687194197
256,185,0.72265625,0.27734375,71,0.72265625,0.95361328125,DINOv3,1.0,mahalanobis,0.328125,0.9635416666666666,dino_mahalanobis,0.25,0,0.72265625,mild,1.0
13,13,1.0,0.0,0,0.72265625,0.9519856770833334,DINOv3,0.05078125,vim,0.328125,0.9635416666666666,dino_vim,0.25,0,0.05078125,mild,0.0
13,13,1.0,0.0,0,0.72265625,0.9519856770833334,DINOv3,0.05078125,vim,0.328125,0.9635416666666666,dino_vim,0.25,0,0.05078125,mild,5.951575803919695e-05
27,27,1.0,0.0,0,0.72265625,0.9519856770833334,DINOv3,0.10546875,vim,0.328125,0.9635416666666666,dino_vim,0.25,0,0.10546875,mild,0.06788938492536545
39,39,1.0,0.0,0,0.72265625,0.9519856770833334,DINOv3,0.15234375,vim,0.328125,0.9635416666666666,dino_vim,0.25,0,0.15234375,mild,0.5250453352928164
52,52,1.0,0.0,0,0.72265625,0.9519856770833334,DINOv3,0.203125,vim,0.328125,0.9635416666666666,dino_vim,0.25,0,0.203125,mild,0.5971982479095459
64,63,0.984375,0.015625,1,0.72265625,0.9519856770833334,DINOv3,0.25,vim,0.328125,0.9635416666666666,dino_vim,0.25,0,0.24609375,mild,0.6270611733198166
77,76,0.987012987012987,0.012987012987012988,1,0.72265625,0.9519856770833334,DINOv3,0.30078125,vim,0.328125,0.9635416666666666,dino_vim,0.25,0,0.296875,mild,0.6434876620769501
90,89,0.9888888888888889,0.011111111111111112,1,0.72265625,0.9519856770833334,DINOv3,0.3515625,vim,0.328125,0.9635416666666666,dino_vim,0.25,0,0.34765625,mild,0.6610079109668733
103,101,0.9805825242718447,0.019417475728155338,2,0.72265625,0.9519856770833334,DINOv3,0.40234375,vim,0.328125,0.9635416666666666,dino_vim,0.25,0,0.39453125,mild,0.6823486089706421
115,110,0.9565217391304348,0.043478260869565216,5,0.72265625,0.9519856770833334,DINOv3,0.44921875,vim,0.328125,0.9635416666666666,dino_vim,0.25,0,0.4296875,mild,0.7019984275102615
128,121,0.9453125,0.0546875,7,0.72265625,0.9519856770833334,DINOv3,0.5,vim,0.328125,0.9635416666666666,dino_vim,0.25,0,0.47265625,mild,0.7131691873073578
141,132,0.9361702127659575,0.06382978723404255,9,0.72265625,0.9519856770833334,DINOv3,0.55078125,vim,0.328125,0.9635416666666666,dino_vim,0.25,0,0.515625,mild,0.7319702804088593
154,143,0.9285714285714286,0.07142857142857142,11,0.72265625,0.9519856770833334,DINOv3,0.6015625,vim,0.328125,0.9635416666666666,dino_vim,0.25,0,0.55859375,mild,0.7566827535629272
167,155,0.9281437125748503,0.0718562874251497,12,0.72265625,0.9519856770833334,DINOv3,0.65234375,vim,0.328125,0.9635416666666666,dino_vim,0.25,0,0.60546875,mild,0.7801591157913208
179,165,0.9217877094972067,0.0782122905027933,14,0.72265625,0.9519856770833334,DINOv3,0.69921875,vim,0.328125,0.9635416666666666,dino_vim,0.25,0,0.64453125,mild,0.8082999289035797
192,175,0.9114583333333334,0.08854166666666667,17,0.72265625,0.9519856770833334,DINOv3,0.75,vim,0.328125,0.9635416666666666,dino_vim,0.25,0,0.68359375,mild,0.8340114504098892
205,183,0.8926829268292683,0.1073170731707317,22,0.72265625,0.9519856770833334,DINOv3,0.80078125,vim,0.328125,0.9635416666666666,dino_vim,0.25,0,0.71484375,mild,0.8707196712493896
217,185,0.8525345622119815,0.14746543778801843,32,0.72265625,0.9519856770833334,DINOv3,0.84765625,vim,0.328125,0.9635416666666666,dino_vim,0.25,0,0.72265625,mild,0.9005443900823593
230,185,0.8043478260869565,0.1956521739130435,45,0.72265625,0.9519856770833334,DINOv3,0.8984375,vim,0.328125,0.9635416666666666,dino_vim,0.25,0,0.72265625,mild,0.9344803690910339
243,185,0.7613168724279835,0.23868312757201646,58,0.72265625,0.9519856770833334,DINOv3,0.94921875,vim,0.328125,0.9635416666666666,dino_vim,0.25,0,0.72265625,mild,0.9996391534805298
256,185,0.72265625,0.27734375,71,0.72265625,0.9519856770833334,DINOv3,1.0,vim,0.328125,0.9635416666666666,dino_vim,0.25,0,0.72265625,mild,1.0
1,1,1.0,0.0,0,0.72265625,0.97705078125,DINOv3,0.00390625,react_energy,0.11458333333333333,0.9635416666666666,dino_react_energy,0.25,0,0.00390625,mild,-8.776411363744144
13,13,1.0,0.0,0,0.72265625,0.97705078125,DINOv3,0.05078125,react_energy,0.11458333333333333,0.9635416666666666,dino_react_energy,0.25,0,0.05078125,mild,-6.7115400073431655
26,26,1.0,0.0,0,0.72265625,0.97705078125,DINOv3,0.1015625,react_energy,0.11458333333333333,0.9635416666666666,dino_react_energy,0.25,0,0.1015625,mild,-6.431311984286911
39,39,1.0,0.0,0,0.72265625,0.97705078125,DINOv3,0.15234375,react_energy,0.11458333333333333,0.9635416666666666,dino_react_energy,0.25,0,0.15234375,mild,-6.272825843291748
52,52,1.0,0.0,0,0.72265625,0.97705078125,DINOv3,0.203125,react_energy,0.11458333333333333,0.9635416666666666,dino_react_energy,0.25,0,0.203125,mild,-6.004935237802053
64,64,1.0,0.0,0,0.72265625,0.97705078125,DINOv3,0.25,react_energy,0.11458333333333333,0.9635416666666666,dino_react_energy,0.25,0,0.25,mild,-5.833114821865438
77,77,1.0,0.0,0,0.72265625,0.97705078125,DINOv3,0.30078125,react_energy,0.11458333333333333,0.9635416666666666,dino_react_energy,0.25,0,0.30078125,mild,-5.654225908946552
90,90,1.0,0.0,0,0.72265625,0.97705078125,DINOv3,0.3515625,react_energy,0.11458333333333333,0.9635416666666666,dino_react_energy,0.25,0,0.3515625,mild,-5.4515044681517
103,103,1.0,0.0,0,0.72265625,0.97705078125,DINOv3,0.40234375,react_energy,0.11458333333333333,0.9635416666666666,dino_react_energy,0.25,0,0.40234375,mild,-5.084843183770621
115,115,1.0,0.0,0,0.72265625,0.97705078125,DINOv3,0.44921875,react_energy,0.11458333333333333,0.9635416666666666,dino_react_energy,0.25,0,0.44921875,mild,-4.776069174361167
128,127,0.9921875,0.0078125,1,0.72265625,0.97705078125,DINOv3,0.5,react_energy,0.11458333333333333,0.9635416666666666,dino_react_energy,0.25,0,0.49609375,mild,-4.4543562823769065
141,140,0.9929078014184397,0.0070921985815602835,1,0.72265625,0.97705078125,DINOv3,0.55078125,react_energy,0.11458333333333333,0.9635416666666666,dino_react_energy,0.25,0,0.546875,mild,-4.107484871329692
154,153,0.9935064935064936,0.006493506493506494,1,0.72265625,0.97705078125,DINOv3,0.6015625,react_energy,0.11458333333333333,0.9635416666666666,dino_react_energy,0.25,0,0.59765625,mild,-3.784728798413557
166,162,0.9759036144578314,0.024096385542168676,4,0.72265625,0.97705078125,DINOv3,0.6484375,react_energy,0.11458333333333333,0.9635416666666666,dino_react_energy,0.25,0,0.6328125,mild,-3.3584544908814635
179,172,0.9608938547486033,0.03910614525139665,7,0.72265625,0.97705078125,DINOv3,0.69921875,react_energy,0.11458333333333333,0.9635416666666666,dino_react_energy,0.25,0,0.671875,mild,-3.0806186602464556
192,181,0.9427083333333334,0.057291666666666664,11,0.72265625,0.97705078125,DINOv3,0.75,react_energy,0.11458333333333333,0.9635416666666666,dino_react_energy,0.25,0,0.70703125,mild,-2.746118821820502
205,183,0.8926829268292683,0.1073170731707317,22,0.72265625,0.97705078125,DINOv3,0.80078125,react_energy,0.11458333333333333,0.9635416666666666,dino_react_energy,0.25,0,0.71484375,mild,-2.5124090716905387
217,184,0.847926267281106,0.15207373271889402,33,0.72265625,0.97705078125,DINOv3,0.84765625,react_energy,0.11458333333333333,0.9635416666666666,dino_react_energy,0.25,0,0.71875,mild,-2.338172116486938
230,185,0.8043478260869565,0.1956521739130435,45,0.72265625,0.97705078125,DINOv3,0.8984375,react_energy,0.11458333333333333,0.9635416666666666,dino_react_energy,0.25,0,0.72265625,mild,-2.181916580188491
243,185,0.7613168724279835,0.23868312757201646,58,0.72265625,0.97705078125,DINOv3,0.94921875,react_energy,0.11458333333333333,0.9635416666666666,dino_react_energy,0.25,0,0.72265625,mild,-2.0120226259613254
256,185,0.72265625,0.27734375,71,0.72265625,0.97705078125,DINOv3,1.0,react_energy,0.11458333333333333,0.9635416666666666,dino_react_energy,0.25,0,0.72265625,mild,-1.8662772137520065
1,1,1.0,0.0,0,0.7265625,0.968505859375,DINOv3,0.00390625,ash_energy,0.15104166666666666,0.96875,dino_ash_energy,0.25,0,0.00390625,mild,-12.94168265816385
13,13,1.0,0.0,0,0.7265625,0.968505859375,DINOv3,0.05078125,ash_energy,0.15104166666666666,0.96875,dino_ash_energy,0.25,0,0.05078125,mild,-10.972399946100918
26,26,1.0,0.0,0,0.7265625,0.968505859375,DINOv3,0.1015625,ash_energy,0.15104166666666666,0.96875,dino_ash_energy,0.25,0,0.1015625,mild,-10.162034884066111
39,39,1.0,0.0,0,0.7265625,0.968505859375,DINOv3,0.15234375,ash_energy,0.15104166666666666,0.96875,dino_ash_energy,0.25,0,0.15234375,mild,-9.689644352846598
52,52,1.0,0.0,0,0.7265625,0.968505859375,DINOv3,0.203125,ash_energy,0.15104166666666666,0.96875,dino_ash_energy,0.25,0,0.203125,mild,-9.432963322536255
64,64,1.0,0.0,0,0.7265625,0.968505859375,DINOv3,0.25,ash_energy,0.15104166666666666,0.96875,dino_ash_energy,0.25,0,0.25,mild,-9.12082726529914
77,77,1.0,0.0,0,0.7265625,0.968505859375,DINOv3,0.30078125,ash_energy,0.15104166666666666,0.96875,dino_ash_energy,0.25,0,0.30078125,mild,-8.777093845876212
90,90,1.0,0.0,0,0.7265625,0.968505859375,DINOv3,0.3515625,ash_energy,0.15104166666666666,0.96875,dino_ash_energy,0.25,0,0.3515625,mild,-8.289853707098583
103,103,1.0,0.0,0,0.7265625,0.968505859375,DINOv3,0.40234375,ash_energy,0.15104166666666666,0.96875,dino_ash_energy,0.25,0,0.40234375,mild,-8.07062181734597
115,114,0.991304347826087,0.008695652173913044,1,0.7265625,0.968505859375,DINOv3,0.44921875,ash_energy,0.15104166666666666,0.96875,dino_ash_energy,0.25,0,0.4453125,mild,-7.555281968762765
128,127,0.9921875,0.0078125,1,0.7265625,0.968505859375,DINOv3,0.5,ash_energy,0.15104166666666666,0.96875,dino_ash_energy,0.25,0,0.49609375,mild,-7.049278156450132
142,141,0.9929577464788732,0.007042253521126761,1,0.7265625,0.968505859375,DINOv3,0.5546875,ash_energy,0.15104166666666666,0.96875,dino_ash_energy,0.25,0,0.55078125,mild,-6.6242497879082585
154,153,0.9935064935064936,0.006493506493506494,1,0.7265625,0.968505859375,DINOv3,0.6015625,ash_energy,0.15104166666666666,0.96875,dino_ash_energy,0.25,0,0.59765625,mild,-5.901728665452394
166,163,0.9819277108433735,0.018072289156626505,3,0.7265625,0.968505859375,DINOv3,0.6484375,ash_energy,0.15104166666666666,0.96875,dino_ash_energy,0.25,0,0.63671875,mild,-5.271998977862996
180,173,0.9611111111111111,0.03888888888888889,7,0.7265625,0.968505859375,DINOv3,0.703125,ash_energy,0.15104166666666666,0.96875,dino_ash_energy,0.25,0,0.67578125,mild,-4.702402369232719
192,181,0.9427083333333334,0.057291666666666664,11,0.7265625,0.968505859375,DINOv3,0.75,ash_energy,0.15104166666666666,0.96875,dino_ash_energy,0.25,0,0.70703125,mild,-4.158259351171549
205,182,0.8878048780487805,0.11219512195121951,23,0.7265625,0.968505859375,DINOv3,0.80078125,ash_energy,0.15104166666666666,0.96875,dino_ash_energy,0.25,0,0.7109375,mild,-3.570600509028031
217,185,0.8525345622119815,0.14746543778801843,32,0.7265625,0.968505859375,DINOv3,0.84765625,ash_energy,0.15104166666666666,0.96875,dino_ash_energy,0.25,0,0.72265625,mild,-3.161601120370483
230,185,0.8043478260869565,0.1956521739130435,45,0.7265625,0.968505859375,DINOv3,0.8984375,ash_energy,0.15104166666666666,0.96875,dino_ash_energy,0.25,0,0.72265625,mild,-2.7128802918404338
243,186,0.7654320987654321,0.2345679012345679,57,0.7265625,0.968505859375,DINOv3,0.94921875,ash_energy,0.15104166666666666,0.96875,dino_ash_energy,0.25,0,0.7265625,mild,-2.3702155754644934
256,186,0.7265625,0.2734375,70,0.7265625,0.968505859375,DINOv3,1.0,ash_energy,0.15104166666666666,0.96875,dino_ash_energy,0.25,0,0.7265625,mild,-1.979882961094012
1,1,1.0,0.0,0,0.72265625,0.9827473958333334,DINOv3,0.00390625,one_vs_rest,0.109375,0.9635416666666666,dino_one_vs_rest,0.25,0,0.00390625,mild,1.4685206024173442e-05
13,13,1.0,0.0,0,0.72265625,0.9827473958333334,DINOv3,0.05078125,one_vs_rest,0.109375,0.9635416666666666,dino_one_vs_rest,0.25,0,0.05078125,mild,0.0003905881909095874
26,25,0.9615384615384616,0.038461538461538464,1,0.72265625,0.9827473958333334,DINOv3,0.1015625,one_vs_rest,0.109375,0.9635416666666666,dino_one_vs_rest,0.25,0,0.09765625,mild,0.0006535849509504556
40,39,0.975,0.025,1,0.72265625,0.9827473958333334,DINOv3,0.15625,one_vs_rest,0.109375,0.9635416666666666,dino_one_vs_rest,0.25,0,0.15234375,mild,0.001466000131458018
52,51,0.9807692307692307,0.019230769230769232,1,0.72265625,0.9827473958333334,DINOv3,0.203125,one_vs_rest,0.109375,0.9635416666666666,dino_one_vs_rest,0.25,0,0.19921875,mild,0.0020024528267207392
64,63,0.984375,0.015625,1,0.72265625,0.9827473958333334,DINOv3,0.25,one_vs_rest,0.109375,0.9635416666666666,dino_one_vs_rest,0.25,0,0.24609375,mild,0.0025814595569808164
77,76,0.987012987012987,0.012987012987012988,1,0.72265625,0.9827473958333334,DINOv3,0.30078125,one_vs_rest,0.109375,0.9635416666666666,dino_one_vs_rest,0.25,0,0.296875,mild,0.0034929788805488624
90,89,0.9888888888888889,0.011111111111111112,1,0.72265625,0.9827473958333334,DINOv3,0.3515625,one_vs_rest,0.109375,0.9635416666666666,dino_one_vs_rest,0.25,0,0.34765625,mild,0.00453492365777916
103,102,0.9902912621359223,0.009708737864077669,1,0.72265625,0.9827473958333334,DINOv3,0.40234375,one_vs_rest,0.109375,0.9635416666666666,dino_one_vs_rest,0.25,0,0.3984375,mild,0.006942088492861799
115,114,0.991304347826087,0.008695652173913044,1,0.72265625,0.9827473958333334,DINOv3,0.44921875,one_vs_rest,0.109375,0.9635416666666666,dino_one_vs_rest,0.25,0,0.4453125,mild,0.009980291719396704
129,126,0.9767441860465116,0.023255813953488372,3,0.72265625,0.9827473958333334,DINOv3,0.50390625,one_vs_rest,0.109375,0.9635416666666666,dino_one_vs_rest,0.25,0,0.4921875,mild,0.0155592675587778
141,138,0.9787234042553191,0.02127659574468085,3,0.72265625,0.9827473958333334,DINOv3,0.55078125,one_vs_rest,0.109375,0.9635416666666666,dino_one_vs_rest,0.25,0,0.5390625,mild,0.025289378751150136
155,150,0.967741935483871,0.03225806451612903,5,0.72265625,0.9827473958333334,DINOv3,0.60546875,one_vs_rest,0.109375,0.9635416666666666,dino_one_vs_rest,0.25,0,0.5859375,mild,0.03288964484849892
166,159,0.9578313253012049,0.04216867469879518,7,0.72265625,0.9827473958333334,DINOv3,0.6484375,one_vs_rest,0.109375,0.9635416666666666,dino_one_vs_rest,0.25,0,0.62109375,mild,0.06743891718248073
179,170,0.9497206703910615,0.05027932960893855,9,0.72265625,0.9827473958333334,DINOv3,0.69921875,one_vs_rest,0.109375,0.9635416666666666,dino_one_vs_rest,0.25,0,0.6640625,mild,0.181959917727807
192,179,0.9322916666666666,0.06770833333333333,13,0.72265625,0.9827473958333334,DINOv3,0.75,one_vs_rest,0.109375,0.9635416666666666,dino_one_vs_rest,0.25,0,0.69921875,mild,0.5257730782052881
205,184,0.8975609756097561,0.1024390243902439,21,0.72265625,0.9827473958333334,DINOv3,0.80078125,one_vs_rest,0.109375,0.9635416666666666,dino_one_vs_rest,0.25,0,0.71875,mild,0.8582861344193927
217,185,0.8525345622119815,0.14746543778801843,32,0.72265625,0.9827473958333334,DINOv3,0.84765625,one_vs_rest,0.109375,0.9635416666666666,dino_one_vs_rest,0.25,0,0.72265625,mild,0.9756390651565439
230,185,0.8043478260869565,0.1956521739130435,45,0.72265625,0.9827473958333334,DINOv3,0.8984375,one_vs_rest,0.109375,0.9635416666666666,dino_one_vs_rest,0.25,0,0.72265625,mild,0.9933907522724699
243,185,0.7613168724279835,0.23868312757201646,58,0.72265625,0.9827473958333334,DINOv3,0.94921875,one_vs_rest,0.109375,0.9635416666666666,dino_one_vs_rest,0.25,0,0.72265625,mild,0.9977789940172792
256,185,0.72265625,0.27734375,71,0.72265625,0.9827473958333334,DINOv3,1.0,one_vs_rest,0.109375,0.9635416666666666,dino_one_vs_rest,0.25,0,0.72265625,mild,0.9998900926509129
13,13,1.0,0.0,0,0.734375,0.9484049479166666,DINOv3,0.05078125,deepjscc,0.3489583333333333,0.9791666666666666,deepjscc_style,0.25,0,0.05078125,mild,0.0
13,13,1.0,0.0,0,0.734375,0.9484049479166666,DINOv3,0.05078125,deepjscc,0.3489583333333333,0.9791666666666666,deepjscc_style,0.25,0,0.05078125,mild,0.0004062093357788399
26,26,1.0,0.0,0,0.734375,0.9484049479166666,DINOv3,0.1015625,deepjscc,0.3489583333333333,0.9791666666666666,deepjscc_style,0.25,0,0.1015625,mild,0.046505533158779144
39,39,1.0,0.0,0,0.734375,0.9484049479166666,DINOv3,0.15234375,deepjscc,0.3489583333333333,0.9791666666666666,deepjscc_style,0.25,0,0.15234375,mild,0.263376645743847
52,52,1.0,0.0,0,0.734375,0.9484049479166666,DINOv3,0.203125,deepjscc,0.3489583333333333,0.9791666666666666,deepjscc_style,0.25,0,0.203125,mild,0.3430688679218292
65,65,1.0,0.0,0,0.734375,0.9484049479166666,DINOv3,0.25390625,deepjscc,0.3489583333333333,0.9791666666666666,deepjscc_style,0.25,0,0.25390625,mild,0.37808215618133545
77,76,0.987012987012987,0.012987012987012988,1,0.734375,0.9484049479166666,DINOv3,0.30078125,deepjscc,0.3489583333333333,0.9791666666666666,deepjscc_style,0.25,0,0.296875,mild,0.3984664827585221
90,89,0.9888888888888889,0.011111111111111112,1,0.734375,0.9484049479166666,DINOv3,0.3515625,deepjscc,0.3489583333333333,0.9791666666666666,deepjscc_style,0.25,0,0.34765625,mild,0.4469229280948639
103,101,0.9805825242718447,0.019417475728155338,2,0.734375,0.9484049479166666,DINOv3,0.40234375,deepjscc,0.3489583333333333,0.9791666666666666,deepjscc_style,0.25,0,0.39453125,mild,0.46900394558906555
115,113,0.9826086956521739,0.017391304347826087,2,0.734375,0.9484049479166666,DINOv3,0.44921875,deepjscc,0.3489583333333333,0.9791666666666666,deepjscc_style,0.25,0,0.44140625,mild,0.49007828533649445
128,123,0.9609375,0.0390625,5,0.734375,0.9484049479166666,DINOv3,0.5,deepjscc,0.3489583333333333,0.9791666666666666,deepjscc_style,0.25,0,0.48046875,mild,0.5184209942817688
141,134,0.950354609929078,0.04964539007092199,7,0.734375,0.9484049479166666,DINOv3,0.55078125,deepjscc,0.3489583333333333,0.9791666666666666,deepjscc_style,0.25,0,0.5234375,mild,0.545614629983902
154,145,0.9415584415584416,0.05844155844155844,9,0.734375,0.9484049479166666,DINOv3,0.6015625,deepjscc,0.3489583333333333,0.9791666666666666,deepjscc_style,0.25,0,0.56640625,mild,0.5771830081939697
166,156,0.9397590361445783,0.060240963855421686,10,0.734375,0.9484049479166666,DINOv3,0.6484375,deepjscc,0.3489583333333333,0.9791666666666666,deepjscc_style,0.25,0,0.609375,mild,0.6328736543655396
179,166,0.9273743016759777,0.07262569832402235,13,0.734375,0.9484049479166666,DINOv3,0.69921875,deepjscc,0.3489583333333333,0.9791666666666666,deepjscc_style,0.25,0,0.6484375,mild,0.6695250570774078
192,176,0.9166666666666666,0.08333333333333333,16,0.734375,0.9484049479166666,DINOv3,0.75,deepjscc,0.3489583333333333,0.9791666666666666,deepjscc_style,0.25,0,0.6875,mild,0.7057760059833527
205,184,0.8975609756097561,0.1024390243902439,21,0.734375,0.9484049479166666,DINOv3,0.80078125,deepjscc,0.3489583333333333,0.9791666666666666,deepjscc_style,0.25,0,0.71875,mild,0.7503218650817871
217,188,0.8663594470046083,0.1336405529953917,29,0.734375,0.9484049479166666,DINOv3,0.84765625,deepjscc,0.3489583333333333,0.9791666666666666,deepjscc_style,0.25,0,0.734375,mild,0.8013947308063508
230,188,0.8173913043478261,0.1826086956521739,42,0.734375,0.9484049479166666,DINOv3,0.8984375,deepjscc,0.3489583333333333,0.9791666666666666,deepjscc_style,0.25,0,0.734375,mild,0.8632524311542511
243,188,0.7736625514403292,0.22633744855967078,55,0.734375,0.9484049479166666,DINOv3,0.94921875,deepjscc,0.3489583333333333,0.9791666666666666,deepjscc_style,0.25,0,0.734375,mild,0.9992368221282959
256,188,0.734375,0.265625,68,0.734375,0.9484049479166666,DINOv3,1.0,deepjscc,0.3489583333333333,0.9791666666666666,deepjscc_style,0.25,0,0.734375,mild,1.0
1,1,1.0,0.0,0,0.72265625,0.995361328125,SigLIP2,0.00390625,best_ood:one_vs_rest,0.010416666666666666,0.9635416666666666,siglip2_best_ood,0.25,0,0.00390625,mild,6.557790839263256e-06
13,13,1.0,0.0,0,0.72265625,0.995361328125,SigLIP2,0.05078125,best_ood:one_vs_rest,0.010416666666666666,0.9635416666666666,siglip2_best_ood,0.25,0,0.05078125,mild,0.00015329597408044322
26,26,1.0,0.0,0,0.72265625,0.995361328125,SigLIP2,0.1015625,best_ood:one_vs_rest,0.010416666666666666,0.9635416666666666,siglip2_best_ood,0.25,0,0.1015625,mild,0.00030817626439889526
39,39,1.0,0.0,0,0.72265625,0.995361328125,SigLIP2,0.15234375,best_ood:one_vs_rest,0.010416666666666666,0.9635416666666666,siglip2_best_ood,0.25,0,0.15234375,mild,0.0005839559503422997
53,53,1.0,0.0,0,0.72265625,0.995361328125,SigLIP2,0.20703125,best_ood:one_vs_rest,0.010416666666666666,0.9635416666666666,siglip2_best_ood,0.25,0,0.20703125,mild,0.0008435871950878967
64,64,1.0,0.0,0,0.72265625,0.995361328125,SigLIP2,0.25,best_ood:one_vs_rest,0.010416666666666666,0.9635416666666666,siglip2_best_ood,0.25,0,0.25,mild,0.0014735157682936586
78,78,1.0,0.0,0,0.72265625,0.995361328125,SigLIP2,0.3046875,best_ood:one_vs_rest,0.010416666666666666,0.9635416666666666,siglip2_best_ood,0.25,0,0.3046875,mild,0.002425010608276284
90,90,1.0,0.0,0,0.72265625,0.995361328125,SigLIP2,0.3515625,best_ood:one_vs_rest,0.010416666666666666,0.9635416666666666,siglip2_best_ood,0.25,0,0.3515625,mild,0.003201908349563078
103,103,1.0,0.0,0,0.72265625,0.995361328125,SigLIP2,0.40234375,best_ood:one_vs_rest,0.010416666666666666,0.9635416666666666,siglip2_best_ood,0.25,0,0.40234375,mild,0.004522328849835403
115,115,1.0,0.0,0,0.72265625,0.995361328125,SigLIP2,0.44921875,best_ood:one_vs_rest,0.010416666666666666,0.9635416666666666,siglip2_best_ood,0.25,0,0.44921875,mild,0.007561467347641431
128,128,1.0,0.0,0,0.72265625,0.995361328125,SigLIP2,0.5,best_ood:one_vs_rest,0.010416666666666666,0.9635416666666666,siglip2_best_ood,0.25,0,0.5,mild,0.010705474529470124
141,140,0.9929078014184397,0.0070921985815602835,1,0.72265625,0.995361328125,SigLIP2,0.55078125,best_ood:one_vs_rest,0.010416666666666666,0.9635416666666666,siglip2_best_ood,0.25,0,0.546875,mild,0.01603618170438311
154,153,0.9935064935064936,0.006493506493506494,1,0.72265625,0.995361328125,SigLIP2,0.6015625,best_ood:one_vs_rest,0.010416666666666666,0.9635416666666666,siglip2_best_ood,0.25,0,0.59765625,mild,0.030814915041745647
166,164,0.9879518072289156,0.012048192771084338,2,0.72265625,0.995361328125,SigLIP2,0.6484375,best_ood:one_vs_rest,0.010416666666666666,0.9635416666666666,siglip2_best_ood,0.25,0,0.640625,mild,0.05231712404552115
179,175,0.9776536312849162,0.0223463687150838,4,0.72265625,0.995361328125,SigLIP2,0.69921875,best_ood:one_vs_rest,0.010416666666666666,0.9635416666666666,siglip2_best_ood,0.25,0,0.68359375,mild,0.10603972829720866
192,184,0.9583333333333334,0.041666666666666664,8,0.72265625,0.995361328125,SigLIP2,0.75,best_ood:one_vs_rest,0.010416666666666666,0.9635416666666666,siglip2_best_ood,0.25,0,0.71875,mild,0.4997994584846623
205,185,0.9024390243902439,0.0975609756097561,20,0.72265625,0.995361328125,SigLIP2,0.80078125,best_ood:one_vs_rest,0.010416666666666666,0.9635416666666666,siglip2_best_ood,0.25,0,0.72265625,mild,0.9554873419531914
217,185,0.8525345622119815,0.14746543778801843,32,0.72265625,0.995361328125,SigLIP2,0.84765625,best_ood:one_vs_rest,0.010416666666666666,0.9635416666666666,siglip2_best_ood,0.25,0,0.72265625,mild,0.9952179382389408
230,185,0.8043478260869565,0.1956521739130435,45,0.72265625,0.995361328125,SigLIP2,0.8984375,best_ood:one_vs_rest,0.010416666666666666,0.9635416666666666,siglip2_best_ood,0.25,0,0.72265625,mild,0.9985910375503717
243,185,0.7613168724279835,0.23868312757201646,58,0.72265625,0.995361328125,SigLIP2,0.94921875,best_ood:one_vs_rest,0.010416666666666666,0.9635416666666666,siglip2_best_ood,0.25,0,0.72265625,mild,0.9997572664899222
256,185,0.72265625,0.27734375,71,0.72265625,0.995361328125,SigLIP2,1.0,best_ood:one_vs_rest,0.010416666666666666,0.9635416666666666,siglip2_best_ood,0.25,0,0.72265625,mild,0.9999912197787224
1,1,1.0,0.0,0,0.73828125,0.9979654947916666,OpenCLIP-DFN5B,0.00390625,best_ood:one_vs_rest,0.020833333333333332,0.984375,openclip_best_ood,0.25,0,0.00390625,mild,4.527070018844129e-06
13,13,1.0,0.0,0,0.73828125,0.9979654947916666,OpenCLIP-DFN5B,0.05078125,best_ood:one_vs_rest,0.020833333333333332,0.984375,openclip_best_ood,0.25,0,0.05078125,mild,8.857957793941657e-05
26,26,1.0,0.0,0,0.73828125,0.9979654947916666,OpenCLIP-DFN5B,0.1015625,best_ood:one_vs_rest,0.020833333333333332,0.984375,openclip_best_ood,0.25,0,0.1015625,mild,0.00023406486052605284
39,39,1.0,0.0,0,0.73828125,0.9979654947916666,OpenCLIP-DFN5B,0.15234375,best_ood:one_vs_rest,0.020833333333333332,0.984375,openclip_best_ood,0.25,0,0.15234375,mild,0.00041400884036848286
52,52,1.0,0.0,0,0.73828125,0.9979654947916666,OpenCLIP-DFN5B,0.203125,best_ood:one_vs_rest,0.020833333333333332,0.984375,openclip_best_ood,0.25,0,0.203125,mild,0.0006300324372735224
64,64,1.0,0.0,0,0.73828125,0.9979654947916666,OpenCLIP-DFN5B,0.25,best_ood:one_vs_rest,0.020833333333333332,0.984375,openclip_best_ood,0.25,0,0.25,mild,0.001021287418368566
77,77,1.0,0.0,0,0.73828125,0.9979654947916666,OpenCLIP-DFN5B,0.30078125,best_ood:one_vs_rest,0.020833333333333332,0.984375,openclip_best_ood,0.25,0,0.30078125,mild,0.0014720247864247653
90,90,1.0,0.0,0,0.73828125,0.9979654947916666,OpenCLIP-DFN5B,0.3515625,best_ood:one_vs_rest,0.020833333333333332,0.984375,openclip_best_ood,0.25,0,0.3515625,mild,0.0021744701102630365
103,103,1.0,0.0,0,0.73828125,0.9979654947916666,OpenCLIP-DFN5B,0.40234375,best_ood:one_vs_rest,0.020833333333333332,0.984375,openclip_best_ood,0.25,0,0.40234375,mild,0.0033140440404782175
115,114,0.991304347826087,0.008695652173913044,1,0.73828125,0.9979654947916666,OpenCLIP-DFN5B,0.44921875,best_ood:one_vs_rest,0.020833333333333332,0.984375,openclip_best_ood,0.25,0,0.4453125,mild,0.0046716636118159256
128,127,0.9921875,0.0078125,1,0.73828125,0.9979654947916666,OpenCLIP-DFN5B,0.5,best_ood:one_vs_rest,0.020833333333333332,0.984375,openclip_best_ood,0.25,0,0.49609375,mild,0.005629587230563682
141,140,0.9929078014184397,0.0070921985815602835,1,0.73828125,0.9979654947916666,OpenCLIP-DFN5B,0.55078125,best_ood:one_vs_rest,0.020833333333333332,0.984375,openclip_best_ood,0.25,0,0.546875,mild,0.008158060178174418
154,152,0.987012987012987,0.012987012987012988,2,0.73828125,0.9979654947916666,OpenCLIP-DFN5B,0.6015625,best_ood:one_vs_rest,0.020833333333333332,0.984375,openclip_best_ood,0.25,0,0.59375,mild,0.01227582063618939
167,164,0.9820359281437125,0.017964071856287425,3,0.73828125,0.9979654947916666,OpenCLIP-DFN5B,0.65234375,best_ood:one_vs_rest,0.020833333333333332,0.984375,openclip_best_ood,0.25,0,0.640625,mild,0.022089939804275625
179,176,0.9832402234636871,0.01675977653631285,3,0.73828125,0.9979654947916666,OpenCLIP-DFN5B,0.69921875,best_ood:one_vs_rest,0.020833333333333332,0.984375,openclip_best_ood,0.25,0,0.6875,mild,0.06666763947177352
192,185,0.9635416666666666,0.036458333333333336,7,0.73828125,0.9979654947916666,OpenCLIP-DFN5B,0.75,best_ood:one_vs_rest,0.020833333333333332,0.984375,openclip_best_ood,0.25,0,0.72265625,mild,0.20797258634876914
205,189,0.9219512195121952,0.07804878048780488,16,0.73828125,0.9979654947916666,OpenCLIP-DFN5B,0.80078125,best_ood:one_vs_rest,0.020833333333333332,0.984375,openclip_best_ood,0.25,0,0.73828125,mild,0.9790981885701853
217,189,0.8709677419354839,0.12903225806451613,28,0.73828125,0.9979654947916666,OpenCLIP-DFN5B,0.84765625,best_ood:one_vs_rest,0.020833333333333332,0.984375,openclip_best_ood,0.25,0,0.73828125,mild,0.9954175970833831
230,189,0.8217391304347826,0.1782608695652174,41,0.73828125,0.9979654947916666,OpenCLIP-DFN5B,0.8984375,best_ood:one_vs_rest,0.020833333333333332,0.984375,openclip_best_ood,0.25,0,0.73828125,mild,0.9990546916553951
243,189,0.7777777777777778,0.2222222222222222,54,0.73828125,0.9979654947916666,OpenCLIP-DFN5B,0.94921875,best_ood:one_vs_rest,0.020833333333333332,0.984375,openclip_best_ood,0.25,0,0.73828125,mild,0.9997274345756878
256,189,0.73828125,0.26171875,67,0.73828125,0.9979654947916666,OpenCLIP-DFN5B,1.0,best_ood:one_vs_rest,0.020833333333333332,0.984375,openclip_best_ood,0.25,0,0.73828125,mild,0.9999997577671395
1,1,1.0,0.0,0,0.0859375,0.9899234931890278,dino+siglip2+openclip,0.00390625,learned_selective_risk+confirmed_fallback,0.043478260869565216,0.9565217391304348,opensemcom,0.91,0,0.00390625,extreme,8.577961227400496e-06
13,13,1.0,0.0,0,0.0859375,0.9899234931890278,dino+siglip2+openclip,0.05078125,learned_selective_risk+confirmed_fallback,0.043478260869565216,0.9565217391304348,opensemcom,0.91,0,0.05078125,extreme,0.0019707604602140316
26,20,0.7692307692307693,0.23076923076923078,6,0.0859375,0.9899234931890278,dino+siglip2+openclip,0.1015625,learned_selective_risk+confirmed_fallback,0.043478260869565216,0.9565217391304348,opensemcom,0.91,0,0.078125,extreme,0.08469886496303952
39,22,0.5641025641025641,0.4358974358974359,17,0.0859375,0.9899234931890278,dino+siglip2+openclip,0.15234375,learned_selective_risk+confirmed_fallback,0.043478260869565216,0.9565217391304348,opensemcom,0.91,0,0.0859375,extreme,0.474285308244974
52,22,0.4230769230769231,0.5769230769230769,30,0.0859375,0.9899234931890278,dino+siglip2+openclip,0.203125,learned_selective_risk+confirmed_fallback,0.043478260869565216,0.9565217391304348,opensemcom,0.91,0,0.0859375,extreme,0.7858289736561762
64,22,0.34375,0.65625,42,0.0859375,0.9899234931890278,dino+siglip2+openclip,0.25,learned_selective_risk+confirmed_fallback,0.043478260869565216,0.9565217391304348,opensemcom,0.91,0,0.0859375,extreme,0.879104138344575
77,22,0.2857142857142857,0.7142857142857143,55,0.0859375,0.9899234931890278,dino+siglip2+openclip,0.30078125,learned_selective_risk+confirmed_fallback,0.043478260869565216,0.9565217391304348,opensemcom,0.91,0,0.0859375,extreme,0.9555262513583592
90,22,0.24444444444444444,0.7555555555555555,68,0.0859375,0.9899234931890278,dino+siglip2+openclip,0.3515625,learned_selective_risk+confirmed_fallback,0.043478260869565216,0.9565217391304348,opensemcom,0.91,0,0.0859375,extreme,0.9743460771483227
103,22,0.21359223300970873,0.7864077669902912,81,0.0859375,0.9899234931890278,dino+siglip2+openclip,0.40234375,learned_selective_risk+confirmed_fallback,0.043478260869565216,0.9565217391304348,opensemcom,0.91,0,0.0859375,extreme,0.9868945507173656
115,22,0.19130434782608696,0.808695652173913,93,0.0859375,0.9899234931890278,dino+siglip2+openclip,0.44921875,learned_selective_risk+confirmed_fallback,0.043478260869565216,0.9565217391304348,opensemcom,0.91,0,0.0859375,extreme,0.9902891743037504
128,22,0.171875,0.828125,106,0.0859375,0.9899234931890278,dino+siglip2+openclip,0.5,learned_selective_risk+confirmed_fallback,0.043478260869565216,0.9565217391304348,opensemcom,0.91,0,0.0859375,extreme,0.9943081532134853
141,22,0.15602836879432624,0.8439716312056738,119,0.0859375,0.9899234931890278,dino+siglip2+openclip,0.55078125,learned_selective_risk+confirmed_fallback,0.043478260869565216,0.9565217391304348,opensemcom,0.91,0,0.0859375,extreme,0.9962936304033158
154,22,0.14285714285714285,0.8571428571428571,132,0.0859375,0.9899234931890278,dino+siglip2+openclip,0.6015625,learned_selective_risk+confirmed_fallback,0.043478260869565216,0.9565217391304348,opensemcom,0.91,0,0.0859375,extreme,0.9977030849883883
166,22,0.13253012048192772,0.8674698795180723,144,0.0859375,0.9899234931890278,dino+siglip2+openclip,0.6484375,learned_selective_risk+confirmed_fallback,0.043478260869565216,0.9565217391304348,opensemcom,0.91,0,0.0859375,extreme,0.9987554776358969
179,22,0.12290502793296089,0.8770949720670391,157,0.0859375,0.9899234931890278,dino+siglip2+openclip,0.69921875,learned_selective_risk+confirmed_fallback,0.043478260869565216,0.9565217391304348,opensemcom,0.91,0,0.0859375,extreme,0.999145472319583
192,22,0.11458333333333333,0.8854166666666666,170,0.0859375,0.9899234931890278,dino+siglip2+openclip,0.75,learned_selective_risk+confirmed_fallback,0.043478260869565216,0.9565217391304348,opensemcom,0.91,0,0.0859375,extreme,0.999399663407657
205,22,0.1073170731707317,0.8926829268292683,183,0.0859375,0.9899234931890278,dino+siglip2+openclip,0.80078125,learned_selective_risk+confirmed_fallback,0.043478260869565216,0.9565217391304348,opensemcom,0.91,0,0.0859375,extreme,0.9996759051511876
217,22,0.10138248847926268,0.8986175115207373,195,0.0859375,0.9899234931890278,dino+siglip2+openclip,0.84765625,learned_selective_risk+confirmed_fallback,0.043478260869565216,0.9565217391304348,opensemcom,0.91,0,0.0859375,extreme,0.9998744753032477
230,22,0.09565217391304348,0.9043478260869565,208,0.0859375,0.9899234931890278,dino+siglip2+openclip,0.8984375,learned_selective_risk+confirmed_fallback,0.043478260869565216,0.9565217391304348,opensemcom,0.91,0,0.0859375,extreme,0.9999458907616711
243,22,0.09053497942386832,0.9094650205761317,221,0.0859375,0.9899234931890278,dino+siglip2+openclip,0.94921875,learned_selective_risk+confirmed_fallback,0.043478260869565216,0.9565217391304348,opensemcom,0.91,0,0.0859375,extreme,0.9999909785910124
256,22,0.0859375,0.9140625,234,0.0859375,0.9899234931890278,dino+siglip2+openclip,1.0,learned_selective_risk+confirmed_fallback,0.043478260869565216,0.9565217391304348,opensemcom,0.91,0,0.0859375,extreme,0.9999997620198633
2,2,1.0,0.0,0,0.0859375,0.9505504758350438,DINOv3,0.0078125,msp,0.043478260869565216,0.9565217391304348,dino_msp,0.91,0,0.0078125,extreme,0.0001785960028467537
13,11,0.8461538461538461,0.15384615384615385,2,0.0859375,0.9505504758350438,DINOv3,0.05078125,msp,0.043478260869565216,0.9565217391304348,dino_msp,0.91,0,0.04296875,extreme,0.004621878632524362
26,20,0.7692307692307693,0.23076923076923078,6,0.0859375,0.9505504758350438,DINOv3,0.1015625,msp,0.043478260869565216,0.9565217391304348,dino_msp,0.91,0,0.078125,extreme,0.0645539982325739
39,22,0.5641025641025641,0.4358974358974359,17,0.0859375,0.9505504758350438,DINOv3,0.15234375,msp,0.043478260869565216,0.9565217391304348,dino_msp,0.91,0,0.0859375,extreme,0.15548957243437003
52,22,0.4230769230769231,0.5769230769230769,30,0.0859375,0.9505504758350438,DINOv3,0.203125,msp,0.043478260869565216,0.9565217391304348,dino_msp,0.91,0,0.0859375,extreme,0.23402530299856172
64,22,0.34375,0.65625,42,0.0859375,0.9505504758350438,DINOv3,0.25,msp,0.043478260869565216,0.9565217391304348,dino_msp,0.91,0,0.0859375,extreme,0.32167724111187557
77,22,0.2857142857142857,0.7142857142857143,55,0.0859375,0.9505504758350438,DINOv3,0.30078125,msp,0.043478260869565216,0.9565217391304348,dino_msp,0.91,0,0.0859375,extreme,0.35469621595263273
90,22,0.24444444444444444,0.7555555555555555,68,0.0859375,0.9505504758350438,DINOv3,0.3515625,msp,0.043478260869565216,0.9565217391304348,dino_msp,0.91,0,0.0859375,extreme,0.3940979218642789
103,22,0.21359223300970873,0.7864077669902912,81,0.0859375,0.9505504758350438,DINOv3,0.40234375,msp,0.043478260869565216,0.9565217391304348,dino_msp,0.91,0,0.0859375,extreme,0.43358979691416677
115,22,0.19130434782608696,0.808695652173913,93,0.0859375,0.9505504758350438,DINOv3,0.44921875,msp,0.043478260869565216,0.9565217391304348,dino_msp,0.91,0,0.0859375,extreme,0.4646605252238809
128,22,0.171875,0.828125,106,0.0859375,0.9505504758350438,DINOv3,0.5,msp,0.043478260869565216,0.9565217391304348,dino_msp,0.91,0,0.0859375,extreme,0.501386199697893
141,22,0.15602836879432624,0.8439716312056738,119,0.0859375,0.9505504758350438,DINOv3,0.55078125,msp,0.043478260869565216,0.9565217391304348,dino_msp,0.91,0,0.0859375,extreme,0.5402400831213904
154,22,0.14285714285714285,0.8571428571428571,132,0.0859375,0.9505504758350438,DINOv3,0.6015625,msp,0.043478260869565216,0.9565217391304348,dino_msp,0.91,0,0.0859375,extreme,0.5619104960748919
166,22,0.13253012048192772,0.8674698795180723,144,0.0859375,0.9505504758350438,DINOv3,0.6484375,msp,0.043478260869565216,0.9565217391304348,dino_msp,0.91,0,0.0859375,extreme,0.5790608190644644
179,22,0.12290502793296089,0.8770949720670391,157,0.0859375,0.9505504758350438,DINOv3,0.69921875,msp,0.043478260869565216,0.9565217391304348,dino_msp,0.91,0,0.0859375,extreme,0.5937202649142755
192,22,0.11458333333333333,0.8854166666666666,170,0.0859375,0.9505504758350438,DINOv3,0.75,msp,0.043478260869565216,0.9565217391304348,dino_msp,0.91,0,0.0859375,extreme,0.6117700052797661
205,22,0.1073170731707317,0.8926829268292683,183,0.0859375,0.9505504758350438,DINOv3,0.80078125,msp,0.043478260869565216,0.9565217391304348,dino_msp,0.91,0,0.0859375,extreme,0.6250353113388236
217,22,0.10138248847926268,0.8986175115207373,195,0.0859375,0.9505504758350438,DINOv3,0.84765625,msp,0.043478260869565216,0.9565217391304348,dino_msp,0.91,0,0.0859375,extreme,0.6554323706294639
230,22,0.09565217391304348,0.9043478260869565,208,0.0859375,0.9505504758350438,DINOv3,0.8984375,msp,0.043478260869565216,0.9565217391304348,dino_msp,0.91,0,0.0859375,extreme,0.6755077597549539
243,22,0.09053497942386832,0.9094650205761317,221,0.0859375,0.9505504758350438,DINOv3,0.94921875,msp,0.043478260869565216,0.9565217391304348,dino_msp,0.91,0,0.0859375,extreme,0.7051597158904283
256,22,0.0859375,0.9140625,234,0.0859375,0.9505504758350438,DINOv3,1.0,msp,0.043478260869565216,0.9565217391304348,dino_msp,0.91,0,0.0859375,extreme,0.767982876195235
2,2,1.0,0.0,0,0.0859375,0.9477514461653294,DINOv3,0.0078125,energy,0.08695652173913043,0.9565217391304348,dino_energy,0.91,0,0.0078125,extreme,-8.623464792766068
13,11,0.8461538461538461,0.15384615384615385,2,0.0859375,0.9477514461653294,DINOv3,0.05078125,energy,0.08695652173913043,0.9565217391304348,dino_energy,0.91,0,0.04296875,extreme,-6.077306267116496
26,20,0.7692307692307693,0.23076923076923078,6,0.0859375,0.9477514461653294,DINOv3,0.1015625,energy,0.08695652173913043,0.9565217391304348,dino_energy,0.91,0,0.078125,extreme,-3.996662355962269
39,22,0.5641025641025641,0.4358974358974359,17,0.0859375,0.9477514461653294,DINOv3,0.15234375,energy,0.08695652173913043,0.9565217391304348,dino_energy,0.91,0,0.0859375,extreme,-3.310401019145649
52,22,0.4230769230769231,0.5769230769230769,30,0.0859375,0.9477514461653294,DINOv3,0.203125,energy,0.08695652173913043,0.9565217391304348,dino_energy,0.91,0,0.0859375,extreme,-3.0105747071013975
64,22,0.34375,0.65625,42,0.0859375,0.9477514461653294,DINOv3,0.25,energy,0.08695652173913043,0.9565217391304348,dino_energy,0.91,0,0.0859375,extreme,-2.785561055602565
77,22,0.2857142857142857,0.7142857142857143,55,0.0859375,0.9477514461653294,DINOv3,0.30078125,energy,0.08695652173913043,0.9565217391304348,dino_energy,0.91,0,0.0859375,extreme,-2.6153565171766524
90,22,0.24444444444444444,0.7555555555555555,68,0.0859375,0.9477514461653294,DINOv3,0.3515625,energy,0.08695652173913043,0.9565217391304348,dino_energy,0.91,0,0.0859375,extreme,-2.5075224187010194
103,22,0.21359223300970873,0.7864077669902912,81,0.0859375,0.9477514461653294,DINOv3,0.40234375,energy,0.08695652173913043,0.9565217391304348,dino_energy,0.91,0,0.0859375,extreme,-2.438242584137615
115,22,0.19130434782608696,0.808695652173913,93,0.0859375,0.9477514461653294,DINOv3,0.44921875,energy,0.08695652173913043,0.9565217391304348,dino_energy,0.91,0,0.0859375,extreme,-2.3788927744769155
128,22,0.171875,0.828125,106,0.0859375,0.9477514461653294,DINOv3,0.5,energy,0.08695652173913043,0.9565217391304348,dino_energy,0.91,0,0.0859375,extreme,-2.3321418554502706
141,22,0.15602836879432624,0.8439716312056738,119,0.0859375,0.9477514461653294,DINOv3,0.55078125,energy,0.08695652173913043,0.9565217391304348,dino_energy,0.91,0,0.0859375,extreme,-2.2765529362377004
154,22,0.14285714285714285,0.8571428571428571,132,0.0859375,0.9477514461653294,DINOv3,0.6015625,energy,0.08695652173913043,0.9565217391304348,dino_energy,0.91,0,0.0859375,extreme,-2.238437935747484
166,22,0.13253012048192772,0.8674698795180723,144,0.0859375,0.9477514461653294,DINOv3,0.6484375,energy,0.08695652173913043,0.9565217391304348,dino_energy,0.91,0,0.0859375,extreme,-2.190696331343813
179,22,0.12290502793296089,0.8770949720670391,157,0.0859375,0.9477514461653294,DINOv3,0.69921875,energy,0.08695652173913043,0.9565217391304348,dino_energy,0.91,0,0.0859375,extreme,-2.1554877323442025
192,22,0.11458333333333333,0.8854166666666666,170,0.0859375,0.9477514461653294,DINOv3,0.75,energy,0.08695652173913043,0.9565217391304348,dino_energy,0.91,0,0.0859375,extreme,-2.105975631168993
205,22,0.1073170731707317,0.8926829268292683,183,0.0859375,0.9477514461653294,DINOv3,0.80078125,energy,0.08695652173913043,0.9565217391304348,dino_energy,0.91,0,0.0859375,extreme,-2.0766856758846277
217,22,0.10138248847926268,0.8986175115207373,195,0.0859375,0.9477514461653294,DINOv3,0.84765625,energy,0.08695652173913043,0.9565217391304348,dino_energy,0.91,0,0.0859375,extreme,-2.0513434791189917
230,22,0.09565217391304348,0.9043478260869565,208,0.0859375,0.9477514461653294,DINOv3,0.8984375,energy,0.08695652173913043,0.9565217391304348,dino_energy,0.91,0,0.0859375,extreme,-2.0127759261715363
243,22,0.09053497942386832,0.9094650205761317,221,0.0859375,0.9477514461653294,DINOv3,0.94921875,energy,0.08695652173913043,0.9565217391304348,dino_energy,0.91,0,0.0859375,extreme,-1.9489346943429058
256,22,0.0859375,0.9140625,234,0.0859375,0.9477514461653294,DINOv3,1.0,energy,0.08695652173913043,0.9565217391304348,dino_energy,0.91,0,0.0859375,extreme,-1.8463262401869138
13,11,0.8461538461538461,0.15384615384615385,2,0.0859375,0.9371151334204143,DINOv3,0.05078125,mahalanobis,0.2608695652173913,0.9565217391304348,dino_mahalanobis,0.91,0,0.04296875,extreme,0.0
13,11,0.8461538461538461,0.15384615384615385,2,0.0859375,0.9371151334204143,DINOv3,0.05078125,mahalanobis,0.2608695652173913,0.9565217391304348,dino_mahalanobis,0.91,0,0.04296875,extreme,0.0013654487078294181
26,16,0.6153846153846154,0.38461538461538464,10,0.0859375,0.9371151334204143,DINOv3,0.1015625,mahalanobis,0.2608695652173913,0.9565217391304348,dino_mahalanobis,0.91,0,0.0625,extreme,0.09533471571351629
39,19,0.48717948717948717,0.5128205128205128,20,0.0859375,0.9371151334204143,DINOv3,0.15234375,mahalanobis,0.2608695652173913,0.9565217391304348,dino_mahalanobis,0.91,0,0.07421875,extreme,0.1752036308801037
52,19,0.36538461538461536,0.6346153846153846,33,0.0859375,0.9371151334204143,DINOv3,0.203125,mahalanobis,0.2608695652173913,0.9565217391304348,dino_mahalanobis,0.91,0,0.07421875,extreme,0.20659546558234923
64,20,0.3125,0.6875,44,0.0859375,0.9371151334204143,DINOv3,0.25,mahalanobis,0.2608695652173913,0.9565217391304348,dino_mahalanobis,0.91,0,0.078125,extreme,0.2601723729692302
77,21,0.2727272727272727,0.7272727272727273,56,0.0859375,0.9371151334204143,DINOv3,0.30078125,mahalanobis,0.2608695652173913,0.9565217391304348,dino_mahalanobis,0.91,0,0.08203125,extreme,0.30349528603198483
90,21,0.23333333333333334,0.7666666666666667,69,0.0859375,0.9371151334204143,DINOv3,0.3515625,mahalanobis,0.2608695652173913,0.9565217391304348,dino_mahalanobis,0.91,0,0.08203125,extreme,0.34803890577143265
103,21,0.20388349514563106,0.7961165048543689,82,0.0859375,0.9371151334204143,DINOv3,0.40234375,mahalanobis,0.2608695652173913,0.9565217391304348,dino_mahalanobis,0.91,0,0.08203125,extreme,0.3824807056677531
115,21,0.1826086956521739,0.8173913043478261,94,0.0859375,0.9371151334204143,DINOv3,0.44921875,mahalanobis,0.2608695652173913,0.9565217391304348,dino_mahalanobis,0.91,0,0.08203125,extreme,0.41287533966256557
128,21,0.1640625,0.8359375,107,0.0859375,0.9371151334204143,DINOv3,0.5,mahalanobis,0.2608695652173913,0.9565217391304348,dino_mahalanobis,0.91,0,0.08203125,extreme,0.4426167124053494
141,21,0.14893617021276595,0.851063829787234,120,0.0859375,0.9371151334204143,DINOv3,0.55078125,mahalanobis,0.2608695652173913,0.9565217391304348,dino_mahalanobis,0.91,0,0.08203125,extreme,0.4605868280157653
154,22,0.14285714285714285,0.8571428571428571,132,0.0859375,0.9371151334204143,DINOv3,0.6015625,mahalanobis,0.2608695652173913,0.9565217391304348,dino_mahalanobis,0.91,0,0.0859375,extreme,0.4757981014439876
166,22,0.13253012048192772,0.8674698795180723,144,0.0859375,0.9371151334204143,DINOv3,0.6484375,mahalanobis,0.2608695652173913,0.9565217391304348,dino_mahalanobis,0.91,0,0.0859375,extreme,0.49471454703732753
179,22,0.12290502793296089,0.8770949720670391,157,0.0859375,0.9371151334204143,DINOv3,0.69921875,mahalanobis,0.2608695652173913,0.9565217391304348,dino_mahalanobis,0.91,0,0.0859375,extreme,0.5256513665811248
192,22,0.11458333333333333,0.8854166666666666,170,0.0859375,0.9371151334204143,DINOv3,0.75,mahalanobis,0.2608695652173913,0.9565217391304348,dino_mahalanobis,0.91,0,0.0859375,extreme,0.5624850273991108
205,22,0.1073170731707317,0.8926829268292683,183,0.0859375,0.9371151334204143,DINOv3,0.80078125,mahalanobis,0.2608695652173913,0.9565217391304348,dino_mahalanobis,0.91,0,0.0859375,extreme,0.58964860757239
217,22,0.10138248847926268,0.8986175115207373,195,0.0859375,0.9371151334204143,DINOv3,0.84765625,mahalanobis,0.2608695652173913,0.9565217391304348,dino_mahalanobis,0.91,0,0.0859375,extreme,0.6654817680852025
230,22,0.09565217391304348,0.9043478260869565,208,0.0859375,0.9371151334204143,DINOv3,0.8984375,mahalanobis,0.2608695652173913,0.9565217391304348,dino_mahalanobis,0.91,0,0.0859375,extreme,0.9322237658925302
243,22,0.09053497942386832,0.9094650205761317,221,0.0859375,0.9371151334204143,DINOv3,0.94921875,mahalanobis,0.2608695652173913,0.9565217391304348,dino_mahalanobis,0.91,0,0.0859375,extreme,0.9983951279592624
256,22,0.0859375,0.9140625,234,0.0859375,0.9371151334204143,DINOv3,1.0,mahalanobis,0.2608695652173913,0.9565217391304348,dino_mahalanobis,0.91,0,0.0859375,extreme,1.0
13,11,0.8461538461538461,0.15384615384615385,2,0.0859375,0.9354357156185855,DINOv3,0.05078125,vim,0.2608695652173913,0.9565217391304348,dino_vim,0.91,0,0.04296875,extreme,0.0
13,11,0.8461538461538461,0.15384615384615385,2,0.0859375,0.9354357156185855,DINOv3,0.05078125,vim,0.2608695652173913,0.9565217391304348,dino_vim,0.91,0,0.04296875,extreme,0.002781128918286413
26,16,0.6153846153846154,0.38461538461538464,10,0.0859375,0.9354357156185855,DINOv3,0.1015625,vim,0.2608695652173913,0.9565217391304348,dino_vim,0.91,0,0.0625,extreme,0.07776462286710739
39,19,0.48717948717948717,0.5128205128205128,20,0.0859375,0.9354357156185855,DINOv3,0.15234375,vim,0.2608695652173913,0.9565217391304348,dino_vim,0.91,0,0.07421875,extreme,0.16479703411459923
52,19,0.36538461538461536,0.6346153846153846,33,0.0859375,0.9354357156185855,DINOv3,0.203125,vim,0.2608695652173913,0.9565217391304348,dino_vim,0.91,0,0.07421875,extreme,0.2119256556034088
64,20,0.3125,0.6875,44,0.0859375,0.9354357156185855,DINOv3,0.25,vim,0.2608695652173913,0.9565217391304348,dino_vim,0.91,0,0.078125,extreme,0.24638036638498306
77,21,0.2727272727272727,0.7272727272727273,56,0.0859375,0.9354357156185855,DINOv3,0.30078125,vim,0.2608695652173913,0.9565217391304348,dino_vim,0.91,0,0.08203125,extreme,0.30004476010799414
90,21,0.23333333333333334,0.7666666666666667,69,0.0859375,0.9354357156185855,DINOv3,0.3515625,vim,0.2608695652173913,0.9565217391304348,dino_vim,0.91,0,0.08203125,extreme,0.3508462682366371
103,21,0.20388349514563106,0.7961165048543689,82,0.0859375,0.9354357156185855,DINOv3,0.40234375,vim,0.2608695652173913,0.9565217391304348,dino_vim,0.91,0,0.08203125,extreme,0.39424240589141846
115,21,0.1826086956521739,0.8173913043478261,94,0.0859375,0.9354357156185855,DINOv3,0.44921875,vim,0.2608695652173913,0.9565217391304348,dino_vim,0.91,0,0.08203125,extreme,0.41864998638629913
128,21,0.1640625,0.8359375,107,0.0859375,0.9354357156185855,DINOv3,0.5,vim,0.2608695652173913,0.9565217391304348,dino_vim,0.91,0,0.08203125,extreme,0.4457924962043762
141,21,0.14893617021276595,0.851063829787234,120,0.0859375,0.9354357156185855,DINOv3,0.55078125,vim,0.2608695652173913,0.9565217391304348,dino_vim,0.91,0,0.08203125,extreme,0.4623473286628723
154,21,0.13636363636363635,0.8636363636363636,133,0.0859375,0.9354357156185855,DINOv3,0.6015625,vim,0.2608695652173913,0.9565217391304348,dino_vim,0.91,0,0.08203125,extreme,0.4736591875553133
166,22,0.13253012048192772,0.8674698795180723,144,0.0859375,0.9354357156185855,DINOv3,0.6484375,vim,0.2608695652173913,0.9565217391304348,dino_vim,0.91,0,0.0859375,extreme,0.5048040747642517
179,22,0.12290502793296089,0.8770949720670391,157,0.0859375,0.9354357156185855,DINOv3,0.69921875,vim,0.2608695652173913,0.9565217391304348,dino_vim,0.91,0,0.0859375,extreme,0.5309033095836639
192,22,0.11458333333333333,0.8854166666666666,170,0.0859375,0.9354357156185855,DINOv3,0.75,vim,0.2608695652173913,0.9565217391304348,dino_vim,0.91,0,0.0859375,extreme,0.5727854520082474
205,22,0.1073170731707317,0.8926829268292683,183,0.0859375,0.9354357156185855,DINOv3,0.80078125,vim,0.2608695652173913,0.9565217391304348,dino_vim,0.91,0,0.0859375,extreme,0.605430543422699
217,22,0.10138248847926268,0.8986175115207373,195,0.0859375,0.9354357156185855,DINOv3,0.84765625,vim,0.2608695652173913,0.9565217391304348,dino_vim,0.91,0,0.0859375,extreme,0.6675879210233693
230,22,0.09565217391304348,0.9043478260869565,208,0.0859375,0.9354357156185855,DINOv3,0.8984375,vim,0.2608695652173913,0.9565217391304348,dino_vim,0.91,0,0.0859375,extreme,0.9376550018787384
243,22,0.09053497942386832,0.9094650205761317,221,0.0859375,0.9354357156185855,DINOv3,0.94921875,vim,0.2608695652173913,0.9565217391304348,dino_vim,0.91,0,0.0859375,extreme,0.9982910752296449
256,22,0.0859375,0.9140625,234,0.0859375,0.9354357156185855,DINOv3,1.0,vim,0.2608695652173913,0.9565217391304348,dino_vim,0.91,0,0.0859375,extreme,1.0
2,2,1.0,0.0,0,0.0859375,0.9473782422093674,DINOv3,0.0078125,react_energy,0.08695652173913043,0.9565217391304348,dino_react_energy,0.91,0,0.0078125,extreme,-7.767115088240483
13,11,0.8461538461538461,0.15384615384615385,2,0.0859375,0.9473782422093674,DINOv3,0.05078125,react_energy,0.08695652173913043,0.9565217391304348,dino_react_energy,0.91,0,0.04296875,extreme,-5.530237185114914
26,20,0.7692307692307693,0.23076923076923078,6,0.0859375,0.9473782422093674,DINOv3,0.1015625,react_energy,0.08695652173913043,0.9565217391304348,dino_react_energy,0.91,0,0.078125,extreme,-3.584384531751546
39,22,0.5641025641025641,0.4358974358974359,17,0.0859375,0.9473782422093674,DINOv3,0.15234375,react_energy,0.08695652173913043,0.9565217391304348,dino_react_energy,0.91,0,0.0859375,extreme,-3.039683050099136
52,22,0.4230769230769231,0.5769230769230769,30,0.0859375,0.9473782422093674,DINOv3,0.203125,react_energy,0.08695652173913043,0.9565217391304348,dino_react_energy,0.91,0,0.0859375,extreme,-2.8233263835972604
64,22,0.34375,0.65625,42,0.0859375,0.9473782422093674,DINOv3,0.25,react_energy,0.08695652173913043,0.9565217391304348,dino_react_energy,0.91,0,0.0859375,extreme,-2.6123297257476104
77,22,0.2857142857142857,0.7142857142857143,55,0.0859375,0.9473782422093674,DINOv3,0.30078125,react_energy,0.08695652173913043,0.9565217391304348,dino_react_energy,0.91,0,0.0859375,extreme,-2.5370535990859215
90,22,0.24444444444444444,0.7555555555555555,68,0.0859375,0.9473782422093674,DINOv3,0.3515625,react_energy,0.08695652173913043,0.9565217391304348,dino_react_energy,0.91,0,0.0859375,extreme,-2.406296736259917
103,22,0.21359223300970873,0.7864077669902912,81,0.0859375,0.9473782422093674,DINOv3,0.40234375,react_energy,0.08695652173913043,0.9565217391304348,dino_react_energy,0.91,0,0.0859375,extreme,-2.317559403062922
115,22,0.19130434782608696,0.808695652173913,93,0.0859375,0.9473782422093674,DINOv3,0.44921875,react_energy,0.08695652173913043,0.9565217391304348,dino_react_energy,0.91,0,0.0859375,extreme,-2.2668413839292456
128,22,0.171875,0.828125,106,0.0859375,0.9473782422093674,DINOv3,0.5,react_energy,0.08695652173913043,0.9565217391304348,dino_react_energy,0.91,0,0.0859375,extreme,-2.2268467259574605
141,22,0.15602836879432624,0.8439716312056738,119,0.0859375,0.9473782422093674,DINOv3,0.55078125,react_energy,0.08695652173913043,0.9565217391304348,dino_react_energy,0.91,0,0.0859375,extreme,-2.196061620547132
154,22,0.14285714285714285,0.8571428571428571,132,0.0859375,0.9473782422093674,DINOv3,0.6015625,react_energy,0.08695652173913043,0.9565217391304348,dino_react_energy,0.91,0,0.0859375,extreme,-2.1540950121450084
166,22,0.13253012048192772,0.8674698795180723,144,0.0859375,0.9473782422093674,DINOv3,0.6484375,react_energy,0.08695652173913043,0.9565217391304348,dino_react_energy,0.91,0,0.0859375,extreme,-2.112209518764475
179,22,0.12290502793296089,0.8770949720670391,157,0.0859375,0.9473782422093674,DINOv3,0.69921875,react_energy,0.08695652173913043,0.9565217391304348,dino_react_energy,0.91,0,0.0859375,extreme,-2.0858342849683122
192,22,0.11458333333333333,0.8854166666666666,170,0.0859375,0.9473782422093674,DINOv3,0.75,react_energy,0.08695652173913043,0.9565217391304348,dino_react_energy,0.91,0,0.0859375,extreme,-2.035920461266585
205,22,0.1073170731707317,0.8926829268292683,183,0.0859375,0.9473782422093674,DINOv3,0.80078125,react_energy,0.08695652173913043,0.9565217391304348,dino_react_energy,0.91,0,0.0859375,extreme,-2.0037061659428157
217,22,0.10138248847926268,0.8986175115207373,195,0.0859375,0.9473782422093674,DINOv3,0.84765625,react_energy,0.08695652173913043,0.9565217391304348,dino_react_energy,0.91,0,0.0859375,extreme,-1.9837040044130216
230,22,0.09565217391304348,0.9043478260869565,208,0.0859375,0.9473782422093674,DINOv3,0.8984375,react_energy,0.08695652173913043,0.9565217391304348,dino_react_energy,0.91,0,0.0859375,extreme,-1.965104928377523
243,22,0.09053497942386832,0.9094650205761317,221,0.0859375,0.9473782422093674,DINOv3,0.94921875,react_energy,0.08695652173913043,0.9565217391304348,dino_react_energy,0.91,0,0.0859375,extreme,-1.9313817965508173
256,22,0.0859375,0.9140625,234,0.0859375,0.9473782422093674,DINOv3,1.0,react_energy,0.08695652173913043,0.9565217391304348,dino_react_energy,0.91,0,0.0859375,extreme,-1.8238058348808488
2,2,1.0,0.0,0,0.0859375,0.9428997947378243,DINOv3,0.0078125,ash_energy,0.08695652173913043,0.9565217391304348,dino_ash_energy,0.91,0,0.0078125,extreme,-12.547828281339541
13,11,0.8461538461538461,0.15384615384615385,2,0.0859375,0.9428997947378243,DINOv3,0.05078125,ash_energy,0.08695652173913043,0.9565217391304348,dino_ash_energy,0.91,0,0.04296875,extreme,-8.363064574514386
26,21,0.8076923076923077,0.19230769230769232,5,0.0859375,0.9428997947378243,DINOv3,0.1015625,ash_energy,0.08695652173913043,0.9565217391304348,dino_ash_energy,0.91,0,0.08203125,extreme,-5.592175641970682
39,21,0.5384615384615384,0.46153846153846156,18,0.0859375,0.9428997947378243,DINOv3,0.15234375,ash_energy,0.08695652173913043,0.9565217391304348,dino_ash_energy,0.91,0,0.08203125,extreme,-4.555915723963175
52,21,0.40384615384615385,0.5961538461538461,31,0.0859375,0.9428997947378243,DINOv3,0.203125,ash_energy,0.08695652173913043,0.9565217391304348,dino_ash_energy,0.91,0,0.08203125,extreme,-3.965802605241686
64,22,0.34375,0.65625,42,0.0859375,0.9428997947378243,DINOv3,0.25,ash_energy,0.08695652173913043,0.9565217391304348,dino_ash_energy,0.91,0,0.0859375,extreme,-3.7684131310255693
77,22,0.2857142857142857,0.7142857142857143,55,0.0859375,0.9428997947378243,DINOv3,0.30078125,ash_energy,0.08695652173913043,0.9565217391304348,dino_ash_energy,0.91,0,0.0859375,extreme,-3.5918023076749486
90,22,0.24444444444444444,0.7555555555555555,68,0.0859375,0.9428997947378243,DINOv3,0.3515625,ash_energy,0.08695652173913043,0.9565217391304348,dino_ash_energy,0.91,0,0.0859375,extreme,-3.346508653701134
103,22,0.21359223300970873,0.7864077669902912,81,0.0859375,0.9428997947378243,DINOv3,0.40234375,ash_energy,0.08695652173913043,0.9565217391304348,dino_ash_energy,0.91,0,0.0859375,extreme,-3.1572603312346974
115,22,0.19130434782608696,0.808695652173913,93,0.0859375,0.9428997947378243,DINOv3,0.44921875,ash_energy,0.08695652173913043,0.9565217391304348,dino_ash_energy,0.91,0,0.0859375,extreme,-2.9874587497079226
128,22,0.171875,0.828125,106,0.0859375,0.9428997947378243,DINOv3,0.5,ash_energy,0.08695652173913043,0.9565217391304348,dino_ash_energy,0.91,0,0.0859375,extreme,-2.88910557662815
141,22,0.15602836879432624,0.8439716312056738,119,0.0859375,0.9428997947378243,DINOv3,0.55078125,ash_energy,0.08695652173913043,0.9565217391304348,dino_ash_energy,0.91,0,0.0859375,extreme,-2.792956498656838
154,22,0.14285714285714285,0.8571428571428571,132,0.0859375,0.9428997947378243,DINOv3,0.6015625,ash_energy,0.08695652173913043,0.9565217391304348,dino_ash_energy,0.91,0,0.0859375,extreme,-2.7466596667459577
166,22,0.13253012048192772,0.8674698795180723,144,0.0859375,0.9428997947378243,DINOv3,0.6484375,ash_energy,0.08695652173913043,0.9565217391304348,dino_ash_energy,0.91,0,0.0859375,extreme,-2.638017059058146
179,22,0.12290502793296089,0.8770949720670391,157,0.0859375,0.9428997947378243,DINOv3,0.69921875,ash_energy,0.08695652173913043,0.9565217391304348,dino_ash_energy,0.91,0,0.0859375,extreme,-2.543182589132702
192,22,0.11458333333333333,0.8854166666666666,170,0.0859375,0.9428997947378243,DINOv3,0.75,ash_energy,0.08695652173913043,0.9565217391304348,dino_ash_energy,0.91,0,0.0859375,extreme,-2.485656083484691
205,22,0.1073170731707317,0.8926829268292683,183,0.0859375,0.9428997947378243,DINOv3,0.80078125,ash_energy,0.08695652173913043,0.9565217391304348,dino_ash_energy,0.91,0,0.0859375,extreme,-2.400651568213859
217,22,0.10138248847926268,0.8986175115207373,195,0.0859375,0.9428997947378243,DINOv3,0.84765625,ash_energy,0.08695652173913043,0.9565217391304348,dino_ash_energy,0.91,0,0.0859375,extreme,-2.3198514551648666
230,22,0.09565217391304348,0.9043478260869565,208,0.0859375,0.9428997947378243,DINOv3,0.8984375,ash_energy,0.08695652173913043,0.9565217391304348,dino_ash_energy,0.91,0,0.0859375,extreme,-2.2491900579014423
243,22,0.09053497942386832,0.9094650205761317,221,0.0859375,0.9428997947378243,DINOv3,0.94921875,ash_energy,0.08695652173913043,0.9565217391304348,dino_ash_energy,0.91,0,0.0859375,extreme,-2.1492945744473952
256,22,0.0859375,0.9140625,234,0.0859375,0.9428997947378243,DINOv3,1.0,ash_energy,0.08695652173913043,0.9565217391304348,dino_ash_energy,0.91,0,0.0859375,extreme,-1.897329009227707
1,1,1.0,0.0,0,0.0859375,0.9873110654972943,DINOv3,0.00390625,one_vs_rest,0.08695652173913043,0.9565217391304348,dino_one_vs_rest,0.91,0,0.00390625,extreme,4.696738462105594e-05
13,12,0.9230769230769231,0.07692307692307693,1,0.0859375,0.9873110654972943,DINOv3,0.05078125,one_vs_rest,0.08695652173913043,0.9565217391304348,dino_one_vs_rest,0.91,0,0.046875,extreme,0.017436914059117105
26,19,0.7307692307692307,0.2692307692307692,7,0.0859375,0.9873110654972943,DINOv3,0.1015625,one_vs_rest,0.08695652173913043,0.9565217391304348,dino_one_vs_rest,0.91,0,0.07421875,extreme,0.10589762312689721
39,22,0.5641025641025641,0.4358974358974359,17,0.0859375,0.9873110654972943,DINOv3,0.15234375,one_vs_rest,0.08695652173913043,0.9565217391304348,dino_one_vs_rest,0.91,0,0.0859375,extreme,0.3473339012479157
52,22,0.4230769230769231,0.5769230769230769,30,0.0859375,0.9873110654972943,DINOv3,0.203125,one_vs_rest,0.08695652173913043,0.9565217391304348,dino_one_vs_rest,0.91,0,0.0859375,extreme,0.7318291890545031
64,22,0.34375,0.65625,42,0.0859375,0.9873110654972943,DINOv3,0.25,one_vs_rest,0.08695652173913043,0.9565217391304348,dino_one_vs_rest,0.91,0,0.0859375,extreme,0.8791013191192518
77,22,0.2857142857142857,0.7142857142857143,55,0.0859375,0.9873110654972943,DINOv3,0.30078125,one_vs_rest,0.08695652173913043,0.9565217391304348,dino_one_vs_rest,0.91,0,0.0859375,extreme,0.9340702397535786
90,22,0.24444444444444444,0.7555555555555555,68,0.0859375,0.9873110654972943,DINOv3,0.3515625,one_vs_rest,0.08695652173913043,0.9565217391304348,dino_one_vs_rest,0.91,0,0.0859375,extreme,0.9494009327259527
103,22,0.21359223300970873,0.7864077669902912,81,0.0859375,0.9873110654972943,DINOv3,0.40234375,one_vs_rest,0.08695652173913043,0.9565217391304348,dino_one_vs_rest,0.91,0,0.0859375,extreme,0.968913942698228
115,22,0.19130434782608696,0.808695652173913,93,0.0859375,0.9873110654972943,DINOv3,0.44921875,one_vs_rest,0.08695652173913043,0.9565217391304348,dino_one_vs_rest,0.91,0,0.0859375,extreme,0.9786111784518529
128,22,0.171875,0.828125,106,0.0859375,0.9873110654972943,DINOv3,0.5,one_vs_rest,0.08695652173913043,0.9565217391304348,dino_one_vs_rest,0.91,0,0.0859375,extreme,0.9842760945174501
141,22,0.15602836879432624,0.8439716312056738,119,0.0859375,0.9873110654972943,DINOv3,0.55078125,one_vs_rest,0.08695652173913043,0.9565217391304348,dino_one_vs_rest,0.91,0,0.0859375,extreme,0.9891962344740434
154,22,0.14285714285714285,0.8571428571428571,132,0.0859375,0.9873110654972943,DINOv3,0.6015625,one_vs_rest,0.08695652173913043,0.9565217391304348,dino_one_vs_rest,0.91,0,0.0859375,extreme,0.9929514029968992
166,22,0.13253012048192772,0.8674698795180723,144,0.0859375,0.9873110654972943,DINOv3,0.6484375,one_vs_rest,0.08695652173913043,0.9565217391304348,dino_one_vs_rest,0.91,0,0.0859375,extreme,0.9945878871342795
179,22,0.12290502793296089,0.8770949720670391,157,0.0859375,0.9873110654972943,DINOv3,0.69921875,one_vs_rest,0.08695652173913043,0.9565217391304348,dino_one_vs_rest,0.91,0,0.0859375,extreme,0.9959960318695639
192,22,0.11458333333333333,0.8854166666666666,170,0.0859375,0.9873110654972943,DINOv3,0.75,one_vs_rest,0.08695652173913043,0.9565217391304348,dino_one_vs_rest,0.91,0,0.0859375,extreme,0.9969821912206626
205,22,0.1073170731707317,0.8926829268292683,183,0.0859375,0.9873110654972943,DINOv3,0.80078125,one_vs_rest,0.08695652173913043,0.9565217391304348,dino_one_vs_rest,0.91,0,0.0859375,extreme,0.9981716532279957
217,22,0.10138248847926268,0.8986175115207373,195,0.0859375,0.9873110654972943,DINOv3,0.84765625,one_vs_rest,0.08695652173913043,0.9565217391304348,dino_one_vs_rest,0.91,0,0.0859375,extreme,0.998690260342392
230,22,0.09565217391304348,0.9043478260869565,208,0.0859375,0.9873110654972943,DINOv3,0.8984375,one_vs_rest,0.08695652173913043,0.9565217391304348,dino_one_vs_rest,0.91,0,0.0859375,extreme,0.9993996421619581
243,22,0.09053497942386832,0.9094650205761317,221,0.0859375,0.9873110654972943,DINOv3,0.94921875,one_vs_rest,0.08695652173913043,0.9565217391304348,dino_one_vs_rest,0.91,0,0.0859375,extreme,0.9996809312630371
256,22,0.0859375,0.9140625,234,0.0859375,0.9873110654972943,DINOv3,1.0,one_vs_rest,0.08695652173913043,0.9565217391304348,dino_one_vs_rest,0.91,0,0.0859375,extreme,0.9999612551079798
13,11,0.8461538461538461,0.15384615384615385,2,0.0859375,0.9404739690240717,DINOv3,0.05078125,deepjscc,0.2608695652173913,0.9565217391304348,deepjscc_style,0.91,0,0.04296875,extreme,0.0
13,11,0.8461538461538461,0.15384615384615385,2,0.0859375,0.9404739690240717,DINOv3,0.05078125,deepjscc,0.2608695652173913,0.9565217391304348,deepjscc_style,0.91,0,0.04296875,extreme,0.0005747240502387285
26,16,0.6153846153846154,0.38461538461538464,10,0.0859375,0.9404739690240717,DINOv3,0.1015625,deepjscc,0.2608695652173913,0.9565217391304348,deepjscc_style,0.91,0,0.0625,extreme,0.08136598020792007
39,19,0.48717948717948717,0.5128205128205128,20,0.0859375,0.9404739690240717,DINOv3,0.15234375,deepjscc,0.2608695652173913,0.9565217391304348,deepjscc_style,0.91,0,0.07421875,extreme,0.14626439288258555
52,19,0.36538461538461536,0.6346153846153846,33,0.0859375,0.9404739690240717,DINOv3,0.203125,deepjscc,0.2608695652173913,0.9565217391304348,deepjscc_style,0.91,0,0.07421875,extreme,0.1896195113658905
64,21,0.328125,0.671875,43,0.0859375,0.9404739690240717,DINOv3,0.25,deepjscc,0.2608695652173913,0.9565217391304348,deepjscc_style,0.91,0,0.08203125,extreme,0.22338274493813515
77,21,0.2727272727272727,0.7272727272727273,56,0.0859375,0.9404739690240717,DINOv3,0.30078125,deepjscc,0.2608695652173913,0.9565217391304348,deepjscc_style,0.91,0,0.08203125,extreme,0.26319120824337006
90,21,0.23333333333333334,0.7666666666666667,69,0.0859375,0.9404739690240717,DINOv3,0.3515625,deepjscc,0.2608695652173913,0.9565217391304348,deepjscc_style,0.91,0,0.08203125,extreme,0.30920179188251495
103,21,0.20388349514563106,0.7961165048543689,82,0.0859375,0.9404739690240717,DINOv3,0.40234375,deepjscc,0.2608695652173913,0.9565217391304348,deepjscc_style,0.91,0,0.08203125,extreme,0.33920562267303467
115,21,0.1826086956521739,0.8173913043478261,94,0.0859375,0.9404739690240717,DINOv3,0.44921875,deepjscc,0.2608695652173913,0.9565217391304348,deepjscc_style,0.91,0,0.08203125,extreme,0.3614650368690491
128,21,0.1640625,0.8359375,107,0.0859375,0.9404739690240717,DINOv3,0.5,deepjscc,0.2608695652173913,0.9565217391304348,deepjscc_style,0.91,0,0.08203125,extreme,0.39659132063388824
141,21,0.14893617021276595,0.851063829787234,120,0.0859375,0.9404739690240717,DINOv3,0.55078125,deepjscc,0.2608695652173913,0.9565217391304348,deepjscc_style,0.91,0,0.08203125,extreme,0.40659600496292114
154,22,0.14285714285714285,0.8571428571428571,132,0.0859375,0.9404739690240717,DINOv3,0.6015625,deepjscc,0.2608695652173913,0.9565217391304348,deepjscc_style,0.91,0,0.0859375,extreme,0.42178109288215637
166,22,0.13253012048192772,0.8674698795180723,144,0.0859375,0.9404739690240717,DINOv3,0.6484375,deepjscc,0.2608695652173913,0.9565217391304348,deepjscc_style,0.91,0,0.0859375,extreme,0.44790036976337433
179,22,0.12290502793296089,0.8770949720670391,157,0.0859375,0.9404739690240717,DINOv3,0.69921875,deepjscc,0.2608695652173913,0.9565217391304348,deepjscc_style,0.91,0,0.0859375,extreme,0.4759775251150131
192,22,0.11458333333333333,0.8854166666666666,170,0.0859375,0.9404739690240717,DINOv3,0.75,deepjscc,0.2608695652173913,0.9565217391304348,deepjscc_style,0.91,0,0.0859375,extreme,0.5061797052621841
205,22,0.1073170731707317,0.8926829268292683,183,0.0859375,0.9404739690240717,DINOv3,0.80078125,deepjscc,0.2608695652173913,0.9565217391304348,deepjscc_style,0.91,0,0.0859375,extreme,0.55137699842453
217,22,0.10138248847926268,0.8986175115207373,195,0.0859375,0.9404739690240717,DINOv3,0.84765625,deepjscc,0.2608695652173913,0.9565217391304348,deepjscc_style,0.91,0,0.0859375,extreme,0.6332736015319829
230,22,0.09565217391304348,0.9043478260869565,208,0.0859375,0.9404739690240717,DINOv3,0.8984375,deepjscc,0.2608695652173913,0.9565217391304348,deepjscc_style,0.91,0,0.0859375,extreme,0.9214829504489899
243,22,0.09053497942386832,0.9094650205761317,221,0.0859375,0.9404739690240717,DINOv3,0.94921875,deepjscc,0.2608695652173913,0.9565217391304348,deepjscc_style,0.91,0,0.0859375,extreme,0.9993230104446411
256,22,0.0859375,0.9140625,234,0.0859375,0.9404739690240717,DINOv3,1.0,deepjscc,0.2608695652173913,0.9565217391304348,deepjscc_style,0.91,0,0.0859375,extreme,1.0
1,1,1.0,0.0,0,0.08203125,0.9841388318716179,SigLIP2,0.00390625,best_ood:one_vs_rest,0.08695652173913043,0.9130434782608695,siglip2_best_ood,0.91,0,0.00390625,extreme,7.090296187740454e-05
13,12,0.9230769230769231,0.07692307692307693,1,0.08203125,0.9841388318716179,SigLIP2,0.05078125,best_ood:one_vs_rest,0.08695652173913043,0.9130434782608695,siglip2_best_ood,0.91,0,0.046875,extreme,0.005515087706436623
26,18,0.6923076923076923,0.3076923076923077,8,0.08203125,0.9841388318716179,SigLIP2,0.1015625,best_ood:one_vs_rest,0.08695652173913043,0.9130434782608695,siglip2_best_ood,0.91,0,0.0703125,extreme,0.05056631517893985
39,21,0.5384615384615384,0.46153846153846156,18,0.08203125,0.9841388318716179,SigLIP2,0.15234375,best_ood:one_vs_rest,0.08695652173913043,0.9130434782608695,siglip2_best_ood,0.91,0,0.08203125,extreme,0.5317476358338008
52,21,0.40384615384615385,0.5961538461538461,31,0.08203125,0.9841388318716179,SigLIP2,0.203125,best_ood:one_vs_rest,0.08695652173913043,0.9130434782608695,siglip2_best_ood,0.91,0,0.08203125,extreme,0.7783127747328308
64,21,0.328125,0.671875,43,0.08203125,0.9841388318716179,SigLIP2,0.25,best_ood:one_vs_rest,0.08695652173913043,0.9130434782608695,siglip2_best_ood,0.91,0,0.08203125,extreme,0.8970044948308183
77,21,0.2727272727272727,0.7272727272727273,56,0.08203125,0.9841388318716179,SigLIP2,0.30078125,best_ood:one_vs_rest,0.08695652173913043,0.9130434782608695,siglip2_best_ood,0.91,0,0.08203125,extreme,0.9525687297396573
90,21,0.23333333333333334,0.7666666666666667,69,0.08203125,0.9841388318716179,SigLIP2,0.3515625,best_ood:one_vs_rest,0.08695652173913043,0.9130434782608695,siglip2_best_ood,0.91,0,0.08203125,extreme,0.972371931115697
103,21,0.20388349514563106,0.7961165048543689,82,0.08203125,0.9841388318716179,SigLIP2,0.40234375,best_ood:one_vs_rest,0.08695652173913043,0.9130434782608695,siglip2_best_ood,0.91,0,0.08203125,extreme,0.9823362700040903
115,21,0.1826086956521739,0.8173913043478261,94,0.08203125,0.9841388318716179,SigLIP2,0.44921875,best_ood:one_vs_rest,0.08695652173913043,0.9130434782608695,siglip2_best_ood,0.91,0,0.08203125,extreme,0.9905764187417865
128,21,0.1640625,0.8359375,107,0.08203125,0.9841388318716179,SigLIP2,0.5,best_ood:one_vs_rest,0.08695652173913043,0.9130434782608695,siglip2_best_ood,0.91,0,0.08203125,extreme,0.9939272765118887
141,21,0.14893617021276595,0.851063829787234,120,0.08203125,0.9841388318716179,SigLIP2,0.55078125,best_ood:one_vs_rest,0.08695652173913043,0.9130434782608695,siglip2_best_ood,0.91,0,0.08203125,extreme,0.9953827531749666
154,21,0.13636363636363635,0.8636363636363636,133,0.08203125,0.9841388318716179,SigLIP2,0.6015625,best_ood:one_vs_rest,0.08695652173913043,0.9130434782608695,siglip2_best_ood,0.91,0,0.08203125,extreme,0.9963820990514076
166,21,0.12650602409638553,0.8734939759036144,145,0.08203125,0.9841388318716179,SigLIP2,0.6484375,best_ood:one_vs_rest,0.08695652173913043,0.9130434782608695,siglip2_best_ood,0.91,0,0.08203125,extreme,0.9979377266123097
179,21,0.11731843575418995,0.88268156424581,158,0.08203125,0.9841388318716179,SigLIP2,0.69921875,best_ood:one_vs_rest,0.08695652173913043,0.9130434782608695,siglip2_best_ood,0.91,0,0.08203125,extreme,0.9988907386352092
192,21,0.109375,0.890625,171,0.08203125,0.9841388318716179,SigLIP2,0.75,best_ood:one_vs_rest,0.08695652173913043,0.9130434782608695,siglip2_best_ood,0.91,0,0.08203125,extreme,0.9993505248601533
205,21,0.1024390243902439,0.8975609756097561,184,0.08203125,0.9841388318716179,SigLIP2,0.80078125,best_ood:one_vs_rest,0.08695652173913043,0.9130434782608695,siglip2_best_ood,0.91,0,0.08203125,extreme,0.9996477741002426
217,21,0.0967741935483871,0.9032258064516129,196,0.08203125,0.9841388318716179,SigLIP2,0.84765625,best_ood:one_vs_rest,0.08695652173913043,0.9130434782608695,siglip2_best_ood,0.91,0,0.08203125,extreme,0.9998448692360854
230,21,0.09130434782608696,0.908695652173913,209,0.08203125,0.9841388318716179,SigLIP2,0.8984375,best_ood:one_vs_rest,0.08695652173913043,0.9130434782608695,siglip2_best_ood,0.91,0,0.08203125,extreme,0.9999560651643223
243,21,0.08641975308641975,0.9135802469135802,222,0.08203125,0.9841388318716179,SigLIP2,0.94921875,best_ood:one_vs_rest,0.08695652173913043,0.9130434782608695,siglip2_best_ood,0.91,0,0.08203125,extreme,0.9999920156953532
256,21,0.08203125,0.91796875,235,0.08203125,0.9841388318716179,SigLIP2,1.0,best_ood:one_vs_rest,0.08695652173913043,0.9130434782608695,siglip2_best_ood,0.91,0,0.08203125,extreme,0.999998860682783
1,1,1.0,0.0,0,0.08984375,0.9966411643963426,OpenCLIP-DFN5B,0.00390625,best_ood:one_vs_rest,0.0,1.0,openclip_best_ood,0.91,0,0.00390625,extreme,7.4646826621401305e-06
13,13,1.0,0.0,0,0.08984375,0.9966411643963426,OpenCLIP-DFN5B,0.05078125,best_ood:one_vs_rest,0.0,1.0,openclip_best_ood,0.91,0,0.05078125,extreme,0.0030759428207232926
26,21,0.8076923076923077,0.19230769230769232,5,0.08984375,0.9966411643963426,OpenCLIP-DFN5B,0.1015625,best_ood:one_vs_rest,0.0,1.0,openclip_best_ood,0.91,0,0.08203125,extreme,0.15642887952705525
39,23,0.5897435897435898,0.41025641025641024,16,0.08984375,0.9966411643963426,OpenCLIP-DFN5B,0.15234375,best_ood:one_vs_rest,0.0,1.0,openclip_best_ood,0.91,0,0.08984375,extreme,0.6346182906604928
52,23,0.4423076923076923,0.5576923076923077,29,0.08984375,0.9966411643963426,OpenCLIP-DFN5B,0.203125,best_ood:one_vs_rest,0.0,1.0,openclip_best_ood,0.91,0,0.08984375,extreme,0.8178217327863796
64,23,0.359375,0.640625,41,0.08984375,0.9966411643963426,OpenCLIP-DFN5B,0.25,best_ood:one_vs_rest,0.0,1.0,openclip_best_ood,0.91,0,0.08984375,extreme,0.9313912197209875
77,23,0.2987012987012987,0.7012987012987013,54,0.08984375,0.9966411643963426,OpenCLIP-DFN5B,0.30078125,best_ood:one_vs_rest,0.0,1.0,openclip_best_ood,0.91,0,0.08984375,extreme,0.9554629798496413
90,23,0.25555555555555554,0.7444444444444445,67,0.08984375,0.9966411643963426,OpenCLIP-DFN5B,0.3515625,best_ood:one_vs_rest,0.0,1.0,openclip_best_ood,0.91,0,0.08984375,extreme,0.9790388593786019
103,23,0.22330097087378642,0.7766990291262136,80,0.08984375,0.9966411643963426,OpenCLIP-DFN5B,0.40234375,best_ood:one_vs_rest,0.0,1.0,openclip_best_ood,0.91,0,0.08984375,extreme,0.9851946680905443
115,23,0.2,0.8,92,0.08984375,0.9966411643963426,OpenCLIP-DFN5B,0.44921875,best_ood:one_vs_rest,0.0,1.0,openclip_best_ood,0.91,0,0.08984375,extreme,0.988354622532399
128,23,0.1796875,0.8203125,105,0.08984375,0.9966411643963426,OpenCLIP-DFN5B,0.5,best_ood:one_vs_rest,0.0,1.0,openclip_best_ood,0.91,0,0.08984375,extreme,0.9951457543690169
141,23,0.16312056737588654,0.8368794326241135,118,0.08984375,0.9966411643963426,OpenCLIP-DFN5B,0.55078125,best_ood:one_vs_rest,0.0,1.0,openclip_best_ood,0.91,0,0.08984375,extreme,0.9976306640472851
154,23,0.14935064935064934,0.8506493506493507,131,0.08984375,0.9966411643963426,OpenCLIP-DFN5B,0.6015625,best_ood:one_vs_rest,0.0,1.0,openclip_best_ood,0.91,0,0.08984375,extreme,0.9983490197248422
166,23,0.13855421686746988,0.8614457831325302,143,0.08984375,0.9966411643963426,OpenCLIP-DFN5B,0.6484375,best_ood:one_vs_rest,0.0,1.0,openclip_best_ood,0.91,0,0.08984375,extreme,0.998882929100219
179,23,0.12849162011173185,0.8715083798882681,156,0.08984375,0.9966411643963426,OpenCLIP-DFN5B,0.69921875,best_ood:one_vs_rest,0.0,1.0,openclip_best_ood,0.91,0,0.08984375,extreme,0.9993576197518107
192,23,0.11979166666666667,0.8802083333333334,169,0.08984375,0.9966411643963426,OpenCLIP-DFN5B,0.75,best_ood:one_vs_rest,0.0,1.0,openclip_best_ood,0.91,0,0.08984375,extreme,0.9996420240414354
205,23,0.11219512195121951,0.8878048780487805,182,0.08984375,0.9966411643963426,OpenCLIP-DFN5B,0.80078125,best_ood:one_vs_rest,0.0,1.0,openclip_best_ood,0.91,0,0.08984375,extreme,0.9998169695188783
217,23,0.10599078341013825,0.8940092165898618,194,0.08984375,0.9966411643963426,OpenCLIP-DFN5B,0.84765625,best_ood:one_vs_rest,0.0,1.0,openclip_best_ood,0.91,0,0.08984375,extreme,0.9999174458714096
230,23,0.1,0.9,207,0.08984375,0.9966411643963426,OpenCLIP-DFN5B,0.8984375,best_ood:one_vs_rest,0.0,1.0,openclip_best_ood,0.91,0,0.08984375,extreme,0.999960921618577
243,23,0.09465020576131687,0.9053497942386831,220,0.08984375,0.9966411643963426,OpenCLIP-DFN5B,0.94921875,best_ood:one_vs_rest,0.0,1.0,openclip_best_ood,0.91,0,0.08984375,extreme,0.9999967321538112
256,23,0.08984375,0.91015625,233,0.08984375,0.9966411643963426,OpenCLIP-DFN5B,1.0,best_ood:one_vs_rest,0.0,1.0,openclip_best_ood,0.91,0,0.08984375,extreme,0.999999983815336
