accepted,accepted_correct,accepted_known_accuracy,accepted_open_outage,accepted_unsafe,accuracy,auroc,backbone,coverage,detector_control,fpr95,known_id_accuracy,method,open_fraction,seed,semantic_goodput,severity,target_openout,threshold
378,378,1.0,0.0,0,0.6,1.0,dino+siglip2+openclip,0.590625,learned_selective_risk+semantic_harq_refine_no_fallback,0.0,1.0,opensemcom,0.25,0,0.590625,mild,openout<=0.01,0.0767150357083249
378,378,1.0,0.0,0,0.6,1.0,dino+siglip2+openclip,0.590625,learned_selective_risk+semantic_harq_refine_no_fallback,0.0,1.0,opensemcom,0.25,0,0.590625,mild,openout<=0.02,0.0767150357083249
387,384,0.9922480620155039,0.007751937984496124,3,0.6,1.0,dino+siglip2+openclip,0.6046875,learned_selective_risk+semantic_harq_refine_no_fallback,0.0,1.0,opensemcom,0.25,0,0.6,mild,openout<=0.05,0.867168423951975
392,384,0.9795918367346939,0.02040816326530612,8,0.6,1.0,dino+siglip2+openclip,0.6125,learned_selective_risk+semantic_harq_refine_no_fallback,0.0,1.0,opensemcom,0.25,0,0.6,mild,openout<=0.10,0.9822707578822192
358,358,1.0,0.0,0,0.6,0.9999186197916666,dino+siglip2+openclip,0.559375,learned_risk_head_only_no_fallback,0.0,1.0,opensemcom_risk_head,0.25,0,0.559375,mild,openout<=0.01,9.555963231832723e-05
380,379,0.9973684210526316,0.002631578947368421,1,0.6,0.9999186197916666,dino+siglip2+openclip,0.59375,learned_risk_head_only_no_fallback,0.0,1.0,opensemcom_risk_head,0.25,0,0.5921875,mild,openout<=0.02,0.0024960606824606657
390,384,0.9846153846153847,0.015384615384615385,6,0.6,0.9999186197916666,dino+siglip2+openclip,0.609375,learned_risk_head_only_no_fallback,0.0,1.0,opensemcom_risk_head,0.25,0,0.6,mild,openout<=0.05,0.7828163594007548
399,384,0.9624060150375939,0.03759398496240601,15,0.6,0.9999186197916666,dino+siglip2+openclip,0.6234375,learned_risk_head_only_no_fallback,0.0,1.0,opensemcom_risk_head,0.25,0,0.6,mild,openout<=0.10,0.9985950648784637
378,378,1.0,0.0,0,0.6,1.0,dino+siglip2+openclip,0.590625,mixed_open_calibration_no_fallback,0.0,1.0,opensemcom_calibrated,0.25,0,0.590625,mild,openout<=0.01,0.0767150357083249
378,378,1.0,0.0,0,0.6,1.0,dino+siglip2+openclip,0.590625,mixed_open_calibration_no_fallback,0.0,1.0,opensemcom_calibrated,0.25,0,0.590625,mild,openout<=0.02,0.0767150357083249
387,384,0.9922480620155039,0.007751937984496124,3,0.6,1.0,dino+siglip2+openclip,0.6046875,mixed_open_calibration_no_fallback,0.0,1.0,opensemcom_calibrated,0.25,0,0.6,mild,openout<=0.05,0.867168423951975
392,384,0.9795918367346939,0.02040816326530612,8,0.6,1.0,dino+siglip2+openclip,0.6125,mixed_open_calibration_no_fallback,0.0,1.0,opensemcom_calibrated,0.25,0,0.6,mild,openout<=0.10,0.9822707578822192
378,378,1.0,0.0,0,0.6,1.0,dino+siglip2+openclip,0.590625,semantic_harq_refine_no_fallback,0.0,1.0,opensemcom_harq_refine,0.25,0,0.590625,mild,openout<=0.01,0.058125538263589745
378,378,1.0,0.0,0,0.6,1.0,dino+siglip2+openclip,0.590625,semantic_harq_refine_no_fallback,0.0,1.0,opensemcom_harq_refine,0.25,0,0.590625,mild,openout<=0.02,0.058125538263589745
389,384,0.987146529562982,0.012853470437017995,5,0.6,1.0,dino+siglip2+openclip,0.6078125,semantic_harq_refine_no_fallback,0.0,1.0,opensemcom_harq_refine,0.25,0,0.6,mild,openout<=0.05,0.755246107433177
396,384,0.9696969696969697,0.030303030303030304,12,0.6,1.0,dino+siglip2+openclip,0.61875,semantic_harq_refine_no_fallback,0.0,1.0,opensemcom_harq_refine,0.25,0,0.6,mild,openout<=0.10,0.9774679266123579
378,377,0.9973544973544973,0.0026455026455026454,1,0.596875,1.0,DINOv3,0.590625,one_vs_rest,0.0,0.9947916666666666,dino_one_vs_rest,0.25,0,0.5890625,mild,openout<=0.01,0.0416279653322619
378,377,0.9973544973544973,0.0026455026455026454,1,0.596875,1.0,DINOv3,0.590625,one_vs_rest,0.0,0.9947916666666666,dino_one_vs_rest,0.25,0,0.5890625,mild,openout<=0.02,0.0416279653322619
387,382,0.9870801033591732,0.012919896640826873,5,0.596875,1.0,DINOv3,0.6046875,one_vs_rest,0.0,0.9947916666666666,dino_one_vs_rest,0.25,0,0.596875,mild,openout<=0.05,0.8222713435906592
395,382,0.9670886075949368,0.03291139240506329,13,0.596875,1.0,DINOv3,0.6171875,one_vs_rest,0.0,0.9947916666666666,dino_one_vs_rest,0.25,0,0.596875,mild,openout<=0.10,0.9675301684992489
380,379,0.9973684210526316,0.002631578947368421,1,0.5984375,0.999786376953125,SigLIP2,0.59375,best_ood:one_vs_rest,0.0,0.9973958333333334,siglip2_best_ood,0.25,0,0.5921875,mild,openout<=0.01,0.032094269952104855
380,379,0.9973684210526316,0.002631578947368421,1,0.5984375,0.999786376953125,SigLIP2,0.59375,best_ood:one_vs_rest,0.0,0.9973958333333334,siglip2_best_ood,0.25,0,0.5921875,mild,openout<=0.02,0.032094269952104855
383,380,0.9921671018276762,0.007832898172323759,3,0.5984375,0.999786376953125,SigLIP2,0.5984375,best_ood:one_vs_rest,0.0,0.9973958333333334,siglip2_best_ood,0.25,0,0.59375,mild,openout<=0.05,0.8415266060450921
392,383,0.9770408163265306,0.02295918367346939,9,0.5984375,0.999786376953125,SigLIP2,0.6125,best_ood:one_vs_rest,0.0,0.9973958333333334,siglip2_best_ood,0.25,0,0.5984375,mild,openout<=0.10,0.9611104571534007
382,382,1.0,0.0,0,0.6,1.0,OpenCLIP-DFN5B,0.596875,best_ood:one_vs_rest,0.0,1.0,openclip_best_ood,0.25,0,0.596875,mild,openout<=0.01,0.0778258447163546
382,382,1.0,0.0,0,0.6,1.0,OpenCLIP-DFN5B,0.596875,best_ood:one_vs_rest,0.0,1.0,openclip_best_ood,0.25,0,0.596875,mild,openout<=0.02,0.0778258447163546
390,384,0.9846153846153847,0.015384615384615385,6,0.6,1.0,OpenCLIP-DFN5B,0.609375,best_ood:one_vs_rest,0.0,1.0,openclip_best_ood,0.25,0,0.6,mild,openout<=0.05,0.9104039069574311
394,384,0.9746192893401016,0.025380710659898477,10,0.6,1.0,OpenCLIP-DFN5B,0.615625,best_ood:one_vs_rest,0.0,1.0,openclip_best_ood,0.25,0,0.6,mild,openout<=0.10,0.9820284344192555
380,378,0.9947368421052631,0.005263157894736842,2,0.42857142857142855,0.9998524983723959,dino+siglip2+openclip,0.42410714285714285,learned_selective_risk+semantic_harq_refine_no_fallback,0.0,1.0,opensemcom,0.5,0,0.421875,medium,openout<=0.01,0.0767150357083249
380,378,0.9947368421052631,0.005263157894736842,2,0.42857142857142855,0.9998524983723959,dino+siglip2+openclip,0.42410714285714285,learned_selective_risk+semantic_harq_refine_no_fallback,0.0,1.0,opensemcom,0.5,0,0.421875,medium,openout<=0.02,0.0767150357083249
397,384,0.9672544080604534,0.0327455919395466,13,0.42857142857142855,0.9998524983723959,dino+siglip2+openclip,0.44308035714285715,learned_selective_risk+semantic_harq_refine_no_fallback,0.0,1.0,opensemcom,0.5,0,0.42857142857142855,medium,openout<=0.05,0.867168423951975
412,384,0.9320388349514563,0.06796116504854369,28,0.42857142857142855,0.9998524983723959,dino+siglip2+openclip,0.45982142857142855,learned_selective_risk+semantic_harq_refine_no_fallback,0.0,1.0,opensemcom,0.5,0,0.42857142857142855,medium,openout<=0.10,0.9822707578822192
358,358,1.0,0.0,0,0.42857142857142855,0.9996744791666666,dino+siglip2+openclip,0.39955357142857145,learned_risk_head_only_no_fallback,0.0,1.0,opensemcom_risk_head,0.5,0,0.39955357142857145,medium,openout<=0.01,9.555963231832723e-05
383,378,0.9869451697127938,0.013054830287206266,5,0.42857142857142855,0.9996744791666666,dino+siglip2+openclip,0.42745535714285715,learned_risk_head_only_no_fallback,0.0,1.0,opensemcom_risk_head,0.5,0,0.421875,medium,openout<=0.02,0.0024960606824606657
397,384,0.9672544080604534,0.0327455919395466,13,0.42857142857142855,0.9996744791666666,dino+siglip2+openclip,0.44308035714285715,learned_risk_head_only_no_fallback,0.0,1.0,opensemcom_risk_head,0.5,0,0.42857142857142855,medium,openout<=0.05,0.7828163594007548
415,384,0.9253012048192771,0.0746987951807229,31,0.42857142857142855,0.9996744791666666,dino+siglip2+openclip,0.46316964285714285,learned_risk_head_only_no_fallback,0.0,1.0,opensemcom_risk_head,0.5,0,0.42857142857142855,medium,openout<=0.10,0.9985950648784637
380,378,0.9947368421052631,0.005263157894736842,2,0.42857142857142855,0.9998524983723959,dino+siglip2+openclip,0.42410714285714285,mixed_open_calibration_no_fallback,0.0,1.0,opensemcom_calibrated,0.5,0,0.421875,medium,openout<=0.01,0.0767150357083249
380,378,0.9947368421052631,0.005263157894736842,2,0.42857142857142855,0.9998524983723959,dino+siglip2+openclip,0.42410714285714285,mixed_open_calibration_no_fallback,0.0,1.0,opensemcom_calibrated,0.5,0,0.421875,medium,openout<=0.02,0.0767150357083249
397,384,0.9672544080604534,0.0327455919395466,13,0.42857142857142855,0.9998524983723959,dino+siglip2+openclip,0.44308035714285715,mixed_open_calibration_no_fallback,0.0,1.0,opensemcom_calibrated,0.5,0,0.42857142857142855,medium,openout<=0.05,0.867168423951975
412,384,0.9320388349514563,0.06796116504854369,28,0.42857142857142855,0.9998524983723959,dino+siglip2+openclip,0.45982142857142855,mixed_open_calibration_no_fallback,0.0,1.0,opensemcom_calibrated,0.5,0,0.42857142857142855,medium,openout<=0.10,0.9822707578822192
380,378,0.9947368421052631,0.005263157894736842,2,0.42857142857142855,0.9998524983723959,dino+siglip2+openclip,0.42410714285714285,semantic_harq_refine_no_fallback,0.0,1.0,opensemcom_harq_refine,0.5,0,0.421875,medium,openout<=0.01,0.058125538263589745
380,378,0.9947368421052631,0.005263157894736842,2,0.42857142857142855,0.9998524983723959,dino+siglip2+openclip,0.42410714285714285,semantic_harq_refine_no_fallback,0.0,1.0,opensemcom_harq_refine,0.5,0,0.421875,medium,openout<=0.02,0.058125538263589745
397,384,0.9672544080604534,0.0327455919395466,13,0.42857142857142855,0.9998524983723959,dino+siglip2+openclip,0.44308035714285715,semantic_harq_refine_no_fallback,0.0,1.0,opensemcom_harq_refine,0.5,0,0.42857142857142855,medium,openout<=0.05,0.755246107433177
415,384,0.9253012048192771,0.0746987951807229,31,0.42857142857142855,0.9998524983723959,dino+siglip2+openclip,0.46316964285714285,semantic_harq_refine_no_fallback,0.0,1.0,opensemcom_harq_refine,0.5,0,0.42857142857142855,medium,openout<=0.10,0.9774679266123579
379,377,0.9947229551451188,0.005277044854881266,2,0.4263392857142857,0.9997812906901041,DINOv3,0.42299107142857145,one_vs_rest,0.0,0.9947916666666666,dino_one_vs_rest,0.5,0,0.42075892857142855,medium,openout<=0.01,0.0416279653322619
379,377,0.9947229551451188,0.005277044854881266,2,0.4263392857142857,0.9997812906901041,DINOv3,0.42299107142857145,one_vs_rest,0.0,0.9947916666666666,dino_one_vs_rest,0.5,0,0.42075892857142855,medium,openout<=0.02,0.0416279653322619
393,382,0.9720101781170484,0.027989821882951654,11,0.4263392857142857,0.9997812906901041,DINOv3,0.43861607142857145,one_vs_rest,0.0,0.9947916666666666,dino_one_vs_rest,0.5,0,0.4263392857142857,medium,openout<=0.05,0.8222713435906592
412,382,0.9271844660194175,0.07281553398058252,30,0.4263392857142857,0.9997812906901041,DINOv3,0.45982142857142855,one_vs_rest,0.0,0.9947916666666666,dino_one_vs_rest,0.5,0,0.4263392857142857,medium,openout<=0.10,0.9675301684992489
380,379,0.9973684210526316,0.002631578947368421,1,0.42745535714285715,0.999725341796875,SigLIP2,0.42410714285714285,best_ood:one_vs_rest,0.0,0.9973958333333334,siglip2_best_ood,0.5,0,0.42299107142857145,medium,openout<=0.01,0.032094269952104855
380,379,0.9973684210526316,0.002631578947368421,1,0.42745535714285715,0.999725341796875,SigLIP2,0.42410714285714285,best_ood:one_vs_rest,0.0,0.9973958333333334,siglip2_best_ood,0.5,0,0.42299107142857145,medium,openout<=0.02,0.032094269952104855
393,380,0.9669211195928753,0.03307888040712468,13,0.42745535714285715,0.999725341796875,SigLIP2,0.43861607142857145,best_ood:one_vs_rest,0.0,0.9973958333333334,siglip2_best_ood,0.5,0,0.42410714285714285,medium,openout<=0.05,0.8415266060450921
408,383,0.9387254901960784,0.061274509803921566,25,0.42745535714285715,0.999725341796875,SigLIP2,0.45535714285714285,best_ood:one_vs_rest,0.0,0.9973958333333334,siglip2_best_ood,0.5,0,0.42745535714285715,medium,openout<=0.10,0.9611104571534007
383,382,0.9973890339425587,0.0026109660574412533,1,0.42857142857142855,0.9998982747395834,OpenCLIP-DFN5B,0.42745535714285715,best_ood:one_vs_rest,0.0,1.0,openclip_best_ood,0.5,0,0.4263392857142857,medium,openout<=0.01,0.0778258447163546
383,382,0.9973890339425587,0.0026109660574412533,1,0.42857142857142855,0.9998982747395834,OpenCLIP-DFN5B,0.42745535714285715,best_ood:one_vs_rest,0.0,1.0,openclip_best_ood,0.5,0,0.4263392857142857,medium,openout<=0.02,0.0778258447163546
400,384,0.96,0.04,16,0.42857142857142855,0.9998982747395834,OpenCLIP-DFN5B,0.44642857142857145,best_ood:one_vs_rest,0.0,1.0,openclip_best_ood,0.5,0,0.42857142857142855,medium,openout<=0.05,0.9104039069574311
416,384,0.9230769230769231,0.07692307692307693,32,0.42857142857142855,0.9998982747395834,OpenCLIP-DFN5B,0.4642857142857143,best_ood:one_vs_rest,0.0,1.0,openclip_best_ood,0.5,0,0.42857142857142855,medium,openout<=0.10,0.9820284344192555
257,252,0.980544747081712,0.019455252918287938,5,0.25,0.9985758463541666,dino+siglip2+openclip,0.2509765625,learned_selective_risk+semantic_harq_refine_no_fallback,0.0,1.0,opensemcom,0.75,0,0.24609375,hard,openout<=0.01,0.0767150357083249
257,252,0.980544747081712,0.019455252918287938,5,0.25,0.9985758463541666,dino+siglip2+openclip,0.2509765625,learned_selective_risk+semantic_harq_refine_no_fallback,0.0,1.0,opensemcom,0.75,0,0.24609375,hard,openout<=0.02,0.0767150357083249
276,256,0.927536231884058,0.07246376811594203,20,0.25,0.9985758463541666,dino+siglip2+openclip,0.26953125,learned_selective_risk+semantic_harq_refine_no_fallback,0.0,1.0,opensemcom,0.75,0,0.25,hard,openout<=0.05,0.867168423951975
300,256,0.8533333333333334,0.14666666666666667,44,0.25,0.9985758463541666,dino+siglip2+openclip,0.29296875,learned_selective_risk+semantic_harq_refine_no_fallback,0.0,1.0,opensemcom,0.75,0,0.25,hard,openout<=0.10,0.9822707578822192
241,238,0.9875518672199171,0.012448132780082987,3,0.25,0.9977569580078125,dino+siglip2+openclip,0.2353515625,learned_risk_head_only_no_fallback,0.0,1.0,opensemcom_risk_head,0.75,0,0.232421875,hard,openout<=0.01,9.555963231832723e-05
262,252,0.9618320610687023,0.03816793893129771,10,0.25,0.9977569580078125,dino+siglip2+openclip,0.255859375,learned_risk_head_only_no_fallback,0.0,1.0,opensemcom_risk_head,0.75,0,0.24609375,hard,openout<=0.02,0.0024960606824606657
279,256,0.9175627240143369,0.08243727598566308,23,0.25,0.9977569580078125,dino+siglip2+openclip,0.2724609375,learned_risk_head_only_no_fallback,0.0,1.0,opensemcom_risk_head,0.75,0,0.25,hard,openout<=0.05,0.7828163594007548
302,256,0.847682119205298,0.152317880794702,46,0.25,0.9977569580078125,dino+siglip2+openclip,0.294921875,learned_risk_head_only_no_fallback,0.0,1.0,opensemcom_risk_head,0.75,0,0.25,hard,openout<=0.10,0.9985950648784637
257,252,0.980544747081712,0.019455252918287938,5,0.25,0.9985758463541666,dino+siglip2+openclip,0.2509765625,mixed_open_calibration_no_fallback,0.0,1.0,opensemcom_calibrated,0.75,0,0.24609375,hard,openout<=0.01,0.0767150357083249
257,252,0.980544747081712,0.019455252918287938,5,0.25,0.9985758463541666,dino+siglip2+openclip,0.2509765625,mixed_open_calibration_no_fallback,0.0,1.0,opensemcom_calibrated,0.75,0,0.24609375,hard,openout<=0.02,0.0767150357083249
276,256,0.927536231884058,0.07246376811594203,20,0.25,0.9985758463541666,dino+siglip2+openclip,0.26953125,mixed_open_calibration_no_fallback,0.0,1.0,opensemcom_calibrated,0.75,0,0.25,hard,openout<=0.05,0.867168423951975
300,256,0.8533333333333334,0.14666666666666667,44,0.25,0.9985758463541666,dino+siglip2+openclip,0.29296875,mixed_open_calibration_no_fallback,0.0,1.0,opensemcom_calibrated,0.75,0,0.25,hard,openout<=0.10,0.9822707578822192
257,252,0.980544747081712,0.019455252918287938,5,0.25,0.9985911051432291,dino+siglip2+openclip,0.2509765625,semantic_harq_refine_no_fallback,0.0,1.0,opensemcom_harq_refine,0.75,0,0.24609375,hard,openout<=0.01,0.058125538263589745
257,252,0.980544747081712,0.019455252918287938,5,0.25,0.9985911051432291,dino+siglip2+openclip,0.2509765625,semantic_harq_refine_no_fallback,0.0,1.0,opensemcom_harq_refine,0.75,0,0.24609375,hard,openout<=0.02,0.058125538263589745
278,256,0.920863309352518,0.07913669064748201,22,0.25,0.9985911051432291,dino+siglip2+openclip,0.271484375,semantic_harq_refine_no_fallback,0.0,1.0,opensemcom_harq_refine,0.75,0,0.25,hard,openout<=0.05,0.755246107433177
301,256,0.8504983388704319,0.14950166112956811,45,0.25,0.9985911051432291,dino+siglip2+openclip,0.2939453125,semantic_harq_refine_no_fallback,0.0,1.0,opensemcom_harq_refine,0.75,0,0.25,hard,openout<=0.10,0.9774679266123579
252,251,0.996031746031746,0.003968253968253968,1,0.2490234375,0.9998677571614584,DINOv3,0.24609375,one_vs_rest,0.0,0.99609375,dino_one_vs_rest,0.75,0,0.2451171875,hard,openout<=0.01,0.0416279653322619
252,251,0.996031746031746,0.003968253968253968,1,0.2490234375,0.9998677571614584,DINOv3,0.24609375,one_vs_rest,0.0,0.99609375,dino_one_vs_rest,0.75,0,0.2451171875,hard,openout<=0.02,0.0416279653322619
266,255,0.9586466165413534,0.041353383458646614,11,0.2490234375,0.9998677571614584,DINOv3,0.259765625,one_vs_rest,0.0,0.99609375,dino_one_vs_rest,0.75,0,0.2490234375,hard,openout<=0.05,0.8222713435906592
296,255,0.8614864864864865,0.13851351351351351,41,0.2490234375,0.9998677571614584,DINOv3,0.2890625,one_vs_rest,0.0,0.99609375,dino_one_vs_rest,0.75,0,0.2490234375,hard,openout<=0.10,0.9675301684992489
257,254,0.9883268482490273,0.011673151750972763,3,0.2490234375,0.9996795654296875,SigLIP2,0.2509765625,best_ood:one_vs_rest,0.0,0.99609375,siglip2_best_ood,0.75,0,0.248046875,hard,openout<=0.01,0.032094269952104855
257,254,0.9883268482490273,0.011673151750972763,3,0.2490234375,0.9996795654296875,SigLIP2,0.2509765625,best_ood:one_vs_rest,0.0,0.99609375,siglip2_best_ood,0.75,0,0.248046875,hard,openout<=0.02,0.032094269952104855
272,254,0.9338235294117647,0.0661764705882353,18,0.2490234375,0.9996795654296875,SigLIP2,0.265625,best_ood:one_vs_rest,0.0,0.99609375,siglip2_best_ood,0.75,0,0.248046875,hard,openout<=0.05,0.8415266060450921
295,255,0.864406779661017,0.13559322033898305,40,0.2490234375,0.9996795654296875,SigLIP2,0.2880859375,best_ood:one_vs_rest,0.0,0.99609375,siglip2_best_ood,0.75,0,0.2490234375,hard,openout<=0.10,0.9611104571534007
257,255,0.9922178988326849,0.007782101167315175,2,0.25,0.9996897379557291,OpenCLIP-DFN5B,0.2509765625,best_ood:one_vs_rest,0.0,1.0,openclip_best_ood,0.75,0,0.2490234375,hard,openout<=0.01,0.0778258447163546
257,255,0.9922178988326849,0.007782101167315175,2,0.25,0.9996897379557291,OpenCLIP-DFN5B,0.2509765625,best_ood:one_vs_rest,0.0,1.0,openclip_best_ood,0.75,0,0.2490234375,hard,openout<=0.02,0.0778258447163546
278,256,0.920863309352518,0.07913669064748201,22,0.25,0.9996897379557291,OpenCLIP-DFN5B,0.271484375,best_ood:one_vs_rest,0.0,1.0,openclip_best_ood,0.75,0,0.25,hard,openout<=0.05,0.9104039069574311
302,256,0.847682119205298,0.152317880794702,46,0.25,0.9996897379557291,OpenCLIP-DFN5B,0.294921875,best_ood:one_vs_rest,0.0,1.0,openclip_best_ood,0.75,0,0.25,hard,openout<=0.10,0.9820284344192555
90,89,0.9888888888888889,0.011111111111111112,1,0.08984375,0.9999066990110095,dino+siglip2+openclip,0.087890625,learned_selective_risk+semantic_harq_refine_no_fallback,0.0,1.0,opensemcom,0.91,0,0.0869140625,extreme,openout<=0.01,0.0767150357083249
90,89,0.9888888888888889,0.011111111111111112,1,0.08984375,0.9999066990110095,dino+siglip2+openclip,0.087890625,learned_selective_risk+semantic_harq_refine_no_fallback,0.0,1.0,opensemcom,0.91,0,0.0869140625,extreme,openout<=0.02,0.0767150357083249
107,92,0.8598130841121495,0.14018691588785046,15,0.08984375,0.9999066990110095,dino+siglip2+openclip,0.1044921875,learned_selective_risk+semantic_harq_refine_no_fallback,0.0,1.0,opensemcom,0.91,0,0.08984375,extreme,openout<=0.05,0.867168423951975
135,92,0.6814814814814815,0.31851851851851853,43,0.08984375,0.9999066990110095,dino+siglip2+openclip,0.1318359375,learned_selective_risk+semantic_harq_refine_no_fallback,0.0,1.0,opensemcom,0.91,0,0.08984375,extreme,openout<=0.10,0.9822707578822192
87,87,1.0,0.0,0,0.08984375,0.9997434222802761,dino+siglip2+openclip,0.0849609375,learned_risk_head_only_no_fallback,0.0,1.0,opensemcom_risk_head,0.91,0,0.0849609375,extreme,openout<=0.01,9.555963231832723e-05
92,88,0.9565217391304348,0.043478260869565216,4,0.08984375,0.9997434222802761,dino+siglip2+openclip,0.08984375,learned_risk_head_only_no_fallback,0.0,1.0,opensemcom_risk_head,0.91,0,0.0859375,extreme,openout<=0.02,0.0024960606824606657
116,92,0.7931034482758621,0.20689655172413793,24,0.08984375,0.9997434222802761,dino+siglip2+openclip,0.11328125,learned_risk_head_only_no_fallback,0.0,1.0,opensemcom_risk_head,0.91,0,0.08984375,extreme,openout<=0.05,0.7828163594007548
153,92,0.6013071895424836,0.39869281045751637,61,0.08984375,0.9997434222802761,dino+siglip2+openclip,0.1494140625,learned_risk_head_only_no_fallback,0.0,1.0,opensemcom_risk_head,0.91,0,0.08984375,extreme,openout<=0.10,0.9985950648784637
90,89,0.9888888888888889,0.011111111111111112,1,0.08984375,0.9999066990110095,dino+siglip2+openclip,0.087890625,mixed_open_calibration_no_fallback,0.0,1.0,opensemcom_calibrated,0.91,0,0.0869140625,extreme,openout<=0.01,0.0767150357083249
90,89,0.9888888888888889,0.011111111111111112,1,0.08984375,0.9999066990110095,dino+siglip2+openclip,0.087890625,mixed_open_calibration_no_fallback,0.0,1.0,opensemcom_calibrated,0.91,0,0.0869140625,extreme,openout<=0.02,0.0767150357083249
107,92,0.8598130841121495,0.14018691588785046,15,0.08984375,0.9999066990110095,dino+siglip2+openclip,0.1044921875,mixed_open_calibration_no_fallback,0.0,1.0,opensemcom_calibrated,0.91,0,0.08984375,extreme,openout<=0.05,0.867168423951975
135,92,0.6814814814814815,0.31851851851851853,43,0.08984375,0.9999066990110095,dino+siglip2+openclip,0.1318359375,mixed_open_calibration_no_fallback,0.0,1.0,opensemcom_calibrated,0.91,0,0.08984375,extreme,openout<=0.10,0.9822707578822192
90,89,0.9888888888888889,0.011111111111111112,1,0.08984375,0.9999300242582572,dino+siglip2+openclip,0.087890625,semantic_harq_refine_no_fallback,0.0,1.0,opensemcom_harq_refine,0.91,0,0.0869140625,extreme,openout<=0.01,0.058125538263589745
90,89,0.9888888888888889,0.011111111111111112,1,0.08984375,0.9999300242582572,dino+siglip2+openclip,0.087890625,semantic_harq_refine_no_fallback,0.0,1.0,opensemcom_harq_refine,0.91,0,0.0869140625,extreme,openout<=0.02,0.058125538263589745
112,92,0.8214285714285714,0.17857142857142858,20,0.08984375,0.9999300242582572,dino+siglip2+openclip,0.109375,semantic_harq_refine_no_fallback,0.0,1.0,opensemcom_harq_refine,0.91,0,0.08984375,extreme,openout<=0.05,0.755246107433177
139,92,0.6618705035971223,0.3381294964028777,47,0.08984375,0.9999300242582572,dino+siglip2+openclip,0.1357421875,semantic_harq_refine_no_fallback,0.0,1.0,opensemcom_harq_refine,0.91,0,0.08984375,extreme,openout<=0.10,0.9774679266123579
92,90,0.9782608695652174,0.021739130434782608,2,0.0888671875,0.9999650121291286,DINOv3,0.08984375,one_vs_rest,0.0,0.9891304347826086,dino_one_vs_rest,0.91,0,0.087890625,extreme,openout<=0.01,0.0416279653322619
92,90,0.9782608695652174,0.021739130434782608,2,0.0888671875,0.9999650121291286,DINOv3,0.08984375,one_vs_rest,0.0,0.9891304347826086,dino_one_vs_rest,0.91,0,0.087890625,extreme,openout<=0.02,0.0416279653322619
110,91,0.8272727272727273,0.17272727272727273,19,0.0888671875,0.9999650121291286,DINOv3,0.107421875,one_vs_rest,0.0,0.9891304347826086,dino_one_vs_rest,0.91,0,0.0888671875,extreme,openout<=0.05,0.8222713435906592
155,91,0.5870967741935483,0.4129032258064516,64,0.0888671875,0.9999650121291286,DINOv3,0.1513671875,one_vs_rest,0.0,0.9891304347826086,dino_one_vs_rest,0.91,0,0.0888671875,extreme,openout<=0.10,0.9675301684992489
92,91,0.9891304347826086,0.010869565217391304,1,0.08984375,0.9995451576786714,SigLIP2,0.08984375,best_ood:one_vs_rest,0.0,1.0,siglip2_best_ood,0.91,0,0.0888671875,extreme,openout<=0.01,0.032094269952104855
92,91,0.9891304347826086,0.010869565217391304,1,0.08984375,0.9995451576786714,SigLIP2,0.08984375,best_ood:one_vs_rest,0.0,1.0,siglip2_best_ood,0.91,0,0.0888671875,extreme,openout<=0.02,0.032094269952104855
112,91,0.8125,0.1875,21,0.08984375,0.9995451576786714,SigLIP2,0.109375,best_ood:one_vs_rest,0.0,1.0,siglip2_best_ood,0.91,0,0.0888671875,extreme,openout<=0.05,0.8415266060450921
143,92,0.6433566433566433,0.35664335664335667,51,0.08984375,0.9995451576786714,SigLIP2,0.1396484375,best_ood:one_vs_rest,0.0,1.0,siglip2_best_ood,0.91,0,0.08984375,extreme,openout<=0.10,0.9611104571534007
92,90,0.9782608695652174,0.021739130434782608,2,0.08984375,0.9998950363873857,OpenCLIP-DFN5B,0.08984375,best_ood:one_vs_rest,0.0,1.0,openclip_best_ood,0.91,0,0.087890625,extreme,openout<=0.01,0.0778258447163546
92,90,0.9782608695652174,0.021739130434782608,2,0.08984375,0.9998950363873857,OpenCLIP-DFN5B,0.08984375,best_ood:one_vs_rest,0.0,1.0,openclip_best_ood,0.91,0,0.087890625,extreme,openout<=0.02,0.0778258447163546
116,92,0.7931034482758621,0.20689655172413793,24,0.08984375,0.9998950363873857,OpenCLIP-DFN5B,0.11328125,best_ood:one_vs_rest,0.0,1.0,openclip_best_ood,0.91,0,0.08984375,extreme,openout<=0.05,0.9104039069574311
138,92,0.6666666666666666,0.3333333333333333,46,0.08984375,0.9998950363873857,OpenCLIP-DFN5B,0.134765625,best_ood:one_vs_rest,0.0,1.0,openclip_best_ood,0.91,0,0.08984375,extreme,openout<=0.10,0.9820284344192555
376,375,0.9973404255319149,0.0026595744680851063,1,0.5984375,0.99957275390625,dino+siglip2+openclip,0.5875,learned_selective_risk+semantic_harq_refine_no_fallback,0.0,0.9973958333333334,opensemcom,0.25,1,0.5859375,mild,openout<=0.01,0.02720900423458312
376,375,0.9973404255319149,0.0026595744680851063,1,0.5984375,0.99957275390625,dino+siglip2+openclip,0.5875,learned_selective_risk+semantic_harq_refine_no_fallback,0.0,0.9973958333333334,opensemcom,0.25,1,0.5859375,mild,openout<=0.02,0.02720900423458312
382,379,0.9921465968586387,0.007853403141361256,3,0.5984375,0.99957275390625,dino+siglip2+openclip,0.596875,learned_selective_risk+semantic_harq_refine_no_fallback,0.0,0.9973958333333334,opensemcom,0.25,1,0.5921875,mild,openout<=0.05,0.3949456852746866
402,383,0.9527363184079602,0.0472636815920398,19,0.5984375,0.99957275390625,dino+siglip2+openclip,0.628125,learned_selective_risk+semantic_harq_refine_no_fallback,0.0,0.9973958333333334,opensemcom,0.25,1,0.5984375,mild,openout<=0.10,0.9818174483268759
340,340,1.0,0.0,0,0.5984375,0.9990234375,dino+siglip2+openclip,0.53125,learned_risk_head_only_no_fallback,0.010416666666666666,0.9973958333333334,opensemcom_risk_head,0.25,1,0.53125,mild,openout<=0.01,5.3910356655251255e-05
368,367,0.9972826086956522,0.002717391304347826,1,0.5984375,0.9990234375,dino+siglip2+openclip,0.575,learned_risk_head_only_no_fallback,0.010416666666666666,0.9973958333333334,opensemcom_risk_head,0.25,1,0.5734375,mild,openout<=0.02,0.00022185858470038573
383,380,0.9921671018276762,0.007832898172323759,3,0.5984375,0.9990234375,dino+siglip2+openclip,0.5984375,learned_risk_head_only_no_fallback,0.010416666666666666,0.9973958333333334,opensemcom_risk_head,0.25,1,0.59375,mild,openout<=0.05,0.025039939470589828
405,383,0.945679012345679,0.05432098765432099,22,0.5984375,0.9990234375,dino+siglip2+openclip,0.6328125,learned_risk_head_only_no_fallback,0.010416666666666666,0.9973958333333334,opensemcom_risk_head,0.25,1,0.5984375,mild,openout<=0.10,0.9989029568433762
376,375,0.9973404255319149,0.0026595744680851063,1,0.5984375,0.99957275390625,dino+siglip2+openclip,0.5875,mixed_open_calibration_no_fallback,0.0,0.9973958333333334,opensemcom_calibrated,0.25,1,0.5859375,mild,openout<=0.01,0.02720900423458312
376,375,0.9973404255319149,0.0026595744680851063,1,0.5984375,0.99957275390625,dino+siglip2+openclip,0.5875,mixed_open_calibration_no_fallback,0.0,0.9973958333333334,opensemcom_calibrated,0.25,1,0.5859375,mild,openout<=0.02,0.02720900423458312
382,379,0.9921465968586387,0.007853403141361256,3,0.5984375,0.99957275390625,dino+siglip2+openclip,0.596875,mixed_open_calibration_no_fallback,0.0,0.9973958333333334,opensemcom_calibrated,0.25,1,0.5921875,mild,openout<=0.05,0.3949456852746866
402,383,0.9527363184079602,0.0472636815920398,19,0.5984375,0.99957275390625,dino+siglip2+openclip,0.628125,mixed_open_calibration_no_fallback,0.0,0.9973958333333334,opensemcom_calibrated,0.25,1,0.5984375,mild,openout<=0.10,0.9818174483268759
376,375,0.9973404255319149,0.0026595744680851063,1,0.5984375,0.9994303385416666,dino+siglip2+openclip,0.5875,semantic_harq_refine_no_fallback,0.0,0.9973958333333334,opensemcom_harq_refine,0.25,1,0.5859375,mild,openout<=0.01,0.02333544763912694
376,375,0.9973404255319149,0.0026595744680851063,1,0.5984375,0.9994303385416666,dino+siglip2+openclip,0.5875,semantic_harq_refine_no_fallback,0.0,0.9973958333333334,opensemcom_harq_refine,0.25,1,0.5859375,mild,openout<=0.02,0.02333544763912694
382,379,0.9921465968586387,0.007853403141361256,3,0.5984375,0.9994303385416666,dino+siglip2+openclip,0.596875,semantic_harq_refine_no_fallback,0.0,0.9973958333333334,opensemcom_harq_refine,0.25,1,0.5921875,mild,openout<=0.05,0.3005962244160485
404,383,0.948019801980198,0.05198019801980198,21,0.5984375,0.9994303385416666,dino+siglip2+openclip,0.63125,semantic_harq_refine_no_fallback,0.0,0.9973958333333334,opensemcom_harq_refine,0.25,1,0.5984375,mild,openout<=0.10,0.9816668976612195
378,377,0.9973544973544973,0.0026455026455026454,1,0.5984375,1.0,DINOv3,0.590625,one_vs_rest,0.0,0.9973958333333334,dino_one_vs_rest,0.25,1,0.5890625,mild,openout<=0.01,0.058578606732938285
378,377,0.9973544973544973,0.0026455026455026454,1,0.5984375,1.0,DINOv3,0.590625,one_vs_rest,0.0,0.9973958333333334,dino_one_vs_rest,0.25,1,0.5890625,mild,openout<=0.02,0.058578606732938285
388,383,0.9871134020618557,0.01288659793814433,5,0.5984375,1.0,DINOv3,0.60625,one_vs_rest,0.0,0.9973958333333334,dino_one_vs_rest,0.25,1,0.5984375,mild,openout<=0.05,0.8296026335558547
394,383,0.9720812182741116,0.027918781725888325,11,0.5984375,1.0,DINOv3,0.615625,one_vs_rest,0.0,0.9973958333333334,dino_one_vs_rest,0.25,1,0.5984375,mild,openout<=0.10,0.9519634980428016
379,377,0.9947229551451188,0.005277044854881266,2,0.596875,0.999969482421875,SigLIP2,0.5921875,best_ood:one_vs_rest,0.0,0.9947916666666666,siglip2_best_ood,0.25,1,0.5890625,mild,openout<=0.01,0.025411924919196933
379,377,0.9947229551451188,0.005277044854881266,2,0.596875,0.999969482421875,SigLIP2,0.5921875,best_ood:one_vs_rest,0.0,0.9947916666666666,siglip2_best_ood,0.25,1,0.5890625,mild,openout<=0.02,0.025411924919196933
389,382,0.9820051413881749,0.017994858611825194,7,0.596875,0.999969482421875,SigLIP2,0.6078125,best_ood:one_vs_rest,0.0,0.9947916666666666,siglip2_best_ood,0.25,1,0.596875,mild,openout<=0.05,0.8553302735834138
401,382,0.9526184538653366,0.04738154613466334,19,0.596875,0.999969482421875,SigLIP2,0.6265625,best_ood:one_vs_rest,0.0,0.9947916666666666,siglip2_best_ood,0.25,1,0.596875,mild,openout<=0.10,0.959479205734854
375,374,0.9973333333333333,0.0026666666666666666,1,0.6,0.9986165364583334,OpenCLIP-DFN5B,0.5859375,best_ood:one_vs_rest,0.0,1.0,openclip_best_ood,0.25,1,0.584375,mild,openout<=0.01,0.015608655512952782
375,374,0.9973333333333333,0.0026666666666666666,1,0.6,0.9986165364583334,OpenCLIP-DFN5B,0.5859375,best_ood:one_vs_rest,0.0,1.0,openclip_best_ood,0.25,1,0.584375,mild,openout<=0.02,0.015608655512952782
391,384,0.9820971867007673,0.017902813299232736,7,0.6,0.9986165364583334,OpenCLIP-DFN5B,0.6109375,best_ood:one_vs_rest,0.0,1.0,openclip_best_ood,0.25,1,0.6,mild,openout<=0.05,0.9365733457238732
401,384,0.9576059850374065,0.04239401496259352,17,0.6,0.9986165364583334,OpenCLIP-DFN5B,0.6265625,best_ood:one_vs_rest,0.0,1.0,openclip_best_ood,0.25,1,0.6,mild,openout<=0.10,0.9870784685042638
375,375,1.0,0.0,0,0.42745535714285715,0.9996897379557291,dino+siglip2+openclip,0.4185267857142857,learned_selective_risk+semantic_harq_refine_no_fallback,0.0,0.9973958333333334,opensemcom,0.5,1,0.4185267857142857,medium,openout<=0.01,0.02720900423458312
375,375,1.0,0.0,0,0.42745535714285715,0.9996897379557291,dino+siglip2+openclip,0.4185267857142857,learned_selective_risk+semantic_harq_refine_no_fallback,0.0,0.9973958333333334,opensemcom,0.5,1,0.4185267857142857,medium,openout<=0.02,0.02720900423458312
381,379,0.994750656167979,0.005249343832020997,2,0.42745535714285715,0.9996897379557291,dino+siglip2+openclip,0.4252232142857143,learned_selective_risk+semantic_harq_refine_no_fallback,0.0,0.9973958333333334,opensemcom,0.5,1,0.42299107142857145,medium,openout<=0.05,0.3949456852746866
413,383,0.927360774818402,0.07263922518159806,30,0.42745535714285715,0.9996897379557291,dino+siglip2+openclip,0.4609375,learned_selective_risk+semantic_harq_refine_no_fallback,0.0,0.9973958333333334,opensemcom,0.5,1,0.42745535714285715,medium,openout<=0.10,0.9818174483268759
340,340,1.0,0.0,0,0.42745535714285715,0.9994150797526041,dino+siglip2+openclip,0.3794642857142857,learned_risk_head_only_no_fallback,0.0,0.9973958333333334,opensemcom_risk_head,0.5,1,0.3794642857142857,medium,openout<=0.01,5.3910356655251255e-05
368,367,0.9972826086956522,0.002717391304347826,1,0.42745535714285715,0.9994150797526041,dino+siglip2+openclip,0.4107142857142857,learned_risk_head_only_no_fallback,0.0,0.9973958333333334,opensemcom_risk_head,0.5,1,0.4095982142857143,medium,openout<=0.02,0.00022185858470038573
386,380,0.9844559585492227,0.015544041450777202,6,0.42745535714285715,0.9994150797526041,dino+siglip2+openclip,0.43080357142857145,learned_risk_head_only_no_fallback,0.0,0.9973958333333334,opensemcom_risk_head,0.5,1,0.42410714285714285,medium,openout<=0.05,0.025039939470589828
416,383,0.9206730769230769,0.07932692307692307,33,0.42745535714285715,0.9994150797526041,dino+siglip2+openclip,0.4642857142857143,learned_risk_head_only_no_fallback,0.0,0.9973958333333334,opensemcom_risk_head,0.5,1,0.42745535714285715,medium,openout<=0.10,0.9989029568433762
375,375,1.0,0.0,0,0.42745535714285715,0.9996897379557291,dino+siglip2+openclip,0.4185267857142857,mixed_open_calibration_no_fallback,0.0,0.9973958333333334,opensemcom_calibrated,0.5,1,0.4185267857142857,medium,openout<=0.01,0.02720900423458312
375,375,1.0,0.0,0,0.42745535714285715,0.9996897379557291,dino+siglip2+openclip,0.4185267857142857,mixed_open_calibration_no_fallback,0.0,0.9973958333333334,opensemcom_calibrated,0.5,1,0.4185267857142857,medium,openout<=0.02,0.02720900423458312
381,379,0.994750656167979,0.005249343832020997,2,0.42745535714285715,0.9996897379557291,dino+siglip2+openclip,0.4252232142857143,mixed_open_calibration_no_fallback,0.0,0.9973958333333334,opensemcom_calibrated,0.5,1,0.42299107142857145,medium,openout<=0.05,0.3949456852746866
413,383,0.927360774818402,0.07263922518159806,30,0.42745535714285715,0.9996897379557291,dino+siglip2+openclip,0.4609375,mixed_open_calibration_no_fallback,0.0,0.9973958333333334,opensemcom_calibrated,0.5,1,0.42745535714285715,medium,openout<=0.10,0.9818174483268759
375,375,1.0,0.0,0,0.42745535714285715,0.9996083577473959,dino+siglip2+openclip,0.4185267857142857,semantic_harq_refine_no_fallback,0.0,0.9973958333333334,opensemcom_harq_refine,0.5,1,0.4185267857142857,medium,openout<=0.01,0.02333544763912694
375,375,1.0,0.0,0,0.42745535714285715,0.9996083577473959,dino+siglip2+openclip,0.4185267857142857,semantic_harq_refine_no_fallback,0.0,0.9973958333333334,opensemcom_harq_refine,0.5,1,0.4185267857142857,medium,openout<=0.02,0.02333544763912694
381,379,0.994750656167979,0.005249343832020997,2,0.42745535714285715,0.9996083577473959,dino+siglip2+openclip,0.4252232142857143,semantic_harq_refine_no_fallback,0.0,0.9973958333333334,opensemcom_harq_refine,0.5,1,0.42299107142857145,medium,openout<=0.05,0.3005962244160485
413,383,0.927360774818402,0.07263922518159806,30,0.42745535714285715,0.9996083577473959,dino+siglip2+openclip,0.4609375,semantic_harq_refine_no_fallback,0.0,0.9973958333333334,opensemcom_harq_refine,0.5,1,0.42745535714285715,medium,openout<=0.10,0.9816668976612195
378,377,0.9973544973544973,0.0026455026455026454,1,0.42745535714285715,1.0,DINOv3,0.421875,one_vs_rest,0.0,0.9973958333333334,dino_one_vs_rest,0.5,1,0.42075892857142855,medium,openout<=0.01,0.058578606732938285
378,377,0.9973544973544973,0.0026455026455026454,1,0.42745535714285715,1.0,DINOv3,0.421875,one_vs_rest,0.0,0.9973958333333334,dino_one_vs_rest,0.5,1,0.42075892857142855,medium,openout<=0.02,0.058578606732938285
395,383,0.9696202531645569,0.030379746835443037,12,0.42745535714285715,1.0,DINOv3,0.4408482142857143,one_vs_rest,0.0,0.9973958333333334,dino_one_vs_rest,0.5,1,0.42745535714285715,medium,openout<=0.05,0.8296026335558547
404,383,0.948019801980198,0.05198019801980198,21,0.42745535714285715,1.0,DINOv3,0.45089285714285715,one_vs_rest,0.0,0.9973958333333334,dino_one_vs_rest,0.5,1,0.42745535714285715,medium,openout<=0.10,0.9519634980428016
380,377,0.9921052631578947,0.007894736842105263,3,0.4263392857142857,0.9998575846354166,SigLIP2,0.42410714285714285,best_ood:one_vs_rest,0.0,0.9947916666666666,siglip2_best_ood,0.5,1,0.42075892857142855,medium,openout<=0.01,0.025411924919196933
380,377,0.9921052631578947,0.007894736842105263,3,0.4263392857142857,0.9998575846354166,SigLIP2,0.42410714285714285,best_ood:one_vs_rest,0.0,0.9947916666666666,siglip2_best_ood,0.5,1,0.42075892857142855,medium,openout<=0.02,0.025411924919196933
393,382,0.9720101781170484,0.027989821882951654,11,0.4263392857142857,0.9998575846354166,SigLIP2,0.43861607142857145,best_ood:one_vs_rest,0.0,0.9947916666666666,siglip2_best_ood,0.5,1,0.4263392857142857,medium,openout<=0.05,0.8553302735834138
406,382,0.9408866995073891,0.059113300492610835,24,0.4263392857142857,0.9998575846354166,SigLIP2,0.453125,best_ood:one_vs_rest,0.0,0.9947916666666666,siglip2_best_ood,0.5,1,0.4263392857142857,medium,openout<=0.10,0.959479205734854
374,374,1.0,0.0,0,0.42857142857142855,0.9998982747395834,OpenCLIP-DFN5B,0.4174107142857143,best_ood:one_vs_rest,0.0,1.0,openclip_best_ood,0.5,1,0.4174107142857143,medium,openout<=0.01,0.015608655512952782
374,374,1.0,0.0,0,0.42857142857142855,0.9998982747395834,OpenCLIP-DFN5B,0.4174107142857143,best_ood:one_vs_rest,0.0,1.0,openclip_best_ood,0.5,1,0.4174107142857143,medium,openout<=0.02,0.015608655512952782
394,384,0.9746192893401016,0.025380710659898477,10,0.42857142857142855,0.9998982747395834,OpenCLIP-DFN5B,0.43973214285714285,best_ood:one_vs_rest,0.0,1.0,openclip_best_ood,0.5,1,0.42857142857142855,medium,openout<=0.05,0.9365733457238732
413,384,0.9297820823244553,0.07021791767554479,29,0.42857142857142855,0.9998982747395834,OpenCLIP-DFN5B,0.4609375,best_ood:one_vs_rest,0.0,1.0,openclip_best_ood,0.5,1,0.42857142857142855,medium,openout<=0.10,0.9870784685042638
250,249,0.996,0.004,1,0.2490234375,0.9996693929036459,dino+siglip2+openclip,0.244140625,learned_selective_risk+semantic_harq_refine_no_fallback,0.0,0.99609375,opensemcom,0.75,1,0.2431640625,hard,openout<=0.01,0.02720900423458312
250,249,0.996,0.004,1,0.2490234375,0.9996693929036459,dino+siglip2+openclip,0.244140625,learned_selective_risk+semantic_harq_refine_no_fallback,0.0,0.99609375,opensemcom,0.75,1,0.2431640625,hard,openout<=0.02,0.02720900423458312
259,253,0.9768339768339769,0.023166023166023165,6,0.2490234375,0.9996693929036459,dino+siglip2+openclip,0.2529296875,learned_selective_risk+semantic_harq_refine_no_fallback,0.0,0.99609375,opensemcom,0.75,1,0.2470703125,hard,openout<=0.05,0.3949456852746866
295,255,0.864406779661017,0.13559322033898305,40,0.2490234375,0.9996693929036459,dino+siglip2+openclip,0.2880859375,learned_selective_risk+semantic_harq_refine_no_fallback,0.0,0.99609375,opensemcom,0.75,1,0.2490234375,hard,openout<=0.10,0.9818174483268759
226,226,1.0,0.0,0,0.2490234375,0.9995066324869791,dino+siglip2+openclip,0.220703125,learned_risk_head_only_no_fallback,0.0,0.99609375,opensemcom_risk_head,0.75,1,0.220703125,hard,openout<=0.01,5.3910356655251255e-05
245,244,0.9959183673469387,0.004081632653061225,1,0.2490234375,0.9995066324869791,dino+siglip2+openclip,0.2392578125,learned_risk_head_only_no_fallback,0.0,0.99609375,opensemcom_risk_head,0.75,1,0.23828125,hard,openout<=0.02,0.00022185858470038573
258,253,0.9806201550387597,0.01937984496124031,5,0.2490234375,0.9995066324869791,dino+siglip2+openclip,0.251953125,learned_risk_head_only_no_fallback,0.0,0.99609375,opensemcom_risk_head,0.75,1,0.2470703125,hard,openout<=0.05,0.025039939470589828
295,255,0.864406779661017,0.13559322033898305,40,0.2490234375,0.9995066324869791,dino+siglip2+openclip,0.2880859375,learned_risk_head_only_no_fallback,0.0,0.99609375,opensemcom_risk_head,0.75,1,0.2490234375,hard,openout<=0.10,0.9989029568433762
250,249,0.996,0.004,1,0.2490234375,0.9996693929036459,dino+siglip2+openclip,0.244140625,mixed_open_calibration_no_fallback,0.0,0.99609375,opensemcom_calibrated,0.75,1,0.2431640625,hard,openout<=0.01,0.02720900423458312
250,249,0.996,0.004,1,0.2490234375,0.9996693929036459,dino+siglip2+openclip,0.244140625,mixed_open_calibration_no_fallback,0.0,0.99609375,opensemcom_calibrated,0.75,1,0.2431640625,hard,openout<=0.02,0.02720900423458312
259,253,0.9768339768339769,0.023166023166023165,6,0.2490234375,0.9996693929036459,dino+siglip2+openclip,0.2529296875,mixed_open_calibration_no_fallback,0.0,0.99609375,opensemcom_calibrated,0.75,1,0.2470703125,hard,openout<=0.05,0.3949456852746866
295,255,0.864406779661017,0.13559322033898305,40,0.2490234375,0.9996693929036459,dino+siglip2+openclip,0.2880859375,mixed_open_calibration_no_fallback,0.0,0.99609375,opensemcom_calibrated,0.75,1,0.2490234375,hard,openout<=0.10,0.9818174483268759
250,249,0.996,0.004,1,0.2490234375,0.9995981852213541,dino+siglip2+openclip,0.244140625,semantic_harq_refine_no_fallback,0.0,0.99609375,opensemcom_harq_refine,0.75,1,0.2431640625,hard,openout<=0.01,0.02333544763912694
250,249,0.996,0.004,1,0.2490234375,0.9995981852213541,dino+siglip2+openclip,0.244140625,semantic_harq_refine_no_fallback,0.0,0.99609375,opensemcom_harq_refine,0.75,1,0.2431640625,hard,openout<=0.02,0.02333544763912694
258,253,0.9806201550387597,0.01937984496124031,5,0.2490234375,0.9995981852213541,dino+siglip2+openclip,0.251953125,semantic_harq_refine_no_fallback,0.0,0.99609375,opensemcom_harq_refine,0.75,1,0.2470703125,hard,openout<=0.05,0.3005962244160485
297,255,0.8585858585858586,0.1414141414141414,42,0.2490234375,0.9995981852213541,dino+siglip2+openclip,0.2900390625,semantic_harq_refine_no_fallback,0.0,0.99609375,opensemcom_harq_refine,0.75,1,0.2490234375,hard,openout<=0.10,0.9816668976612195
254,252,0.9921259842519685,0.007874015748031496,2,0.25,0.9998830159505209,DINOv3,0.248046875,one_vs_rest,0.0,1.0,dino_one_vs_rest,0.75,1,0.24609375,hard,openout<=0.01,0.058578606732938285
254,252,0.9921259842519685,0.007874015748031496,2,0.25,0.9998830159505209,DINOv3,0.248046875,one_vs_rest,0.0,1.0,dino_one_vs_rest,0.75,1,0.24609375,hard,openout<=0.02,0.058578606732938285
269,256,0.9516728624535316,0.048327137546468404,13,0.25,0.9998830159505209,DINOv3,0.2626953125,one_vs_rest,0.0,1.0,dino_one_vs_rest,0.75,1,0.25,hard,openout<=0.05,0.8296026335558547
290,256,0.8827586206896552,0.11724137931034483,34,0.25,0.9998830159505209,DINOv3,0.283203125,one_vs_rest,0.0,1.0,dino_one_vs_rest,0.75,1,0.25,hard,openout<=0.10,0.9519634980428016
254,251,0.9881889763779528,0.011811023622047244,3,0.248046875,0.999847412109375,SigLIP2,0.248046875,best_ood:one_vs_rest,0.0,0.9921875,siglip2_best_ood,0.75,1,0.2451171875,hard,openout<=0.01,0.025411924919196933
254,251,0.9881889763779528,0.011811023622047244,3,0.248046875,0.999847412109375,SigLIP2,0.248046875,best_ood:one_vs_rest,0.0,0.9921875,siglip2_best_ood,0.75,1,0.2451171875,hard,openout<=0.02,0.025411924919196933
276,254,0.9202898550724637,0.07971014492753623,22,0.248046875,0.999847412109375,SigLIP2,0.26953125,best_ood:one_vs_rest,0.0,0.9921875,siglip2_best_ood,0.75,1,0.248046875,hard,openout<=0.05,0.8553302735834138
298,254,0.8523489932885906,0.1476510067114094,44,0.248046875,0.999847412109375,SigLIP2,0.291015625,best_ood:one_vs_rest,0.0,0.9921875,siglip2_best_ood,0.75,1,0.248046875,hard,openout<=0.10,0.959479205734854
249,249,1.0,0.0,0,0.25,0.9998728434244791,OpenCLIP-DFN5B,0.2431640625,best_ood:one_vs_rest,0.0,1.0,openclip_best_ood,0.75,1,0.2431640625,hard,openout<=0.01,0.015608655512952782
249,249,1.0,0.0,0,0.25,0.9998728434244791,OpenCLIP-DFN5B,0.2431640625,best_ood:one_vs_rest,0.0,1.0,openclip_best_ood,0.75,1,0.2431640625,hard,openout<=0.02,0.015608655512952782
270,256,0.9481481481481482,0.05185185185185185,14,0.25,0.9998728434244791,OpenCLIP-DFN5B,0.263671875,best_ood:one_vs_rest,0.0,1.0,openclip_best_ood,0.75,1,0.25,hard,openout<=0.05,0.9365733457238732
293,256,0.8737201365187713,0.12627986348122866,37,0.25,0.9998728434244791,OpenCLIP-DFN5B,0.2861328125,best_ood:one_vs_rest,0.0,1.0,openclip_best_ood,0.75,1,0.25,hard,openout<=0.10,0.9870784685042638
92,91,0.9891304347826086,0.010869565217391304,1,0.08984375,0.9999650121291286,dino+siglip2+openclip,0.08984375,learned_selective_risk+semantic_harq_refine_no_fallback,0.0,1.0,opensemcom,0.91,1,0.0888671875,extreme,openout<=0.01,0.02720900423458312
92,91,0.9891304347826086,0.010869565217391304,1,0.08984375,0.9999650121291286,dino+siglip2+openclip,0.08984375,learned_selective_risk+semantic_harq_refine_no_fallback,0.0,1.0,opensemcom,0.91,1,0.0888671875,extreme,openout<=0.02,0.02720900423458312
97,92,0.9484536082474226,0.05154639175257732,5,0.08984375,0.9999650121291286,dino+siglip2+openclip,0.0947265625,learned_selective_risk+semantic_harq_refine_no_fallback,0.0,1.0,opensemcom,0.91,1,0.08984375,extreme,openout<=0.05,0.3949456852746866
140,92,0.6571428571428571,0.34285714285714286,48,0.08984375,0.9999650121291286,dino+siglip2+openclip,0.13671875,learned_selective_risk+semantic_harq_refine_no_fallback,0.0,1.0,opensemcom,0.91,1,0.08984375,extreme,openout<=0.10,0.9818174483268759
82,82,1.0,0.0,0,0.08984375,0.9998950363873857,dino+siglip2+openclip,0.080078125,learned_risk_head_only_no_fallback,0.0,1.0,opensemcom_risk_head,0.91,1,0.080078125,extreme,openout<=0.01,5.3910356655251255e-05
88,88,1.0,0.0,0,0.08984375,0.9998950363873857,dino+siglip2+openclip,0.0859375,learned_risk_head_only_no_fallback,0.0,1.0,opensemcom_risk_head,0.91,1,0.0859375,extreme,openout<=0.02,0.00022185858470038573
99,92,0.9292929292929293,0.0707070707070707,7,0.08984375,0.9998950363873857,dino+siglip2+openclip,0.0966796875,learned_risk_head_only_no_fallback,0.0,1.0,opensemcom_risk_head,0.91,1,0.08984375,extreme,openout<=0.05,0.025039939470589828
151,92,0.609271523178808,0.39072847682119205,59,0.08984375,0.9998950363873857,dino+siglip2+openclip,0.1474609375,learned_risk_head_only_no_fallback,0.0,1.0,opensemcom_risk_head,0.91,1,0.08984375,extreme,openout<=0.10,0.9989029568433762
92,91,0.9891304347826086,0.010869565217391304,1,0.08984375,0.9999650121291286,dino+siglip2+openclip,0.08984375,mixed_open_calibration_no_fallback,0.0,1.0,opensemcom_calibrated,0.91,1,0.0888671875,extreme,openout<=0.01,0.02720900423458312
92,91,0.9891304347826086,0.010869565217391304,1,0.08984375,0.9999650121291286,dino+siglip2+openclip,0.08984375,mixed_open_calibration_no_fallback,0.0,1.0,opensemcom_calibrated,0.91,1,0.0888671875,extreme,openout<=0.02,0.02720900423458312
97,92,0.9484536082474226,0.05154639175257732,5,0.08984375,0.9999650121291286,dino+siglip2+openclip,0.0947265625,mixed_open_calibration_no_fallback,0.0,1.0,opensemcom_calibrated,0.91,1,0.08984375,extreme,openout<=0.05,0.3949456852746866
140,92,0.6571428571428571,0.34285714285714286,48,0.08984375,0.9999650121291286,dino+siglip2+openclip,0.13671875,mixed_open_calibration_no_fallback,0.0,1.0,opensemcom_calibrated,0.91,1,0.08984375,extreme,openout<=0.10,0.9818174483268759
92,91,0.9891304347826086,0.010869565217391304,1,0.08984375,0.9999650121291286,dino+siglip2+openclip,0.08984375,semantic_harq_refine_no_fallback,0.0,1.0,opensemcom_harq_refine,0.91,1,0.0888671875,extreme,openout<=0.01,0.02333544763912694
92,91,0.9891304347826086,0.010869565217391304,1,0.08984375,0.9999650121291286,dino+siglip2+openclip,0.08984375,semantic_harq_refine_no_fallback,0.0,1.0,opensemcom_harq_refine,0.91,1,0.0888671875,extreme,openout<=0.02,0.02333544763912694
97,92,0.9484536082474226,0.05154639175257732,5,0.08984375,0.9999650121291286,dino+siglip2+openclip,0.0947265625,semantic_harq_refine_no_fallback,0.0,1.0,opensemcom_harq_refine,0.91,1,0.08984375,extreme,openout<=0.05,0.3005962244160485
144,92,0.6388888888888888,0.3611111111111111,52,0.08984375,0.9999650121291286,dino+siglip2+openclip,0.140625,semantic_harq_refine_no_fallback,0.0,1.0,opensemcom_harq_refine,0.91,1,0.08984375,extreme,openout<=0.10,0.9816668976612195
91,90,0.989010989010989,0.01098901098901099,1,0.0888671875,1.0,DINOv3,0.0888671875,one_vs_rest,0.0,0.9891304347826086,dino_one_vs_rest,0.91,1,0.087890625,extreme,openout<=0.01,0.058578606732938285
91,90,0.989010989010989,0.01098901098901099,1,0.0888671875,1.0,DINOv3,0.0888671875,one_vs_rest,0.0,0.9891304347826086,dino_one_vs_rest,0.91,1,0.087890625,extreme,openout<=0.02,0.058578606732938285
107,91,0.8504672897196262,0.14953271028037382,16,0.0888671875,1.0,DINOv3,0.1044921875,one_vs_rest,0.0,0.9891304347826086,dino_one_vs_rest,0.91,1,0.0888671875,extreme,openout<=0.05,0.8296026335558547
131,91,0.6946564885496184,0.3053435114503817,40,0.0888671875,1.0,DINOv3,0.1279296875,one_vs_rest,0.0,0.9891304347826086,dino_one_vs_rest,0.91,1,0.0888671875,extreme,openout<=0.10,0.9519634980428016
91,91,1.0,0.0,0,0.08984375,1.0,SigLIP2,0.0888671875,best_ood:one_vs_rest,0.0,1.0,siglip2_best_ood,0.91,1,0.0888671875,extreme,openout<=0.01,0.025411924919196933
91,91,1.0,0.0,0,0.08984375,1.0,SigLIP2,0.0888671875,best_ood:one_vs_rest,0.0,1.0,siglip2_best_ood,0.91,1,0.0888671875,extreme,openout<=0.02,0.025411924919196933
106,92,0.8679245283018868,0.1320754716981132,14,0.08984375,1.0,SigLIP2,0.103515625,best_ood:one_vs_rest,0.0,1.0,siglip2_best_ood,0.91,1,0.08984375,extreme,openout<=0.05,0.8553302735834138
134,92,0.6865671641791045,0.31343283582089554,42,0.08984375,1.0,SigLIP2,0.130859375,best_ood:one_vs_rest,0.0,1.0,siglip2_best_ood,0.91,1,0.08984375,extreme,openout<=0.10,0.959479205734854
91,91,1.0,0.0,0,0.08984375,0.9999766747527524,OpenCLIP-DFN5B,0.0888671875,best_ood:one_vs_rest,0.0,1.0,openclip_best_ood,0.91,1,0.0888671875,extreme,openout<=0.01,0.015608655512952782
91,91,1.0,0.0,0,0.08984375,0.9999766747527524,OpenCLIP-DFN5B,0.0888671875,best_ood:one_vs_rest,0.0,1.0,openclip_best_ood,0.91,1,0.0888671875,extreme,openout<=0.02,0.015608655512952782
110,92,0.8363636363636363,0.16363636363636364,18,0.08984375,0.9999766747527524,OpenCLIP-DFN5B,0.107421875,best_ood:one_vs_rest,0.0,1.0,openclip_best_ood,0.91,1,0.08984375,extreme,openout<=0.05,0.9365733457238732
141,92,0.6524822695035462,0.3475177304964539,49,0.08984375,0.9999766747527524,OpenCLIP-DFN5B,0.1376953125,best_ood:one_vs_rest,0.0,1.0,openclip_best_ood,0.91,1,0.08984375,extreme,openout<=0.10,0.9870784685042638
381,380,0.9973753280839895,0.0026246719160104987,1,0.6,0.9990743001302084,dino+siglip2+openclip,0.5953125,learned_selective_risk+semantic_harq_refine_no_fallback,0.0026041666666666665,1.0,opensemcom,0.25,2,0.59375,mild,openout<=0.01,0.07436809772489239
381,380,0.9973753280839895,0.0026246719160104987,1,0.6,0.9990743001302084,dino+siglip2+openclip,0.5953125,learned_selective_risk+semantic_harq_refine_no_fallback,0.0026041666666666665,1.0,opensemcom,0.25,2,0.59375,mild,openout<=0.02,0.07436809772489239
390,383,0.982051282051282,0.017948717948717947,7,0.6,0.9990743001302084,dino+siglip2+openclip,0.609375,learned_selective_risk+semantic_harq_refine_no_fallback,0.0026041666666666665,1.0,opensemcom,0.25,2,0.5984375,mild,openout<=0.05,0.9275415351184404
394,383,0.9720812182741116,0.027918781725888325,11,0.6,0.9990743001302084,dino+siglip2+openclip,0.615625,learned_selective_risk+semantic_harq_refine_no_fallback,0.0026041666666666665,1.0,opensemcom,0.25,2,0.5984375,mild,openout<=0.10,0.984959402679362
382,380,0.9947643979057592,0.005235602094240838,2,0.6,0.99810791015625,dino+siglip2+openclip,0.596875,learned_risk_head_only_no_fallback,0.0026041666666666665,1.0,opensemcom_risk_head,0.25,2,0.59375,mild,openout<=0.01,0.012407727157697411
382,380,0.9947643979057592,0.005235602094240838,2,0.6,0.99810791015625,dino+siglip2+openclip,0.596875,learned_risk_head_only_no_fallback,0.0026041666666666665,1.0,opensemcom_risk_head,0.25,2,0.59375,mild,openout<=0.02,0.012407727157697411
387,382,0.9870801033591732,0.012919896640826873,5,0.6,0.99810791015625,dino+siglip2+openclip,0.6046875,learned_risk_head_only_no_fallback,0.0026041666666666665,1.0,opensemcom_risk_head,0.25,2,0.596875,mild,openout<=0.05,0.9746850699186329
396,383,0.9671717171717171,0.03282828282828283,13,0.6,0.99810791015625,dino+siglip2+openclip,0.61875,learned_risk_head_only_no_fallback,0.0026041666666666665,1.0,opensemcom_risk_head,0.25,2,0.5984375,mild,openout<=0.10,0.9996816271543503
381,380,0.9973753280839895,0.0026246719160104987,1,0.6,0.9990743001302084,dino+siglip2+openclip,0.5953125,mixed_open_calibration_no_fallback,0.0026041666666666665,1.0,opensemcom_calibrated,0.25,2,0.59375,mild,openout<=0.01,0.07436809772489239
381,380,0.9973753280839895,0.0026246719160104987,1,0.6,0.9990743001302084,dino+siglip2+openclip,0.5953125,mixed_open_calibration_no_fallback,0.0026041666666666665,1.0,opensemcom_calibrated,0.25,2,0.59375,mild,openout<=0.02,0.07436809772489239
390,383,0.982051282051282,0.017948717948717947,7,0.6,0.9990743001302084,dino+siglip2+openclip,0.609375,mixed_open_calibration_no_fallback,0.0026041666666666665,1.0,opensemcom_calibrated,0.25,2,0.5984375,mild,openout<=0.05,0.9275415351184404
394,383,0.9720812182741116,0.027918781725888325,11,0.6,0.9990743001302084,dino+siglip2+openclip,0.615625,mixed_open_calibration_no_fallback,0.0026041666666666665,1.0,opensemcom_calibrated,0.25,2,0.5984375,mild,openout<=0.10,0.984959402679362
382,381,0.9973821989528796,0.002617801047120419,1,0.6,0.9990743001302084,dino+siglip2+openclip,0.596875,semantic_harq_refine_no_fallback,0.0026041666666666665,1.0,opensemcom_harq_refine,0.25,2,0.5953125,mild,openout<=0.01,0.061226609512361384
382,381,0.9973821989528796,0.002617801047120419,1,0.6,0.9990743001302084,dino+siglip2+openclip,0.596875,semantic_harq_refine_no_fallback,0.0026041666666666665,1.0,opensemcom_harq_refine,0.25,2,0.5953125,mild,openout<=0.02,0.061226609512361384
390,383,0.982051282051282,0.017948717948717947,7,0.6,0.9990743001302084,dino+siglip2+openclip,0.609375,semantic_harq_refine_no_fallback,0.0026041666666666665,1.0,opensemcom_harq_refine,0.25,2,0.5984375,mild,openout<=0.05,0.8640384402192333
394,383,0.9720812182741116,0.027918781725888325,11,0.6,0.9990743001302084,dino+siglip2+openclip,0.615625,semantic_harq_refine_no_fallback,0.0026041666666666665,1.0,opensemcom_harq_refine,0.25,2,0.5984375,mild,openout<=0.10,0.984959402679362
382,379,0.9921465968586387,0.007853403141361256,3,0.5953125,0.9999796549479166,DINOv3,0.596875,one_vs_rest,0.0,0.9921875,dino_one_vs_rest,0.25,2,0.5921875,mild,openout<=0.01,0.13887803986544667
382,379,0.9921465968586387,0.007853403141361256,3,0.5953125,0.9999796549479166,DINOv3,0.596875,one_vs_rest,0.0,0.9921875,dino_one_vs_rest,0.25,2,0.5921875,mild,openout<=0.02,0.13887803986544667
389,381,0.9794344473007712,0.02056555269922879,8,0.5953125,0.9999796549479166,DINOv3,0.6078125,one_vs_rest,0.0,0.9921875,dino_one_vs_rest,0.25,2,0.5953125,mild,openout<=0.05,0.8903096248181253
394,381,0.9670050761421319,0.03299492385786802,13,0.5953125,0.9999796549479166,DINOv3,0.615625,one_vs_rest,0.0,0.9921875,dino_one_vs_rest,0.25,2,0.5953125,mild,openout<=0.10,0.9596703443445139
376,372,0.9893617021276596,0.010638297872340425,4,0.590625,0.9998677571614584,SigLIP2,0.5875,best_ood:one_vs_rest,0.0,0.984375,siglip2_best_ood,0.25,2,0.58125,mild,openout<=0.01,0.04096036067545557
376,372,0.9893617021276596,0.010638297872340425,4,0.590625,0.9998677571614584,SigLIP2,0.5875,best_ood:one_vs_rest,0.0,0.984375,siglip2_best_ood,0.25,2,0.58125,mild,openout<=0.02,0.04096036067545557
385,377,0.9792207792207792,0.02077922077922078,8,0.590625,0.9998677571614584,SigLIP2,0.6015625,best_ood:one_vs_rest,0.0,0.984375,siglip2_best_ood,0.25,2,0.5890625,mild,openout<=0.05,0.6477620983226877
391,378,0.9667519181585678,0.03324808184143223,13,0.590625,0.9998677571614584,SigLIP2,0.6109375,best_ood:one_vs_rest,0.0,0.984375,siglip2_best_ood,0.25,2,0.590625,mild,openout<=0.10,0.9417976949687251
378,377,0.9973544973544973,0.0026455026455026454,1,0.6,0.9992574055989584,OpenCLIP-DFN5B,0.590625,best_ood:one_vs_rest,0.0026041666666666665,1.0,openclip_best_ood,0.25,2,0.5890625,mild,openout<=0.01,0.053867388116017205
378,377,0.9973544973544973,0.0026455026455026454,1,0.6,0.9992574055989584,OpenCLIP-DFN5B,0.590625,best_ood:one_vs_rest,0.0026041666666666665,1.0,openclip_best_ood,0.25,2,0.5890625,mild,openout<=0.02,0.053867388116017205
388,383,0.9871134020618557,0.01288659793814433,5,0.6,0.9992574055989584,OpenCLIP-DFN5B,0.60625,best_ood:one_vs_rest,0.0026041666666666665,1.0,openclip_best_ood,0.25,2,0.5984375,mild,openout<=0.05,0.9343312046686679
394,383,0.9720812182741116,0.027918781725888325,11,0.6,0.9992574055989584,OpenCLIP-DFN5B,0.615625,best_ood:one_vs_rest,0.0026041666666666665,1.0,openclip_best_ood,0.25,2,0.5984375,mild,openout<=0.10,0.9837561141455249
381,380,0.9973753280839895,0.0026246719160104987,1,0.42857142857142855,0.9989420572916666,dino+siglip2+openclip,0.4252232142857143,learned_selective_risk+semantic_harq_refine_no_fallback,0.0026041666666666665,1.0,opensemcom,0.5,2,0.42410714285714285,medium,openout<=0.01,0.07436809772489239
381,380,0.9973753280839895,0.0026246719160104987,1,0.42857142857142855,0.9989420572916666,dino+siglip2+openclip,0.4252232142857143,learned_selective_risk+semantic_harq_refine_no_fallback,0.0026041666666666665,1.0,opensemcom,0.5,2,0.42410714285714285,medium,openout<=0.02,0.07436809772489239
403,383,0.9503722084367245,0.04962779156327544,20,0.42857142857142855,0.9989420572916666,dino+siglip2+openclip,0.4497767857142857,learned_selective_risk+semantic_harq_refine_no_fallback,0.0026041666666666665,1.0,opensemcom,0.5,2,0.42745535714285715,medium,openout<=0.05,0.9275415351184404
427,383,0.8969555035128806,0.10304449648711944,44,0.42857142857142855,0.9989420572916666,dino+siglip2+openclip,0.4765625,learned_selective_risk+semantic_harq_refine_no_fallback,0.0026041666666666665,1.0,opensemcom,0.5,2,0.42745535714285715,medium,openout<=0.10,0.984959402679362
385,380,0.987012987012987,0.012987012987012988,5,0.42857142857142855,0.9984156290690104,dino+siglip2+openclip,0.4296875,learned_risk_head_only_no_fallback,0.005208333333333333,1.0,opensemcom_risk_head,0.5,2,0.42410714285714285,medium,openout<=0.01,0.012407727157697411
385,380,0.987012987012987,0.012987012987012988,5,0.42857142857142855,0.9984156290690104,dino+siglip2+openclip,0.4296875,learned_risk_head_only_no_fallback,0.005208333333333333,1.0,opensemcom_risk_head,0.5,2,0.42410714285714285,medium,openout<=0.02,0.012407727157697411
402,382,0.9502487562189055,0.04975124378109453,20,0.42857142857142855,0.9984156290690104,dino+siglip2+openclip,0.4486607142857143,learned_risk_head_only_no_fallback,0.005208333333333333,1.0,opensemcom_risk_head,0.5,2,0.4263392857142857,medium,openout<=0.05,0.9746850699186329
428,383,0.8948598130841121,0.10514018691588785,45,0.42857142857142855,0.9984156290690104,dino+siglip2+openclip,0.47767857142857145,learned_risk_head_only_no_fallback,0.005208333333333333,1.0,opensemcom_risk_head,0.5,2,0.42745535714285715,medium,openout<=0.10,0.9996816271543503
381,380,0.9973753280839895,0.0026246719160104987,1,0.42857142857142855,0.9989420572916666,dino+siglip2+openclip,0.4252232142857143,mixed_open_calibration_no_fallback,0.0026041666666666665,1.0,opensemcom_calibrated,0.5,2,0.42410714285714285,medium,openout<=0.01,0.07436809772489239
381,380,0.9973753280839895,0.0026246719160104987,1,0.42857142857142855,0.9989420572916666,dino+siglip2+openclip,0.4252232142857143,mixed_open_calibration_no_fallback,0.0026041666666666665,1.0,opensemcom_calibrated,0.5,2,0.42410714285714285,medium,openout<=0.02,0.07436809772489239
403,383,0.9503722084367245,0.04962779156327544,20,0.42857142857142855,0.9989420572916666,dino+siglip2+openclip,0.4497767857142857,mixed_open_calibration_no_fallback,0.0026041666666666665,1.0,opensemcom_calibrated,0.5,2,0.42745535714285715,medium,openout<=0.05,0.9275415351184404
427,383,0.8969555035128806,0.10304449648711944,44,0.42857142857142855,0.9989420572916666,dino+siglip2+openclip,0.4765625,mixed_open_calibration_no_fallback,0.0026041666666666665,1.0,opensemcom_calibrated,0.5,2,0.42745535714285715,medium,openout<=0.10,0.984959402679362
382,381,0.9973821989528796,0.002617801047120419,1,0.42857142857142855,0.9989267985026041,dino+siglip2+openclip,0.4263392857142857,semantic_harq_refine_no_fallback,0.0026041666666666665,1.0,opensemcom_harq_refine,0.5,2,0.4252232142857143,medium,openout<=0.01,0.061226609512361384
382,381,0.9973821989528796,0.002617801047120419,1,0.42857142857142855,0.9989267985026041,dino+siglip2+openclip,0.4263392857142857,semantic_harq_refine_no_fallback,0.0026041666666666665,1.0,opensemcom_harq_refine,0.5,2,0.4252232142857143,medium,openout<=0.02,0.061226609512361384
402,383,0.9527363184079602,0.0472636815920398,19,0.42857142857142855,0.9989267985026041,dino+siglip2+openclip,0.4486607142857143,semantic_harq_refine_no_fallback,0.0026041666666666665,1.0,opensemcom_harq_refine,0.5,2,0.42745535714285715,medium,openout<=0.05,0.8640384402192333
430,383,0.8906976744186047,0.10930232558139535,47,0.42857142857142855,0.9989267985026041,dino+siglip2+openclip,0.4799107142857143,semantic_harq_refine_no_fallback,0.0026041666666666665,1.0,opensemcom_harq_refine,0.5,2,0.42745535714285715,medium,openout<=0.10,0.984959402679362
386,379,0.9818652849740933,0.018134715025906734,7,0.4252232142857143,0.9997762044270834,DINOv3,0.43080357142857145,one_vs_rest,0.0,0.9921875,dino_one_vs_rest,0.5,2,0.42299107142857145,medium,openout<=0.01,0.13887803986544667
386,379,0.9818652849740933,0.018134715025906734,7,0.4252232142857143,0.9997762044270834,DINOv3,0.43080357142857145,one_vs_rest,0.0,0.9921875,dino_one_vs_rest,0.5,2,0.42299107142857145,medium,openout<=0.02,0.13887803986544667
411,381,0.927007299270073,0.072992700729927,30,0.4252232142857143,0.9997762044270834,DINOv3,0.45870535714285715,one_vs_rest,0.0,0.9921875,dino_one_vs_rest,0.5,2,0.4252232142857143,medium,openout<=0.05,0.8903096248181253
420,381,0.9071428571428571,0.09285714285714286,39,0.4252232142857143,0.9997762044270834,DINOv3,0.46875,one_vs_rest,0.0,0.9921875,dino_one_vs_rest,0.5,2,0.4252232142857143,medium,openout<=0.10,0.9596703443445139
377,372,0.986737400530504,0.013262599469496022,5,0.421875,0.999542236328125,SigLIP2,0.42075892857142855,best_ood:one_vs_rest,0.0,0.984375,siglip2_best_ood,0.5,2,0.41517857142857145,medium,openout<=0.01,0.04096036067545557
377,372,0.986737400530504,0.013262599469496022,5,0.421875,0.999542236328125,SigLIP2,0.42075892857142855,best_ood:one_vs_rest,0.0,0.984375,siglip2_best_ood,0.5,2,0.41517857142857145,medium,openout<=0.02,0.04096036067545557
394,377,0.9568527918781726,0.04314720812182741,17,0.421875,0.999542236328125,SigLIP2,0.43973214285714285,best_ood:one_vs_rest,0.0,0.984375,siglip2_best_ood,0.5,2,0.42075892857142855,medium,openout<=0.05,0.6477620983226877
408,378,0.9264705882352942,0.07352941176470588,30,0.421875,0.999542236328125,SigLIP2,0.45535714285714285,best_ood:one_vs_rest,0.0,0.984375,siglip2_best_ood,0.5,2,0.421875,medium,openout<=0.10,0.9417976949687251
378,377,0.9973544973544973,0.0026455026455026454,1,0.42857142857142855,0.9993336995442709,OpenCLIP-DFN5B,0.421875,best_ood:one_vs_rest,0.0026041666666666665,1.0,openclip_best_ood,0.5,2,0.42075892857142855,medium,openout<=0.01,0.053867388116017205
378,377,0.9973544973544973,0.0026455026455026454,1,0.42857142857142855,0.9993336995442709,OpenCLIP-DFN5B,0.421875,best_ood:one_vs_rest,0.0026041666666666665,1.0,openclip_best_ood,0.5,2,0.42075892857142855,medium,openout<=0.02,0.053867388116017205
401,383,0.9551122194513716,0.04488778054862843,18,0.42857142857142855,0.9993336995442709,OpenCLIP-DFN5B,0.44754464285714285,best_ood:one_vs_rest,0.0026041666666666665,1.0,openclip_best_ood,0.5,2,0.42745535714285715,medium,openout<=0.05,0.9343312046686679
415,383,0.9228915662650602,0.07710843373493977,32,0.42857142857142855,0.9993336995442709,OpenCLIP-DFN5B,0.46316964285714285,best_ood:one_vs_rest,0.0026041666666666665,1.0,openclip_best_ood,0.5,2,0.42745535714285715,medium,openout<=0.10,0.9837561141455249
254,253,0.9960629921259843,0.003937007874015748,1,0.25,0.9998677571614584,dino+siglip2+openclip,0.248046875,learned_selective_risk+semantic_harq_refine_no_fallback,0.0,1.0,opensemcom,0.75,2,0.2470703125,hard,openout<=0.01,0.07436809772489239
254,253,0.9960629921259843,0.003937007874015748,1,0.25,0.9998677571614584,dino+siglip2+openclip,0.248046875,learned_selective_risk+semantic_harq_refine_no_fallback,0.0,1.0,opensemcom,0.75,2,0.2470703125,hard,openout<=0.02,0.07436809772489239
277,256,0.924187725631769,0.07581227436823104,21,0.25,0.9998677571614584,dino+siglip2+openclip,0.2705078125,learned_selective_risk+semantic_harq_refine_no_fallback,0.0,1.0,opensemcom,0.75,2,0.25,hard,openout<=0.05,0.9275415351184404
304,256,0.8421052631578947,0.15789473684210525,48,0.25,0.9998677571614584,dino+siglip2+openclip,0.296875,learned_selective_risk+semantic_harq_refine_no_fallback,0.0,1.0,opensemcom,0.75,2,0.25,hard,openout<=0.10,0.984959402679362
258,253,0.9806201550387597,0.01937984496124031,5,0.25,0.9992879231770834,dino+siglip2+openclip,0.251953125,learned_risk_head_only_no_fallback,0.00390625,1.0,opensemcom_risk_head,0.75,2,0.2470703125,hard,openout<=0.01,0.012407727157697411
258,253,0.9806201550387597,0.01937984496124031,5,0.25,0.9992879231770834,dino+siglip2+openclip,0.251953125,learned_risk_head_only_no_fallback,0.00390625,1.0,opensemcom_risk_head,0.75,2,0.2470703125,hard,openout<=0.02,0.012407727157697411
281,255,0.9074733096085409,0.09252669039145907,26,0.25,0.9992879231770834,dino+siglip2+openclip,0.2744140625,learned_risk_head_only_no_fallback,0.00390625,1.0,opensemcom_risk_head,0.75,2,0.2490234375,hard,openout<=0.05,0.9746850699186329
306,256,0.8366013071895425,0.16339869281045752,50,0.25,0.9992879231770834,dino+siglip2+openclip,0.298828125,learned_risk_head_only_no_fallback,0.00390625,1.0,opensemcom_risk_head,0.75,2,0.25,hard,openout<=0.10,0.9996816271543503
254,253,0.9960629921259843,0.003937007874015748,1,0.25,0.9998677571614584,dino+siglip2+openclip,0.248046875,mixed_open_calibration_no_fallback,0.0,1.0,opensemcom_calibrated,0.75,2,0.2470703125,hard,openout<=0.01,0.07436809772489239
254,253,0.9960629921259843,0.003937007874015748,1,0.25,0.9998677571614584,dino+siglip2+openclip,0.248046875,mixed_open_calibration_no_fallback,0.0,1.0,opensemcom_calibrated,0.75,2,0.2470703125,hard,openout<=0.02,0.07436809772489239
277,256,0.924187725631769,0.07581227436823104,21,0.25,0.9998677571614584,dino+siglip2+openclip,0.2705078125,mixed_open_calibration_no_fallback,0.0,1.0,opensemcom_calibrated,0.75,2,0.25,hard,openout<=0.05,0.9275415351184404
304,256,0.8421052631578947,0.15789473684210525,48,0.25,0.9998677571614584,dino+siglip2+openclip,0.296875,mixed_open_calibration_no_fallback,0.0,1.0,opensemcom_calibrated,0.75,2,0.25,hard,openout<=0.10,0.984959402679362
255,254,0.996078431372549,0.00392156862745098,1,0.25,0.9998575846354166,dino+siglip2+openclip,0.2490234375,semantic_harq_refine_no_fallback,0.0,1.0,opensemcom_harq_refine,0.75,2,0.248046875,hard,openout<=0.01,0.061226609512361384
255,254,0.996078431372549,0.00392156862745098,1,0.25,0.9998575846354166,dino+siglip2+openclip,0.2490234375,semantic_harq_refine_no_fallback,0.0,1.0,opensemcom_harq_refine,0.75,2,0.248046875,hard,openout<=0.02,0.061226609512361384
275,256,0.9309090909090909,0.06909090909090909,19,0.25,0.9998575846354166,dino+siglip2+openclip,0.2685546875,semantic_harq_refine_no_fallback,0.0,1.0,opensemcom_harq_refine,0.75,2,0.25,hard,openout<=0.05,0.8640384402192333
308,256,0.8311688311688312,0.16883116883116883,52,0.25,0.9998575846354166,dino+siglip2+openclip,0.30078125,semantic_harq_refine_no_fallback,0.0,1.0,opensemcom_harq_refine,0.75,2,0.25,hard,openout<=0.10,0.984959402679362
256,252,0.984375,0.015625,4,0.2470703125,0.9999542236328125,DINOv3,0.25,one_vs_rest,0.0,0.98828125,dino_one_vs_rest,0.75,2,0.24609375,hard,openout<=0.01,0.13887803986544667
256,252,0.984375,0.015625,4,0.2470703125,0.9999542236328125,DINOv3,0.25,one_vs_rest,0.0,0.98828125,dino_one_vs_rest,0.75,2,0.24609375,hard,openout<=0.02,0.13887803986544667
286,253,0.8846153846153846,0.11538461538461539,33,0.2470703125,0.9999542236328125,DINOv3,0.279296875,one_vs_rest,0.0,0.98828125,dino_one_vs_rest,0.75,2,0.2470703125,hard,openout<=0.05,0.8903096248181253
309,253,0.8187702265372169,0.18122977346278318,56,0.2470703125,0.9999542236328125,DINOv3,0.3017578125,one_vs_rest,0.0,0.98828125,dino_one_vs_rest,0.75,2,0.2470703125,hard,openout<=0.10,0.9596703443445139
250,247,0.988,0.012,3,0.2470703125,0.999725341796875,SigLIP2,0.244140625,best_ood:one_vs_rest,0.0,0.98828125,siglip2_best_ood,0.75,2,0.2412109375,hard,openout<=0.01,0.04096036067545557
250,247,0.988,0.012,3,0.2470703125,0.999725341796875,SigLIP2,0.244140625,best_ood:one_vs_rest,0.0,0.98828125,siglip2_best_ood,0.75,2,0.2412109375,hard,openout<=0.02,0.04096036067545557
261,252,0.9655172413793104,0.034482758620689655,9,0.2470703125,0.999725341796875,SigLIP2,0.2548828125,best_ood:one_vs_rest,0.0,0.98828125,siglip2_best_ood,0.75,2,0.24609375,hard,openout<=0.05,0.6477620983226877
284,253,0.8908450704225352,0.10915492957746478,31,0.2470703125,0.999725341796875,SigLIP2,0.27734375,best_ood:one_vs_rest,0.0,0.98828125,siglip2_best_ood,0.75,2,0.2470703125,hard,openout<=0.10,0.9417976949687251
250,250,1.0,0.0,0,0.25,0.9999440511067709,OpenCLIP-DFN5B,0.244140625,best_ood:one_vs_rest,0.0,1.0,openclip_best_ood,0.75,2,0.244140625,hard,openout<=0.01,0.053867388116017205
250,250,1.0,0.0,0,0.25,0.9999440511067709,OpenCLIP-DFN5B,0.244140625,best_ood:one_vs_rest,0.0,1.0,openclip_best_ood,0.75,2,0.244140625,hard,openout<=0.02,0.053867388116017205
275,256,0.9309090909090909,0.06909090909090909,19,0.25,0.9999440511067709,OpenCLIP-DFN5B,0.2685546875,best_ood:one_vs_rest,0.0,1.0,openclip_best_ood,0.75,2,0.25,hard,openout<=0.05,0.9343312046686679
303,256,0.8448844884488449,0.1551155115511551,47,0.25,0.9999440511067709,OpenCLIP-DFN5B,0.2958984375,best_ood:one_vs_rest,0.0,1.0,openclip_best_ood,0.75,2,0.25,hard,openout<=0.10,0.9837561141455249
93,90,0.967741935483871,0.03225806451612903,3,0.08984375,0.9997900727747714,dino+siglip2+openclip,0.0908203125,learned_selective_risk+semantic_harq_refine_no_fallback,0.0,1.0,opensemcom,0.91,2,0.087890625,extreme,openout<=0.01,0.07436809772489239
93,90,0.967741935483871,0.03225806451612903,3,0.08984375,0.9997900727747714,dino+siglip2+openclip,0.0908203125,learned_selective_risk+semantic_harq_refine_no_fallback,0.0,1.0,opensemcom,0.91,2,0.087890625,extreme,openout<=0.02,0.07436809772489239
114,92,0.8070175438596491,0.19298245614035087,22,0.08984375,0.9997900727747714,dino+siglip2+openclip,0.111328125,learned_selective_risk+semantic_harq_refine_no_fallback,0.0,1.0,opensemcom,0.91,2,0.08984375,extreme,openout<=0.05,0.9275415351184404
136,92,0.6764705882352942,0.3235294117647059,44,0.08984375,0.9997900727747714,dino+siglip2+openclip,0.1328125,learned_selective_risk+semantic_harq_refine_no_fallback,0.0,1.0,opensemcom,0.91,2,0.08984375,extreme,openout<=0.10,0.984959402679362
96,90,0.9375,0.0625,6,0.08984375,0.9990086769919762,dino+siglip2+openclip,0.09375,learned_risk_head_only_no_fallback,0.0,1.0,opensemcom_risk_head,0.91,2,0.087890625,extreme,openout<=0.01,0.012407727157697411
96,90,0.9375,0.0625,6,0.08984375,0.9990086769919762,dino+siglip2+openclip,0.09375,learned_risk_head_only_no_fallback,0.0,1.0,opensemcom_risk_head,0.91,2,0.087890625,extreme,openout<=0.02,0.012407727157697411
110,91,0.8272727272727273,0.17272727272727273,19,0.08984375,0.9990086769919762,dino+siglip2+openclip,0.107421875,learned_risk_head_only_no_fallback,0.0,1.0,opensemcom_risk_head,0.91,2,0.0888671875,extreme,openout<=0.05,0.9746850699186329
142,92,0.647887323943662,0.352112676056338,50,0.08984375,0.9990086769919762,dino+siglip2+openclip,0.138671875,learned_risk_head_only_no_fallback,0.0,1.0,opensemcom_risk_head,0.91,2,0.08984375,extreme,openout<=0.10,0.9996816271543503
93,90,0.967741935483871,0.03225806451612903,3,0.08984375,0.9997900727747714,dino+siglip2+openclip,0.0908203125,mixed_open_calibration_no_fallback,0.0,1.0,opensemcom_calibrated,0.91,2,0.087890625,extreme,openout<=0.01,0.07436809772489239
93,90,0.967741935483871,0.03225806451612903,3,0.08984375,0.9997900727747714,dino+siglip2+openclip,0.0908203125,mixed_open_calibration_no_fallback,0.0,1.0,opensemcom_calibrated,0.91,2,0.087890625,extreme,openout<=0.02,0.07436809772489239
114,92,0.8070175438596491,0.19298245614035087,22,0.08984375,0.9997900727747714,dino+siglip2+openclip,0.111328125,mixed_open_calibration_no_fallback,0.0,1.0,opensemcom_calibrated,0.91,2,0.08984375,extreme,openout<=0.05,0.9275415351184404
136,92,0.6764705882352942,0.3235294117647059,44,0.08984375,0.9997900727747714,dino+siglip2+openclip,0.1328125,mixed_open_calibration_no_fallback,0.0,1.0,opensemcom_calibrated,0.91,2,0.08984375,extreme,openout<=0.10,0.984959402679362
94,91,0.9680851063829787,0.031914893617021274,3,0.08984375,0.9997784101511477,dino+siglip2+openclip,0.091796875,semantic_harq_refine_no_fallback,0.0,1.0,opensemcom_harq_refine,0.91,2,0.0888671875,extreme,openout<=0.01,0.061226609512361384
94,91,0.9680851063829787,0.031914893617021274,3,0.08984375,0.9997784101511477,dino+siglip2+openclip,0.091796875,semantic_harq_refine_no_fallback,0.0,1.0,opensemcom_harq_refine,0.91,2,0.0888671875,extreme,openout<=0.02,0.061226609512361384
112,92,0.8214285714285714,0.17857142857142858,20,0.08984375,0.9997784101511477,dino+siglip2+openclip,0.109375,semantic_harq_refine_no_fallback,0.0,1.0,opensemcom_harq_refine,0.91,2,0.08984375,extreme,openout<=0.05,0.8640384402192333
140,92,0.6571428571428571,0.34285714285714286,48,0.08984375,0.9997784101511477,dino+siglip2+openclip,0.13671875,semantic_harq_refine_no_fallback,0.0,1.0,opensemcom_harq_refine,0.91,2,0.08984375,extreme,openout<=0.10,0.984959402679362
94,91,0.9680851063829787,0.031914893617021274,3,0.0888671875,0.9999766747527524,DINOv3,0.091796875,one_vs_rest,0.0,0.9891304347826086,dino_one_vs_rest,0.91,2,0.0888671875,extreme,openout<=0.01,0.13887803986544667
94,91,0.9680851063829787,0.031914893617021274,3,0.0888671875,0.9999766747527524,DINOv3,0.091796875,one_vs_rest,0.0,0.9891304347826086,dino_one_vs_rest,0.91,2,0.0888671875,extreme,openout<=0.02,0.13887803986544667
118,91,0.7711864406779662,0.2288135593220339,27,0.0888671875,0.9999766747527524,DINOv3,0.115234375,one_vs_rest,0.0,0.9891304347826086,dino_one_vs_rest,0.91,2,0.0888671875,extreme,openout<=0.05,0.8903096248181253
143,91,0.6363636363636364,0.36363636363636365,52,0.0888671875,0.9999766747527524,DINOv3,0.1396484375,one_vs_rest,0.0,0.9891304347826086,dino_one_vs_rest,0.91,2,0.0888671875,extreme,openout<=0.10,0.9596703443445139
90,90,1.0,0.0,0,0.08984375,0.9999766747527524,SigLIP2,0.087890625,best_ood:one_vs_rest,0.0,1.0,siglip2_best_ood,0.91,2,0.087890625,extreme,openout<=0.01,0.04096036067545557
90,90,1.0,0.0,0,0.08984375,0.9999766747527524,SigLIP2,0.087890625,best_ood:one_vs_rest,0.0,1.0,siglip2_best_ood,0.91,2,0.087890625,extreme,openout<=0.02,0.04096036067545557
100,92,0.92,0.08,8,0.08984375,0.9999766747527524,SigLIP2,0.09765625,best_ood:one_vs_rest,0.0,1.0,siglip2_best_ood,0.91,2,0.08984375,extreme,openout<=0.05,0.6477620983226877
122,92,0.7540983606557377,0.2459016393442623,30,0.08984375,0.9999766747527524,SigLIP2,0.119140625,best_ood:one_vs_rest,0.0,1.0,siglip2_best_ood,0.91,2,0.08984375,extreme,openout<=0.10,0.9417976949687251
92,90,0.9782608695652174,0.021739130434782608,2,0.08984375,0.9998600485165142,OpenCLIP-DFN5B,0.08984375,best_ood:one_vs_rest,0.0,1.0,openclip_best_ood,0.91,2,0.087890625,extreme,openout<=0.01,0.053867388116017205
92,90,0.9782608695652174,0.021739130434782608,2,0.08984375,0.9998600485165142,OpenCLIP-DFN5B,0.08984375,best_ood:one_vs_rest,0.0,1.0,openclip_best_ood,0.91,2,0.087890625,extreme,openout<=0.02,0.053867388116017205
111,92,0.8288288288288288,0.17117117117117117,19,0.08984375,0.9998600485165142,OpenCLIP-DFN5B,0.1083984375,best_ood:one_vs_rest,0.0,1.0,openclip_best_ood,0.91,2,0.08984375,extreme,openout<=0.05,0.9343312046686679
137,92,0.6715328467153284,0.3284671532846715,45,0.08984375,0.9998600485165142,OpenCLIP-DFN5B,0.1337890625,best_ood:one_vs_rest,0.0,1.0,openclip_best_ood,0.91,2,0.08984375,extreme,openout<=0.10,0.9837561141455249
