accepted,accepted_correct,accepted_known_accuracy,accepted_open_outage,accepted_unsafe,accuracy,auroc,backbone,coverage,detector_control,fpr95,goodput_per_resource_proxy,known_id_accuracy,method,open_fraction,refine_rate,refine_threshold,refined,reject_rate,rejected,resource_units_proxy,seed,semantic_goodput,severity,target_openout,threshold
384,384,1.0,0.0,0,0.6,1.0,dino+siglip2+openclip,0.6,learned_selective_risk+semantic_harq_refine,0.0,0.9340792994405254,1.0,opensemcom,0.25,0.0015625,0.24999951042100452,1,0.3984375,255,411.1,0,0.6,mild,openout<=0.01,0.0
381,378,0.9921259842519685,0.007874015748031496,3,0.6,0.9937642415364584,dino+siglip2+openclip,0.5953125,learned_selective_risk+semantic_harq_refine,0.0026041666666666665,0.9221761405220786,1.0,opensemcom,0.25,0.003125,0.24999963780017206,2,0.4015625,257,409.9,1,0.590625,mild,openout<=0.01,0.0
384,382,0.9947916666666666,0.005208333333333333,2,0.6,0.9971771240234375,dino+siglip2+openclip,0.6,learned_selective_risk+semantic_harq_refine,0.0026041666666666665,0.9292143030892727,1.0,opensemcom,0.25,0.0015625,0.508920921090425,1,0.3984375,255,411.1,2,0.596875,mild,openout<=0.01,0.2589218579167121
384,383,0.9973958333333334,0.0026041666666666665,1,0.6,0.99993896484375,dino+siglip2+openclip,0.6,learned_risk_head_only,0.0,0.924897367785559,1.0,opensemcom_risk_head,0.25,0.0046875,0.27113104648888103,3,0.3953125,253,414.1,0,0.5984375,mild,openout<=0.01,0.021132059767842236
378,377,0.9973544973544973,0.0026455026455026454,1,0.5984375,0.9991658528645834,dino+siglip2+openclip,0.590625,learned_risk_head_only,0.005208333333333333,0.9123910939012584,0.9973958333333334,opensemcom_risk_head,0.25,0.009375,0.25281379639403895,6,0.4,256,413.20000000000005,1,0.5890625,mild,openout<=0.01,0.0028154504229314613
384,381,0.9921875,0.0078125,3,0.5984375,0.9984944661458334,dino+siglip2+openclip,0.6,learned_risk_head_only,0.0026041666666666665,0.9267818049136463,0.9973958333333334,opensemcom_risk_head,0.25,0.0015625,0.3325611770153034,1,0.3984375,255,411.1,2,0.5953125,mild,openout<=0.01,0.08256219029426462
384,384,1.0,0.0,0,0.6,1.0,dino+siglip2+openclip,0.6,mixed_open_calibration,0.0,0.9340792994405254,1.0,opensemcom_calibrated,0.25,0.0015625,0.44975405363027643,1,0.3984375,255,411.1,0,0.6,mild,openout<=0.01,0.1997568314536327
378,376,0.9947089947089947,0.005291005291005291,2,0.6,0.99957275390625,dino+siglip2+openclip,0.590625,mixed_open_calibration,0.0,0.9166260360799611,1.0,opensemcom_calibrated,0.25,0.00625,0.30073314905724463,4,0.403125,258,410.2,1,0.5875,mild,openout<=0.01,0.050735358067135305
384,382,0.9947916666666666,0.005208333333333333,2,0.6,0.99908447265625,dino+siglip2+openclip,0.6,mixed_open_calibration,0.0026041666666666665,0.915847518580676,1.0,opensemcom_calibrated,0.25,0.0078125,0.9000100301318432,5,0.3921875,251,417.1,2,0.596875,mild,openout<=0.01,0.6500135458971286
384,384,1.0,0.0,0,0.6,1.0,dino+siglip2+openclip,0.6,semantic_harq_refine,0.0,0.9340792994405254,1.0,opensemcom_harq_refine,0.25,0.0015625,0.24999951042100077,1,0.3984375,255,411.1,0,0.6,mild,openout<=0.01,0.0
381,378,0.9921259842519685,0.007874015748031496,3,0.6,0.9937642415364584,dino+siglip2+openclip,0.5953125,semantic_harq_refine,0.0026041666666666665,0.9221761405220786,1.0,opensemcom_harq_refine,0.25,0.003125,0.24999963780017206,2,0.4015625,257,409.9,1,0.590625,mild,openout<=0.01,0.0
384,382,0.9947916666666666,0.005208333333333333,2,0.6,0.9971669514973959,dino+siglip2+openclip,0.6,semantic_harq_refine,0.0026041666666666665,0.9292143030892727,1.0,opensemcom_harq_refine,0.25,0.0015625,0.4531195958297034,1,0.3984375,255,411.1,2,0.596875,mild,openout<=0.01,0.20312053265601207
384,382,0.9947916666666666,0.005208333333333333,2,0.596875,0.9999898274739584,DINOv3,0.6,one_vs_rest,0.0,0.9060721062618595,0.9947916666666666,dino_one_vs_rest,0.25,0.0125,0.9493115539944347,8,0.3875,248,421.6,0,0.596875,mild,openout<=0.01,0.6993250306684891
384,383,0.9973958333333334,0.0026041666666666665,1,0.5984375,1.0,DINOv3,0.6,one_vs_rest,0.0,0.924897367785559,0.9973958333333334,dino_one_vs_rest,0.25,0.0046875,0.6692695356539686,3,0.3953125,253,414.1,1,0.5984375,mild,openout<=0.01,0.4192826309580401
378,376,0.9947089947089947,0.005291005291005291,2,0.5953125,0.999969482421875,DINOv3,0.590625,one_vs_rest,0.0,0.9166260360799611,0.9921875,dino_one_vs_rest,0.25,0.00625,0.28025268877909104,4,0.403125,258,410.2,2,0.5875,mild,openout<=0.01,0.030265951179601232
384,384,1.0,0.0,0,0.6,1.0,OpenCLIP-DFN5B,0.6,best_ood:one_vs_rest,0.0,0.9273122434194638,1.0,openclip_best_ood,0.25,0.0046875,0.5061142995012269,3,0.3953125,253,414.1,0,0.6,mild,openout<=0.01,0.2561195457255636
384,382,0.9947916666666666,0.005208333333333333,2,0.6,0.99847412109375,OpenCLIP-DFN5B,0.6,best_ood:one_vs_rest,0.0,0.9292143030892727,1.0,openclip_best_ood,0.25,0.0015625,0.5873136158969545,1,0.3984375,255,411.1,1,0.596875,mild,openout<=0.01,0.3373171228464101
384,382,0.9947916666666666,0.005208333333333333,2,0.5984375,0.9991861979166666,OpenCLIP-DFN5B,0.6,best_ood:one_vs_rest,0.0026041666666666665,0.9292143030892727,0.9973958333333334,openclip_best_ood,0.25,0.0015625,0.7379026360503597,1,0.3984375,255,411.1,2,0.596875,mild,openout<=0.01,0.4879083635685597
378,377,0.9973544973544973,0.0026455026455026454,1,0.5984375,0.9998067220052084,SigLIP2,0.590625,best_ood:one_vs_rest,0.0,0.9190638712823014,0.9973958333333334,siglip2_best_ood,0.25,0.00625,0.27021901768827095,4,0.403125,258,410.2,0,0.5890625,mild,openout<=0.01,0.020224635625924775
378,375,0.9920634920634921,0.007936507936507936,3,0.5953125,0.9999593098958334,SigLIP2,0.590625,best_ood:one_vs_rest,0.0,0.9108574204517853,0.9921875,siglip2_best_ood,0.25,0.0078125,0.2701802015104668,5,0.4015625,257,411.7,1,0.5859375,mild,openout<=0.01,0.020185431757125158
339,336,0.9911504424778761,0.008849557522123894,3,0.590625,0.9998779296875,SigLIP2,0.5296875,best_ood:one_vs_rest,0.0,0.772236267524707,0.984375,siglip2_best_ood,0.25,0.06875,0.2550700484989377,44,0.4015625,257,435.09999999999997,2,0.525,mild,openout<=0.01,0.005076098054730645
380,378,0.9947368421052631,0.005263157894736842,2,0.42857142857142855,0.9977366129557291,dino+siglip2+openclip,0.42410714285714285,learned_selective_risk+semantic_harq_refine,0.0,0.863802559414991,1.0,opensemcom,0.5,0.004464285714285714,0.24999983101003864,4,0.5714285714285714,512,437.59999999999997,1,0.421875,medium,openout<=0.01,0.0
384,381,0.9921875,0.0078125,3,0.42857142857142855,0.9960403442382812,dino+siglip2+openclip,0.42857142857142855,learned_selective_risk+semantic_harq_refine,0.0026041666666666665,0.8664998862861041,1.0,opensemcom,0.5,0.0033482142857142855,0.24999965122697632,3,0.5680803571428571,509,439.70000000000005,2,0.4252232142857143,medium,openout<=0.01,0.0
376,373,0.9920212765957447,0.007978723404255319,3,0.42857142857142855,0.999420166015625,dino+siglip2+openclip,0.41964285714285715,learned_risk_head_only,0.0,0.8224917309812569,1.0,opensemcom_risk_head,0.5,0.018973214285714284,0.250831461121561,17,0.5613839285714286,503,453.5,0,0.41629464285714285,medium,openout<=0.01,0.0008326234121341246
376,374,0.9946808510638298,0.005319148936170213,2,0.42745535714285715,0.9994964599609375,dino+siglip2+openclip,0.41964285714285715,learned_risk_head_only,0.0026041666666666665,0.827433628318584,0.9973958333333334,opensemcom_risk_head,0.5,0.017857142857142856,0.2523590648313984,16,0.5625,504,452.0,1,0.4174107142857143,medium,openout<=0.01,0.002361016883514821
376,374,0.9946808510638298,0.005319148936170213,2,0.42745535714285715,0.9985707600911459,dino+siglip2+openclip,0.41964285714285715,learned_risk_head_only,0.005208333333333333,0.827433628318584,0.9973958333333334,opensemcom_risk_head,0.5,0.017857142857142856,0.25107965393108317,16,0.5625,504,452.0,2,0.4174107142857143,medium,openout<=0.01,0.0010807417158503027
385,382,0.9922077922077922,0.007792207792207792,3,0.42857142857142855,0.999847412109375,dino+siglip2+openclip,0.4296875,mixed_open_calibration,0.0,0.8640579054512555,1.0,opensemcom_calibrated,0.5,0.004464285714285714,0.3492877070759022,4,0.5658482142857143,507,442.09999999999997,0,0.4263392857142857,medium,openout<=0.01,0.09929176101876713
376,375,0.9973404255319149,0.0026595744680851063,1,0.42857142857142855,0.9997151692708334,dino+siglip2+openclip,0.41964285714285715,mixed_open_calibration,0.0,0.8610792192881745,1.0,opensemcom_calibrated,0.5,0.005580357142857143,0.2993780335711382,5,0.5747767857142857,515,435.5,1,0.4185267857142857,medium,openout<=0.01,0.04938210017289247
376,376,1.0,0.0,0,0.42857142857142855,0.9989369710286459,dino+siglip2+openclip,0.41964285714285715,mixed_open_calibration,0.0026041666666666665,0.8545454545454545,1.0,opensemcom_calibrated,0.5,0.008928571428571428,0.2645152764106877,8,0.5714285714285714,512,440.0,2,0.41964285714285715,medium,openout<=0.01,0.014521074236179415
380,378,0.9947368421052631,0.005263157894736842,2,0.42857142857142855,0.9977366129557291,dino+siglip2+openclip,0.42410714285714285,semantic_harq_refine,0.0,0.863802559414991,1.0,opensemcom_harq_refine,0.5,0.004464285714285714,0.24999983101003864,4,0.5714285714285714,512,437.59999999999997,1,0.421875,medium,openout<=0.01,0.0
384,381,0.9921875,0.0078125,3,0.42857142857142855,0.9960352579752604,dino+siglip2+openclip,0.42857142857142855,semantic_harq_refine,0.0026041666666666665,0.8664998862861041,1.0,opensemcom_harq_refine,0.5,0.0033482142857142855,0.24999965122697348,3,0.5680803571428571,509,439.70000000000005,2,0.4252232142857143,medium,openout<=0.01,0.0
385,382,0.9922077922077922,0.007792207792207792,3,0.4263392857142857,0.9997711181640625,DINOv3,0.4296875,one_vs_rest,0.0,0.8699612844454566,0.9947916666666666,dino_one_vs_rest,0.5,0.002232142857142857,0.40830831211028595,2,0.5680803571428571,509,439.1,0,0.4263392857142857,medium,openout<=0.01,0.15832580110882005
385,383,0.9948051948051948,0.005194805194805195,2,0.42745535714285715,1.0,DINOv3,0.4296875,one_vs_rest,0.0,0.8722386700068321,0.9973958333333334,dino_one_vs_rest,0.5,0.002232142857142857,0.6435987695736988,2,0.5680803571428571,509,439.1,1,0.42745535714285715,medium,openout<=0.01,0.393617387582377
367,365,0.9945504087193461,0.005449591280653951,2,0.4252232142857143,0.9997660319010416,DINOv3,0.4095982142857143,one_vs_rest,0.0,0.8112913980884642,0.9921875,dino_one_vs_rest,0.5,0.022321428571428572,0.25902314463294984,20,0.5680803571428571,509,449.9,2,0.40736607142857145,medium,openout<=0.01,0.009037479116953885
385,383,0.9948051948051948,0.005194805194805195,2,0.42857142857142855,0.9998779296875,OpenCLIP-DFN5B,0.4296875,best_ood:one_vs_rest,0.0,0.8752285191956124,1.0,openclip_best_ood,0.5,0.0011160714285714285,0.43259130609474644,1,0.5691964285714286,510,437.6,0,0.42745535714285715,medium,openout<=0.01,0.18259966681253864
385,382,0.9922077922077922,0.007792207792207792,3,0.42857142857142855,0.9998931884765625,OpenCLIP-DFN5B,0.4296875,best_ood:one_vs_rest,0.0,0.8699612844454566,1.0,openclip_best_ood,0.5,0.002232142857142857,0.5947636452683416,2,0.5680803571428571,509,439.1,1,0.4263392857142857,medium,openout<=0.01,0.3447702630952472
385,382,0.9922077922077922,0.007792207792207792,3,0.42745535714285715,0.9992879231770834,OpenCLIP-DFN5B,0.4296875,best_ood:one_vs_rest,0.0026041666666666665,0.3176451022783968,0.9973958333333334,openclip_best_ood,0.5,0.5703125,0.9999999999420772,511,0.0,0,1202.6,2,0.4263392857142857,medium,openout<=0.01,0.7702821734961719
376,375,0.9973404255319149,0.0026595744680851063,1,0.42745535714285715,0.9997406005859375,SigLIP2,0.41964285714285715,best_ood:one_vs_rest,0.0,0.843644544431946,0.9973958333333334,siglip2_best_ood,0.5,0.012276785714285714,0.269541680164283,11,0.5680803571428571,509,444.5,0,0.4185267857142857,medium,openout<=0.01,0.019548892015593844
359,356,0.9916434540389972,0.008356545961002786,3,0.4252232142857143,0.9998575846354166,SigLIP2,0.40066964285714285,best_ood:one_vs_rest,0.0,0.790759662372279,0.9921875,siglip2_best_ood,0.5,0.027901785714285716,0.25721851796549416,25,0.5714285714285714,512,450.2,1,0.39732142857142855,medium,openout<=0.01,0.007225433833670196
323,321,0.9938080495356038,0.006191950464396285,2,0.421875,0.9995473225911459,SigLIP2,0.36049107142857145,best_ood:one_vs_rest,0.0,0.6760741364785172,0.984375,siglip2_best_ood,0.5,0.0703125,0.25300294420547653,63,0.5691964285714286,510,474.8,2,0.35825892857142855,medium,openout<=0.01,0.0030111376953937193
256,254,0.9921875,0.0078125,2,0.25,0.9985809326171875,dino+siglip2+openclip,0.25,learned_selective_risk+semantic_harq_refine,0.0,0.743124634289058,1.0,opensemcom,0.75,0.005859375,0.24999987123695555,6,0.744140625,762,341.8,2,0.248046875,hard,openout<=0.01,0.0
226,224,0.9911504424778761,0.008849557522123894,2,0.25,0.9976654052734375,dino+siglip2+openclip,0.220703125,learned_risk_head_only,0.0,0.6000535762121618,1.0,opensemcom_risk_head,0.75,0.0439453125,0.2500859724299517,45,0.7353515625,753,373.3,0,0.21875,hard,openout<=0.01,8.802879019640387e-05
246,246,1.0,0.0,0,0.2490234375,0.9995320638020834,dino+siglip2+openclip,0.240234375,learned_risk_head_only,0.0,0.7012542759407069,0.99609375,opensemcom_risk_head,0.75,0.017578125,0.25051426256541165,18,0.7421875,760,350.8,1,0.240234375,hard,openout<=0.01,0.0005174961173906908
246,244,0.991869918699187,0.008130081300813009,2,0.25,0.9992116292317709,dino+siglip2+openclip,0.240234375,learned_risk_head_only,0.00390625,0.6925915413000284,1.0,opensemcom_risk_head,0.75,0.0185546875,0.25076102403923867,19,0.7412109375,759,352.29999999999995,2,0.23828125,hard,openout<=0.01,0.0007630356959998606
246,244,0.991869918699187,0.008130081300813009,2,0.25,0.9985758463541666,dino+siglip2+openclip,0.240234375,mixed_open_calibration,0.0,0.6955530216647662,1.0,opensemcom_calibrated,0.75,0.017578125,0.25580001330480295,18,0.7421875,760,350.8,0,0.23828125,hard,openout<=0.01,0.005816430435168269
246,246,1.0,0.0,0,0.25,0.9996744791666666,dino+siglip2+openclip,0.240234375,mixed_open_calibration,0.0,0.7293210791580197,1.0,opensemcom_calibrated,0.75,0.0087890625,0.2544807768454448,9,0.7509765625,769,337.29999999999995,1,0.240234375,hard,openout<=0.01,0.0044910257663820395
256,254,0.9921875,0.0078125,2,0.25,0.9998677571614584,dino+siglip2+openclip,0.25,mixed_open_calibration,0.0,0.7464002350866882,1.0,opensemcom_calibrated,0.75,0.0048828125,0.40198478884091676,5,0.7451171875,763,340.3,2,0.248046875,hard,openout<=0.01,0.15200618386824108
256,255,0.99609375,0.00390625,1,0.2490234375,0.9998575846354166,DINOv3,0.25,one_vs_rest,0.0,0.7593805836807623,0.99609375,dino_one_vs_rest,0.75,0.001953125,0.46416186338762355,2,0.748046875,766,335.8,0,0.2490234375,hard,openout<=0.01,0.2142304988162021
256,254,0.9921875,0.0078125,2,0.25,0.9998881022135416,DINOv3,0.25,one_vs_rest,0.0,0.7497048406139316,1.0,dino_one_vs_rest,0.75,0.00390625,0.387363351203775,4,0.74609375,764,338.79999999999995,1,0.248046875,hard,openout<=0.01,0.13741960671700199
246,244,0.991869918699187,0.008130081300813009,2,0.2470703125,0.9999593098958334,DINOv3,0.240234375,one_vs_rest,0.0,0.7107486163705213,0.98828125,dino_one_vs_rest,0.75,0.0126953125,0.2626525668244136,13,0.7470703125,765,343.3,2,0.23828125,hard,openout<=0.01,0.012699315719810774
256,254,0.9921875,0.0078125,2,0.25,0.9996287027994791,OpenCLIP-DFN5B,0.25,best_ood:one_vs_rest,0.0,0.7497048406139316,1.0,openclip_best_ood,0.75,0.00390625,0.30628504585063016,4,0.74609375,764,338.79999999999995,0,0.248046875,hard,openout<=0.01,0.05631116590672207
256,254,0.9921875,0.0078125,2,0.25,0.9998779296875,OpenCLIP-DFN5B,0.25,best_ood:one_vs_rest,0.0,0.7464002350866882,1.0,openclip_best_ood,0.75,0.0048828125,0.5761280885774368,5,0.7451171875,763,340.3,1,0.248046875,hard,openout<=0.01,0.32614742287221854
256,254,0.9921875,0.0078125,2,0.25,0.99993896484375,OpenCLIP-DFN5B,0.25,best_ood:one_vs_rest,0.0,0.7530388378298251,1.0,openclip_best_ood,0.75,0.0029296875,0.501334318195605,3,0.7470703125,765,337.3,2,0.248046875,hard,openout<=0.01,0.2513677034437161
256,254,0.9921875,0.0078125,2,0.2490234375,0.9997406005859375,SigLIP2,0.25,best_ood:one_vs_rest,0.0,0.7366589327146171,0.99609375,siglip2_best_ood,0.75,0.0078125,0.2818410777627006,8,0.7421875,760,344.8,0,0.248046875,hard,openout<=0.01,0.031868590940352444
103,102,0.9902912621359223,0.009708737864077669,1,0.2470703125,0.9999033610026041,SigLIP2,0.1005859375,best_ood:one_vs_rest,0.0,0.2368787738039944,0.98828125,siglip2_best_ood,0.75,0.1533203125,0.2500822185995481,157,0.74609375,764,430.6,1,0.099609375,hard,openout<=0.01,0.0001099903694256592
215,213,0.9906976744186047,0.009302325581395349,2,0.2470703125,0.9997304280598959,SigLIP2,0.2099609375,best_ood:one_vs_rest,0.0,0.5910099889012208,0.98828125,siglip2_best_ood,0.75,0.0419921875,0.2535949751564698,43,0.748046875,766,360.40000000000003,2,0.2080078125,hard,openout<=0.01,0.003629740221842105
82,82,1.0,0.0,0,0.08984375,0.9997200970330286,dino+siglip2+openclip,0.080078125,learned_risk_head_only,0.0,0.38917892738490745,1.0,opensemcom_risk_head,0.91,0.0224609375,0.21344919909024612,23,0.8974609375,919,210.70000000000002,0,0.080078125,extreme,openout<=0.01,6.175447488203645e-05
82,82,1.0,0.0,0,0.08984375,0.9998717111401381,dino+siglip2+openclip,0.080078125,learned_risk_head_only,0.0,0.38917892738490745,1.0,opensemcom_risk_head,0.91,0.0224609375,0.22846070367028004,23,0.8974609375,919,210.70000000000002,1,0.080078125,extreme,openout<=0.01,0.00012127000023610894
62,62,1.0,0.0,0,0.08984375,0.9988220750139951,dino+siglip2+openclip,0.060546875,learned_risk_head_only,0.010869565217391304,0.28810408921933084,1.0,opensemcom_risk_head,0.91,0.037109375,0.16971049819148903,38,0.90234375,924,215.20000000000002,2,0.060546875,extreme,openout<=0.01,3.324065364722627e-05
82,82,1.0,0.0,0,0.08984375,0.9999183616346333,dino+siglip2+openclip,0.080078125,mixed_open_calibration,0.0,0.42224510813594235,1.0,opensemcom_calibrated,0.91,0.01171875,0.09826710046471752,12,0.908203125,930,194.2,0,0.080078125,extreme,openout<=0.01,0.0011266437151686928
82,82,1.0,0.0,0,0.08984375,0.9999766747527524,dino+siglip2+openclip,0.080078125,mixed_open_calibration,0.0,0.425531914893617,1.0,opensemcom_calibrated,0.91,0.0107421875,0.06374867292187765,11,0.9091796875,931,192.7,1,0.080078125,extreme,openout<=0.01,0.0012012910645615266
82,82,1.0,0.0,0,0.08984375,0.9997784101511477,dino+siglip2+openclip,0.080078125,mixed_open_calibration,0.0,0.42224510813594235,1.0,opensemcom_calibrated,0.91,0.01171875,0.07574482369788721,12,0.908203125,930,194.2,2,0.080078125,extreme,openout<=0.01,0.0034572605126607044
41,41,1.0,0.0,0,0.0888671875,0.9999416868818809,DINOv3,0.0400390625,one_vs_rest,0.0,0.18738574040219377,0.9891304347826086,dino_one_vs_rest,0.91,0.0517578125,0.08985778960978223,53,0.908203125,930,218.8,0,0.0400390625,extreme,openout<=0.01,0.00033394768402202497
62,62,1.0,0.0,0,0.0888671875,1.0,DINOv3,0.060546875,one_vs_rest,0.0,0.3073872087258304,0.9891304347826086,dino_one_vs_rest,0.91,0.0283203125,0.079402767710895,29,0.9111328125,933,201.70000000000002,1,0.060546875,extreme,openout<=0.01,0.000709399188119933
82,82,1.0,0.0,0,0.0888671875,0.9999766747527524,DINOv3,0.080078125,one_vs_rest,0.0,0.4288702928870293,0.9891304347826086,dino_one_vs_rest,0.91,0.009765625,0.07832285721113733,10,0.91015625,932,191.2,2,0.080078125,extreme,openout<=0.01,0.0049410498664335615
82,82,1.0,0.0,0,0.08984375,0.9999066990110095,OpenCLIP-DFN5B,0.080078125,best_ood:one_vs_rest,0.0,0.4288702928870293,1.0,openclip_best_ood,0.91,0.009765625,0.07561556208171807,10,0.91015625,932,191.2,0,0.080078125,extreme,openout<=0.01,0.002509152957674627
82,82,1.0,0.0,0,0.08984375,0.9999766747527524,OpenCLIP-DFN5B,0.080078125,best_ood:one_vs_rest,0.0,0.4288702928870293,1.0,openclip_best_ood,0.91,0.009765625,0.0513938985838519,10,0.91015625,932,191.2,1,0.080078125,extreme,openout<=0.01,0.0013938985838518952
82,82,1.0,0.0,0,0.08984375,0.9998250606456428,OpenCLIP-DFN5B,0.080078125,best_ood:one_vs_rest,0.0,0.4288702928870293,1.0,openclip_best_ood,0.91,0.009765625,0.052844965227860044,10,0.91015625,932,191.2,2,0.080078125,extreme,openout<=0.01,0.0028449652278600395
82,82,1.0,0.0,0,0.08984375,0.9995568203022952,SigLIP2,0.080078125,best_ood:one_vs_rest,0.0,0.4190086867654574,1.0,siglip2_best_ood,0.91,0.0126953125,0.11857142697748115,13,0.9072265625,929,195.7,0,0.080078125,extreme,openout<=0.01,0.007932784294298409
82,82,1.0,0.0,0,0.08984375,1.0,SigLIP2,0.080078125,best_ood:one_vs_rest,0.0,0.43226146547179756,1.0,siglip2_best_ood,0.91,0.0087890625,0.05405479719154344,9,0.9111328125,933,189.70000000000002,1,0.080078125,extreme,openout<=0.01,0.00405479719154344
82,82,1.0,0.0,0,0.08984375,0.9999766747527524,SigLIP2,0.080078125,best_ood:one_vs_rest,0.0,0.4357066950053135,1.0,siglip2_best_ood,0.91,0.0078125,0.06047357170195592,8,0.912109375,934,188.2,2,0.080078125,extreme,openout<=0.01,0.007660722115586336
384,384,1.0,0.0,0,0.6,1.0,dino+siglip2+openclip,0.6,learned_selective_risk+semantic_harq_refine,0.0,0.9340792994405254,1.0,opensemcom,0.25,0.0015625,0.24999951042100452,1,0.3984375,255,411.1,0,0.6,mild,openout<=0.02,0.0
384,380,0.9895833333333334,0.010416666666666666,4,0.6,0.9937642415364584,dino+siglip2+openclip,0.6,learned_selective_risk+semantic_harq_refine,0.0026041666666666665,0.9077878643096033,1.0,opensemcom,0.25,0.009375,0.8122030496850973,6,0.390625,250,418.6,1,0.59375,mild,openout<=0.02,0.5622034118849252
390,383,0.982051282051282,0.017948717948717947,7,0.6,0.9971771240234375,dino+siglip2+openclip,0.609375,learned_selective_risk+semantic_harq_refine,0.0026041666666666665,0.48481012658227846,1.0,opensemcom,0.25,0.390625,0.9999998976631478,250,0.0,0,790.0,2,0.5984375,mild,openout<=0.02,0.965561536101295
390,384,0.9846153846153847,0.015384615384615385,6,0.6,0.99993896484375,dino+siglip2+openclip,0.609375,learned_risk_head_only,0.0,0.9153754469606674,1.0,opensemcom_risk_head,0.25,0.0046875,0.9198606377839964,3,0.3859375,247,419.5,0,0.6,mild,openout<=0.02,0.6698616510629576
384,380,0.9895833333333334,0.010416666666666666,4,0.5984375,0.9991658528645834,dino+siglip2+openclip,0.6,learned_risk_head_only,0.005208333333333333,0.9243493067380198,0.9973958333333334,opensemcom_risk_head,0.25,0.0015625,0.5557207047939259,1,0.3984375,255,411.1,1,0.59375,mild,openout<=0.02,0.3057223588228184
384,381,0.9921875,0.0078125,3,0.5984375,0.9984944661458334,dino+siglip2+openclip,0.6,learned_risk_head_only,0.0026041666666666665,0.9267818049136463,0.9973958333333334,opensemcom_risk_head,0.25,0.0015625,0.3325611770153034,1,0.3984375,255,411.1,2,0.5953125,mild,openout<=0.02,0.08256219029426462
384,384,1.0,0.0,0,0.6,1.0,dino+siglip2+openclip,0.6,mixed_open_calibration,0.0,0.9340792994405254,1.0,opensemcom_calibrated,0.25,0.0015625,0.44975405363027643,1,0.3984375,255,411.1,0,0.6,mild,openout<=0.02,0.1997568314536327
390,383,0.982051282051282,0.017948717948717947,7,0.6,0.99957275390625,dino+siglip2+openclip,0.609375,mixed_open_calibration,0.0,0.48481012658227846,1.0,opensemcom_calibrated,0.25,0.390625,0.9999999999964924,250,0.0,0,790.0,1,0.5984375,mild,openout<=0.02,0.9357277781217712
390,383,0.982051282051282,0.017948717948717947,7,0.6,0.99908447265625,dino+siglip2+openclip,0.609375,mixed_open_calibration,0.0026041666666666665,0.48481012658227846,1.0,opensemcom_calibrated,0.25,0.390625,0.9999999985568071,250,0.0,0,790.0,2,0.5984375,mild,openout<=0.02,0.9569001861258501
384,384,1.0,0.0,0,0.6,1.0,dino+siglip2+openclip,0.6,semantic_harq_refine,0.0,0.9340792994405254,1.0,opensemcom_harq_refine,0.25,0.0015625,0.24999951042100077,1,0.3984375,255,411.1,0,0.6,mild,openout<=0.02,0.0
384,380,0.9895833333333334,0.010416666666666666,4,0.6,0.9937642415364584,dino+siglip2+openclip,0.6,semantic_harq_refine,0.0026041666666666665,0.9176527408838444,1.0,opensemcom_harq_refine,0.25,0.0046875,0.7536045521928774,3,0.3953125,253,414.1,1,0.59375,mild,openout<=0.02,0.5036049143927053
390,383,0.982051282051282,0.017948717948717947,7,0.6,0.9971669514973959,dino+siglip2+openclip,0.609375,semantic_harq_refine,0.0026041666666666665,0.48481012658227846,1.0,opensemcom_harq_refine,0.25,0.390625,0.9999998976631478,250,0.0,0,790.0,2,0.5984375,mild,openout<=0.02,0.9655615305250786
384,382,0.9947916666666666,0.005208333333333333,2,0.596875,0.9999898274739584,DINOv3,0.6,one_vs_rest,0.0,0.9060721062618595,0.9947916666666666,dino_one_vs_rest,0.25,0.0125,0.9493115539944347,8,0.3875,248,421.6,0,0.596875,mild,openout<=0.02,0.6993250306684891
384,383,0.9973958333333334,0.0026041666666666665,1,0.5984375,1.0,DINOv3,0.6,one_vs_rest,0.0,0.924897367785559,0.9973958333333334,dino_one_vs_rest,0.25,0.0046875,0.6692695356539686,3,0.3953125,253,414.1,1,0.5984375,mild,openout<=0.02,0.4192826309580401
384,380,0.9895833333333334,0.010416666666666666,4,0.5953125,0.999969482421875,DINOv3,0.6,one_vs_rest,0.0,0.9143407122232917,0.9921875,dino_one_vs_rest,0.25,0.00625,0.8369593651718356,4,0.39375,252,415.59999999999997,2,0.59375,mild,openout<=0.02,0.5869726275723457
384,384,1.0,0.0,0,0.6,1.0,OpenCLIP-DFN5B,0.6,best_ood:one_vs_rest,0.0,0.9273122434194638,1.0,openclip_best_ood,0.25,0.0046875,0.5061142995012269,3,0.3953125,253,414.1,0,0.6,mild,openout<=0.02,0.2561195457255636
390,384,0.9846153846153847,0.015384615384615385,6,0.6,0.99847412109375,OpenCLIP-DFN5B,0.609375,best_ood:one_vs_rest,0.0,0.4860759493670886,1.0,openclip_best_ood,0.25,0.390625,0.9999999998925508,250,0.0,0,790.0,1,0.6,mild,openout<=0.02,0.9104905359628849
390,383,0.982051282051282,0.017948717948717947,7,0.5984375,0.9991861979166666,OpenCLIP-DFN5B,0.609375,best_ood:one_vs_rest,0.0026041666666666665,0.48481012658227846,0.9973958333333334,openclip_best_ood,0.25,0.390625,0.9999999988152088,250,0.0,0,790.0,2,0.5984375,mild,openout<=0.02,0.9520021461908431
384,380,0.9895833333333334,0.010416666666666666,4,0.5984375,0.9998067220052084,SigLIP2,0.6,best_ood:one_vs_rest,0.0,0.4788306451612903,0.9973958333333334,siglip2_best_ood,0.25,0.4,0.9999999991421626,256,0.0,0,793.6,0,0.59375,mild,openout<=0.02,0.8676916918427744
384,380,0.9895833333333334,0.010416666666666666,4,0.5953125,0.9999593098958334,SigLIP2,0.6,best_ood:one_vs_rest,0.0,0.920988851187591,0.9921875,siglip2_best_ood,0.25,0.003125,0.6256553277544175,2,0.396875,254,412.59999999999997,1,0.59375,mild,openout<=0.02,0.37566055800107584
384,377,0.9817708333333334,0.018229166666666668,7,0.590625,0.9998779296875,SigLIP2,0.6,best_ood:one_vs_rest,0.0,0.9170518122111407,0.984375,siglip2_best_ood,0.25,0.0015625,0.6701100571941536,1,0.3984375,255,411.1,2,0.5890625,mild,openout<=0.02,0.4201161067499466
388,384,0.9896907216494846,0.010309278350515464,4,0.42857142857142855,0.99609375,dino+siglip2+openclip,0.4330357142857143,learned_selective_risk+semantic_harq_refine,0.0,0.8751139471285323,1.0,opensemcom,0.5,0.0,0.24999988062203168,0,0.5669642857142857,508,438.8,0,0.42857142857142855,medium,openout<=0.02,0.0
385,380,0.987012987012987,0.012987012987012988,5,0.42857142857142855,0.9977366129557291,dino+siglip2+openclip,0.4296875,learned_selective_risk+semantic_harq_refine,0.0,0.850873264666368,1.0,opensemcom,0.5,0.0078125,0.6191444895586131,7,0.5625,504,446.6,1,0.42410714285714285,medium,openout<=0.02,0.3691446585485745
384,381,0.9921875,0.0078125,3,0.42857142857142855,0.9960403442382812,dino+siglip2+openclip,0.42857142857142855,learned_selective_risk+semantic_harq_refine,0.0026041666666666665,0.8664998862861041,1.0,opensemcom,0.5,0.0033482142857142855,0.24999965122697632,3,0.5680803571428571,509,439.70000000000005,2,0.4252232142857143,medium,openout<=0.02,0.0
385,379,0.9844155844155844,0.015584415584415584,6,0.42857142857142855,0.999420166015625,dino+siglip2+openclip,0.4296875,learned_risk_head_only,0.0,0.8457933496987279,1.0,opensemcom_risk_head,0.5,0.008928571428571428,0.26381193269044156,8,0.5613839285714286,503,448.1,0,0.42299107142857145,medium,openout<=0.02,0.013813094981014656
385,379,0.9844155844155844,0.015584415584415584,6,0.42745535714285715,0.9994964599609375,dino+siglip2+openclip,0.4296875,learned_risk_head_only,0.0026041666666666665,0.8486341244961935,0.9973958333333334,opensemcom_risk_head,0.5,0.0078125,0.29691344778984724,7,0.5625,504,446.6,1,0.42299107142857145,medium,openout<=0.02,0.04691539984196362
385,380,0.987012987012987,0.012987012987012988,5,0.42745535714285715,0.9985707600911459,dino+siglip2+openclip,0.4296875,learned_risk_head_only,0.005208333333333333,0.850873264666368,0.9973958333333334,opensemcom_risk_head,0.5,0.0078125,0.2935131265781812,7,0.5625,504,446.6,2,0.42410714285714285,medium,openout<=0.02,0.04351421436294833
385,382,0.9922077922077922,0.007792207792207792,3,0.42857142857142855,0.999847412109375,dino+siglip2+openclip,0.4296875,mixed_open_calibration,0.0,0.8640579054512555,1.0,opensemcom_calibrated,0.5,0.004464285714285714,0.3492877070759022,4,0.5658482142857143,507,442.09999999999997,0,0.4263392857142857,medium,openout<=0.02,0.09929176101876713
385,380,0.987012987012987,0.012987012987012988,5,0.42857142857142855,0.9997151692708334,dino+siglip2+openclip,0.4296875,mixed_open_calibration,0.0,0.3159820389156827,1.0,opensemcom_calibrated,0.5,0.5703125,0.9999999999590952,511,0.0,0,1202.6,1,0.42410714285714285,medium,openout<=0.02,0.7940237587983351
385,381,0.9896103896103896,0.01038961038961039,4,0.42857142857142855,0.9989369710286459,dino+siglip2+openclip,0.4296875,mixed_open_calibration,0.0026041666666666665,0.8531124048365427,1.0,opensemcom_calibrated,0.5,0.0078125,0.6770185760006737,7,0.5625,504,446.6,2,0.4252232142857143,medium,openout<=0.02,0.4270243738261655
388,384,0.9896907216494846,0.010309278350515464,4,0.42857142857142855,0.99609375,dino+siglip2+openclip,0.4330357142857143,semantic_harq_refine,0.0,0.8691715708465368,1.0,opensemcom_harq_refine,0.5,0.002232142857142857,0.24999988062203043,2,0.5647321428571429,506,441.8,0,0.42857142857142855,medium,openout<=0.02,0.0
385,380,0.987012987012987,0.012987012987012988,5,0.42857142857142855,0.9977366129557291,dino+siglip2+openclip,0.4296875,semantic_harq_refine,0.0,0.850873264666368,1.0,opensemcom_harq_refine,0.5,0.0078125,0.5466559489001901,7,0.5625,504,446.6,1,0.42410714285714285,medium,openout<=0.02,0.2966561178901514
384,381,0.9921875,0.0078125,3,0.42857142857142855,0.9960352579752604,dino+siglip2+openclip,0.42857142857142855,semantic_harq_refine,0.0026041666666666665,0.8664998862861041,1.0,opensemcom_harq_refine,0.5,0.0033482142857142855,0.24999965122697348,3,0.5680803571428571,509,439.70000000000005,2,0.4252232142857143,medium,openout<=0.02,0.0
385,382,0.9922077922077922,0.007792207792207792,3,0.4263392857142857,0.9997711181640625,DINOv3,0.4296875,one_vs_rest,0.0,0.8699612844454566,0.9947916666666666,dino_one_vs_rest,0.5,0.002232142857142857,0.40830831211028595,2,0.5680803571428571,509,439.1,0,0.4263392857142857,medium,openout<=0.02,0.15832580110882005
385,383,0.9948051948051948,0.005194805194805195,2,0.42745535714285715,1.0,DINOv3,0.4296875,one_vs_rest,0.0,0.8722386700068321,0.9973958333333334,dino_one_vs_rest,0.5,0.002232142857142857,0.6435987695736988,2,0.5680803571428571,509,439.1,1,0.42745535714285715,medium,openout<=0.02,0.393617387582377
385,379,0.9844155844155844,0.015584415584415584,6,0.4252232142857143,0.9997660319010416,DINOv3,0.4296875,one_vs_rest,0.0,0.8601906491148433,0.9921875,dino_one_vs_rest,0.5,0.0033482142857142855,0.37076958222793016,3,0.5669642857142857,508,440.6,2,0.42299107142857145,medium,openout<=0.02,0.12078391671193421
385,383,0.9948051948051948,0.005194805194805195,2,0.42857142857142855,0.9998779296875,OpenCLIP-DFN5B,0.4296875,best_ood:one_vs_rest,0.0,0.8752285191956124,1.0,openclip_best_ood,0.5,0.0011160714285714285,0.43259130609474644,1,0.5691964285714286,510,437.6,0,0.42745535714285715,medium,openout<=0.02,0.18259966681253864
385,382,0.9922077922077922,0.007792207792207792,3,0.42857142857142855,0.9998931884765625,OpenCLIP-DFN5B,0.4296875,best_ood:one_vs_rest,0.0,0.8699612844454566,1.0,openclip_best_ood,0.5,0.002232142857142857,0.5947636452683416,2,0.5680803571428571,509,439.1,1,0.4263392857142857,medium,openout<=0.02,0.3447702630952472
385,382,0.9922077922077922,0.007792207792207792,3,0.42745535714285715,0.9992879231770834,OpenCLIP-DFN5B,0.4296875,best_ood:one_vs_rest,0.0026041666666666665,0.3176451022783968,0.9973958333333334,openclip_best_ood,0.5,0.5703125,0.9999999999420772,511,0.0,0,1202.6,2,0.4263392857142857,medium,openout<=0.02,0.7702821734961719
385,380,0.987012987012987,0.012987012987012988,5,0.42745535714285715,0.9997406005859375,SigLIP2,0.4296875,best_ood:one_vs_rest,0.0,0.8595340420719295,0.9973958333333334,siglip2_best_ood,0.5,0.004464285714285714,0.44531578726788223,4,0.5658482142857143,507,442.09999999999997,0,0.42410714285714285,medium,openout<=0.02,0.1953229991191931
385,380,0.987012987012987,0.012987012987012988,5,0.4252232142857143,0.9998575846354166,SigLIP2,0.4296875,best_ood:one_vs_rest,0.0,0.8566275924256086,0.9921875,siglip2_best_ood,0.5,0.005580357142857143,0.7090667887642286,5,0.5647321428571429,506,443.6,1,0.42410714285714285,medium,openout<=0.02,0.45907370463240466
376,371,0.9867021276595744,0.013297872340425532,5,0.421875,0.9995473225911459,SigLIP2,0.41964285714285715,best_ood:one_vs_rest,0.0,0.8346456692913385,0.984375,siglip2_best_ood,0.5,0.012276785714285714,0.28797949588750926,11,0.5680803571428571,509,444.5,2,0.4140625,medium,openout<=0.02,0.03798768937742645
256,253,0.98828125,0.01171875,3,0.25,0.9976959228515625,dino+siglip2+openclip,0.25,learned_selective_risk+semantic_harq_refine,0.0,0.7434616514839847,1.0,opensemcom,0.75,0.0048828125,0.29507749318584175,5,0.7451171875,763,340.3,1,0.2470703125,hard,openout<=0.02,0.04507759966726643
256,254,0.9921875,0.0078125,2,0.25,0.9985809326171875,dino+siglip2+openclip,0.25,learned_selective_risk+semantic_harq_refine,0.0,0.743124634289058,1.0,opensemcom,0.75,0.005859375,0.24999987123695555,6,0.744140625,762,341.8,2,0.248046875,hard,openout<=0.02,0.0
236,233,0.9872881355932204,0.012711864406779662,3,0.25,0.9976654052734375,dino+siglip2+openclip,0.23046875,learned_risk_head_only,0.0,0.6343588347399945,1.0,opensemcom_risk_head,0.75,0.0341796875,0.25017270230338906,35,0.7353515625,753,367.3,0,0.2275390625,hard,openout<=0.02,0.00017475866363383857
256,252,0.984375,0.015625,4,0.2490234375,0.9995320638020834,dino+siglip2+openclip,0.25,learned_risk_head_only,0.0,0.7308584686774942,0.99609375,opensemcom_risk_head,0.75,0.0078125,0.25545303616672754,8,0.7421875,760,344.8,1,0.24609375,hard,openout<=0.02,0.005456269718706608
256,252,0.984375,0.015625,4,0.25,0.9992116292317709,dino+siglip2+openclip,0.25,learned_risk_head_only,0.00390625,0.7276927519491772,1.0,opensemcom_risk_head,0.75,0.0087890625,0.26255376683548093,9,0.7412109375,759,346.29999999999995,2,0.24609375,hard,openout<=0.02,0.012555778492242098
256,251,0.98046875,0.01953125,5,0.25,0.9985758463541666,dino+siglip2+openclip,0.25,mixed_open_calibration,0.0,0.721679125934445,1.0,opensemcom_calibrated,0.75,0.009765625,0.319140899245262,10,0.740234375,758,347.8,0,0.2451171875,hard,openout<=0.02,0.06915731637562736
256,252,0.984375,0.015625,4,0.25,0.9996744791666666,dino+siglip2+openclip,0.25,mixed_open_calibration,0.0,0.7372732592159157,1.0,opensemcom_calibrated,0.75,0.005859375,0.5265348899782012,6,0.744140625,762,341.8,1,0.24609375,hard,openout<=0.02,0.2765451388991384
256,254,0.9921875,0.0078125,2,0.25,0.9998677571614584,dino+siglip2+openclip,0.25,mixed_open_calibration,0.0,0.7464002350866882,1.0,opensemcom_calibrated,0.75,0.0048828125,0.40198478884091676,5,0.7451171875,763,340.3,2,0.248046875,hard,openout<=0.02,0.15200618386824108
256,253,0.98828125,0.01171875,3,0.25,0.9976959228515625,dino+siglip2+openclip,0.25,semantic_harq_refine,0.0,0.7434616514839847,1.0,opensemcom_harq_refine,0.75,0.0048828125,0.268976980333439,5,0.7451171875,763,340.3,1,0.2470703125,hard,openout<=0.02,0.018977086814863656
258,254,0.9844961240310077,0.015503875968992248,4,0.25,0.997283935546875,dino+siglip2+openclip,0.251953125,semantic_harq_refine,0.0,0.7424729611224787,1.0,opensemcom_harq_refine,0.75,0.0048828125,0.24999987123695555,5,0.7431640625,761,342.1,2,0.248046875,hard,openout<=0.02,0.0
256,255,0.99609375,0.00390625,1,0.2490234375,0.9998575846354166,DINOv3,0.25,one_vs_rest,0.0,0.7593805836807623,0.99609375,dino_one_vs_rest,0.75,0.001953125,0.46416186338762355,2,0.748046875,766,335.8,0,0.2490234375,hard,openout<=0.02,0.2142304988162021
256,254,0.9921875,0.0078125,2,0.25,0.9998881022135416,DINOv3,0.25,one_vs_rest,0.0,0.7497048406139316,1.0,dino_one_vs_rest,0.75,0.00390625,0.387363351203775,4,0.74609375,764,338.79999999999995,1,0.248046875,hard,openout<=0.02,0.13741960671700199
256,252,0.984375,0.015625,4,0.2470703125,0.9999593098958334,DINOv3,0.25,one_vs_rest,0.0,0.7438016528925621,0.98828125,dino_one_vs_rest,0.75,0.00390625,0.3851762964727048,4,0.74609375,764,338.79999999999995,2,0.24609375,hard,openout<=0.02,0.13522304536810195
256,254,0.9921875,0.0078125,2,0.25,0.9996287027994791,OpenCLIP-DFN5B,0.25,best_ood:one_vs_rest,0.0,0.7497048406139316,1.0,openclip_best_ood,0.75,0.00390625,0.30628504585063016,4,0.74609375,764,338.79999999999995,0,0.248046875,hard,openout<=0.02,0.05631116590672207
256,254,0.9921875,0.0078125,2,0.25,0.9998779296875,OpenCLIP-DFN5B,0.25,best_ood:one_vs_rest,0.0,0.7464002350866882,1.0,openclip_best_ood,0.75,0.0048828125,0.5761280885774368,5,0.7451171875,763,340.3,1,0.248046875,hard,openout<=0.02,0.32614742287221854
256,254,0.9921875,0.0078125,2,0.25,0.99993896484375,OpenCLIP-DFN5B,0.25,best_ood:one_vs_rest,0.0,0.7530388378298251,1.0,openclip_best_ood,0.75,0.0029296875,0.501334318195605,3,0.7470703125,765,337.3,2,0.248046875,hard,openout<=0.02,0.2513677034437161
256,254,0.9921875,0.0078125,2,0.2490234375,0.9997406005859375,SigLIP2,0.25,best_ood:one_vs_rest,0.0,0.7366589327146171,0.99609375,siglip2_best_ood,0.75,0.0078125,0.2818410777627006,8,0.7421875,760,344.8,0,0.248046875,hard,openout<=0.02,0.031868590940352444
256,252,0.984375,0.015625,4,0.2470703125,0.9999033610026041,SigLIP2,0.25,best_ood:one_vs_rest,0.0,0.734051849694145,0.98828125,siglip2_best_ood,0.75,0.0068359375,0.45470478831391614,7,0.7431640625,761,343.3,1,0.24609375,hard,openout<=0.02,0.2047325600837937
246,243,0.9878048780487805,0.012195121951219513,3,0.2470703125,0.9997304280598959,SigLIP2,0.240234375,best_ood:one_vs_rest,0.0,0.7109420713867759,0.98828125,siglip2_best_ood,0.75,0.01171875,0.2672221434986344,12,0.748046875,766,341.8,2,0.2373046875,hard,openout<=0.02,0.017256908564006704
93,92,0.989247311827957,0.010752688172043012,1,0.08984375,0.9994635193133047,dino+siglip2+openclip,0.0908203125,learned_selective_risk+semantic_harq_refine,0.0,0.4789172306090577,1.0,opensemcom,0.91,0.00390625,0.14333816809294814,4,0.9052734375,927,192.10000000000002,1,0.08984375,extreme,openout<=0.02,0.0
82,82,1.0,0.0,0,0.08984375,0.9997200970330286,dino+siglip2+openclip,0.080078125,learned_risk_head_only,0.0,0.38917892738490745,1.0,opensemcom_risk_head,0.91,0.0224609375,0.21344919909024612,23,0.8974609375,919,210.70000000000002,0,0.080078125,extreme,openout<=0.02,6.175447488203645e-05
82,82,1.0,0.0,0,0.08984375,0.9998717111401381,dino+siglip2+openclip,0.080078125,learned_risk_head_only,0.0,0.38917892738490745,1.0,opensemcom_risk_head,0.91,0.0224609375,0.22846070367028004,23,0.8974609375,919,210.70000000000002,1,0.080078125,extreme,openout<=0.02,0.00012127000023610894
72,71,0.9861111111111112,0.013888888888888888,1,0.08984375,0.9988220750139951,dino+siglip2+openclip,0.0703125,learned_risk_head_only,0.010869565217391304,0.33938814531548755,1.0,opensemcom_risk_head,0.91,0.02734375,0.16973930313160962,28,0.90234375,924,209.20000000000002,2,0.0693359375,extreme,openout<=0.02,6.20455937678344e-05
82,82,1.0,0.0,0,0.08984375,0.9999183616346333,dino+siglip2+openclip,0.080078125,mixed_open_calibration,0.0,0.42224510813594235,1.0,opensemcom_calibrated,0.91,0.01171875,0.09826710046471752,12,0.908203125,930,194.2,0,0.080078125,extreme,openout<=0.02,0.0011266437151686928
93,92,0.989247311827957,0.010752688172043012,1,0.08984375,0.9999766747527524,dino+siglip2+openclip,0.0908203125,mixed_open_calibration,0.0,0.4943578721117678,1.0,opensemcom_calibrated,0.91,0.0,0.12464563111365606,0,0.9091796875,931,186.10000000000002,1,0.08984375,extreme,openout<=0.02,0.06209824925633994
82,82,1.0,0.0,0,0.08984375,0.9997784101511477,dino+siglip2+openclip,0.080078125,mixed_open_calibration,0.0,0.42224510813594235,1.0,opensemcom_calibrated,0.91,0.01171875,0.07574482369788721,12,0.908203125,930,194.2,2,0.080078125,extreme,openout<=0.02,0.0034572605126607044
82,81,0.9878048780487805,0.012195121951219513,1,0.0888671875,0.9999416868818809,DINOv3,0.080078125,one_vs_rest,0.0,0.4170957775489187,0.9891304347826086,dino_one_vs_rest,0.91,0.01171875,0.09293946587437597,12,0.908203125,930,194.2,0,0.0791015625,extreme,openout<=0.02,0.00341562394861576
82,81,0.9878048780487805,0.012195121951219513,1,0.0888671875,1.0,DINOv3,0.080078125,one_vs_rest,0.0,0.4269899841855561,0.9891304347826086,dino_one_vs_rest,0.91,0.0087890625,0.0835542735856061,9,0.9111328125,933,189.70000000000002,1,0.0791015625,extreme,openout<=0.02,0.0048609050628310516
82,82,1.0,0.0,0,0.0888671875,0.9999766747527524,DINOv3,0.080078125,one_vs_rest,0.0,0.4288702928870293,0.9891304347826086,dino_one_vs_rest,0.91,0.009765625,0.07832285721113733,10,0.91015625,932,191.2,2,0.080078125,extreme,openout<=0.02,0.0049410498664335615
82,82,1.0,0.0,0,0.08984375,0.9999066990110095,OpenCLIP-DFN5B,0.080078125,best_ood:one_vs_rest,0.0,0.4288702928870293,1.0,openclip_best_ood,0.91,0.009765625,0.07561556208171807,10,0.91015625,932,191.2,0,0.080078125,extreme,openout<=0.02,0.002509152957674627
82,82,1.0,0.0,0,0.08984375,0.9999766747527524,OpenCLIP-DFN5B,0.080078125,best_ood:one_vs_rest,0.0,0.4288702928870293,1.0,openclip_best_ood,0.91,0.009765625,0.0513938985838519,10,0.91015625,932,191.2,1,0.080078125,extreme,openout<=0.02,0.0013938985838518952
82,82,1.0,0.0,0,0.08984375,0.9998250606456428,OpenCLIP-DFN5B,0.080078125,best_ood:one_vs_rest,0.0,0.4288702928870293,1.0,openclip_best_ood,0.91,0.009765625,0.052844965227860044,10,0.91015625,932,191.2,2,0.080078125,extreme,openout<=0.02,0.0028449652278600395
82,82,1.0,0.0,0,0.08984375,0.9995568203022952,SigLIP2,0.080078125,best_ood:one_vs_rest,0.0,0.4190086867654574,1.0,siglip2_best_ood,0.91,0.0126953125,0.11857142697748115,13,0.9072265625,929,195.7,0,0.080078125,extreme,openout<=0.02,0.007932784294298409
93,92,0.989247311827957,0.010752688172043012,1,0.08984375,1.0,SigLIP2,0.0908203125,best_ood:one_vs_rest,0.0,0.4943578721117678,1.0,siglip2_best_ood,0.91,0.0,0.30063111285722655,0,0.9091796875,931,186.10000000000002,1,0.08984375,extreme,openout<=0.02,0.25063111285722656
93,92,0.989247311827957,0.010752688172043012,1,0.08984375,0.9999766747527524,SigLIP2,0.0908203125,best_ood:one_vs_rest,0.0,0.49040511727078895,1.0,siglip2_best_ood,0.91,0.0009765625,0.2653668158853343,1,0.908203125,930,187.6,2,0.08984375,extreme,openout<=0.02,0.21255396629896472
384,384,1.0,0.0,0,0.6,1.0,dino+siglip2+openclip,0.6,learned_selective_risk+semantic_harq_refine,0.0,0.9340792994405254,1.0,opensemcom,0.25,0.0015625,0.24999951042100452,1,0.3984375,255,411.1,0,0.6,mild,openout<=0.05,0.0
403,384,0.9528535980148883,0.04714640198511166,19,0.6,0.9937642415364584,dino+siglip2+openclip,0.6296875,learned_selective_risk+semantic_harq_refine,0.0026041666666666665,0.490923037586295,1.0,opensemcom,0.25,0.3703125,0.9999999582748195,237,0.0,0,782.2,1,0.6,mild,openout<=0.05,0.9842907505265274
390,383,0.982051282051282,0.017948717948717947,7,0.6,0.9971771240234375,dino+siglip2+openclip,0.609375,learned_selective_risk+semantic_harq_refine,0.0026041666666666665,0.48481012658227846,1.0,opensemcom,0.25,0.390625,0.9999998976631478,250,0.0,0,790.0,2,0.5984375,mild,openout<=0.05,0.965561536101295
390,384,0.9846153846153847,0.015384615384615385,6,0.6,0.99993896484375,dino+siglip2+openclip,0.609375,learned_risk_head_only,0.0,0.9153754469606674,1.0,opensemcom_risk_head,0.25,0.0046875,0.9198606377839964,3,0.3859375,247,419.5,0,0.6,mild,openout<=0.05,0.6698616510629576
403,383,0.9503722084367245,0.04962779156327544,20,0.5984375,0.9991658528645834,dino+siglip2+openclip,0.6296875,learned_risk_head_only,0.005208333333333333,0.48964459217591405,0.9973958333333334,opensemcom_risk_head,0.25,0.3703125,0.9999997615814209,237,0.0,0,782.2,1,0.5984375,mild,openout<=0.05,0.9966926813125611
397,383,0.964735516372796,0.03526448362720403,14,0.5984375,0.9984944661458334,dino+siglip2+openclip,0.6203125,learned_risk_head_only,0.0026041666666666665,0.4874013743955205,0.9973958333333334,opensemcom_risk_head,0.25,0.3796875,0.9999996423721313,243,0.0,0,785.8,2,0.5984375,mild,openout<=0.05,0.9994212722778321
384,384,1.0,0.0,0,0.6,1.0,dino+siglip2+openclip,0.6,mixed_open_calibration,0.0,0.9340792994405254,1.0,opensemcom_calibrated,0.25,0.0015625,0.44975405363027643,1,0.3984375,255,411.1,0,0.6,mild,openout<=0.05,0.1997568314536327
397,384,0.9672544080604534,0.0327455919395466,13,0.6,0.99957275390625,dino+siglip2+openclip,0.6203125,mixed_open_calibration,0.0,0.4886739628404174,1.0,opensemcom_calibrated,0.25,0.3796875,0.9999999999964924,243,0.0,0,785.8,1,0.6,mild,openout<=0.05,0.967575681411221
390,383,0.982051282051282,0.017948717948717947,7,0.6,0.99908447265625,dino+siglip2+openclip,0.609375,mixed_open_calibration,0.0026041666666666665,0.48481012658227846,1.0,opensemcom_calibrated,0.25,0.390625,0.9999999985568071,250,0.0,0,790.0,2,0.5984375,mild,openout<=0.05,0.9569001861258501
384,384,1.0,0.0,0,0.6,1.0,dino+siglip2+openclip,0.6,semantic_harq_refine,0.0,0.9340792994405254,1.0,opensemcom_harq_refine,0.25,0.0015625,0.24999951042100077,1,0.3984375,255,411.1,0,0.6,mild,openout<=0.05,0.0
403,384,0.9528535980148883,0.04714640198511166,19,0.6,0.9937642415364584,dino+siglip2+openclip,0.6296875,semantic_harq_refine,0.0026041666666666665,0.490923037586295,1.0,opensemcom_harq_refine,0.25,0.3703125,0.9999999582748195,237,0.0,0,782.2,1,0.6,mild,openout<=0.05,0.9842896595952796
390,383,0.982051282051282,0.017948717948717947,7,0.6,0.9971669514973959,dino+siglip2+openclip,0.609375,semantic_harq_refine,0.0026041666666666665,0.48481012658227846,1.0,opensemcom_harq_refine,0.25,0.390625,0.9999998976631478,250,0.0,0,790.0,2,0.5984375,mild,openout<=0.05,0.9655615305250786
384,382,0.9947916666666666,0.005208333333333333,2,0.596875,0.9999898274739584,DINOv3,0.6,one_vs_rest,0.0,0.9060721062618595,0.9947916666666666,dino_one_vs_rest,0.25,0.0125,0.9493115539944347,8,0.3875,248,421.6,0,0.596875,mild,openout<=0.05,0.6993250306684891
384,383,0.9973958333333334,0.0026041666666666665,1,0.5984375,1.0,DINOv3,0.6,one_vs_rest,0.0,0.924897367785559,0.9973958333333334,dino_one_vs_rest,0.25,0.0046875,0.6692695356539686,3,0.3953125,253,414.1,1,0.5984375,mild,openout<=0.05,0.4192826309580401
390,381,0.9769230769230769,0.023076923076923078,9,0.5953125,0.999969482421875,DINOv3,0.609375,one_vs_rest,0.0,0.48227848101265824,0.9921875,dino_one_vs_rest,0.25,0.390625,0.9999999053531686,250,0.0,0,790.0,2,0.5953125,mild,openout<=0.05,0.9331448869547901
384,384,1.0,0.0,0,0.6,1.0,OpenCLIP-DFN5B,0.6,best_ood:one_vs_rest,0.0,0.9273122434194638,1.0,openclip_best_ood,0.25,0.0046875,0.5061142995012269,3,0.3953125,253,414.1,0,0.6,mild,openout<=0.05,0.2561195457255636
390,384,0.9846153846153847,0.015384615384615385,6,0.6,0.99847412109375,OpenCLIP-DFN5B,0.609375,best_ood:one_vs_rest,0.0,0.4860759493670886,1.0,openclip_best_ood,0.25,0.390625,0.9999999998925508,250,0.0,0,790.0,1,0.6,mild,openout<=0.05,0.9104905359628849
390,383,0.982051282051282,0.017948717948717947,7,0.5984375,0.9991861979166666,OpenCLIP-DFN5B,0.609375,best_ood:one_vs_rest,0.0026041666666666665,0.48481012658227846,0.9973958333333334,openclip_best_ood,0.25,0.390625,0.9999999988152088,250,0.0,0,790.0,2,0.5984375,mild,openout<=0.05,0.9520021461908431
397,383,0.964735516372796,0.03526448362720403,14,0.5984375,0.9998067220052084,SigLIP2,0.6203125,best_ood:one_vs_rest,0.0,0.4874013743955205,0.9973958333333334,siglip2_best_ood,0.25,0.3796875,0.9999999991421626,243,0.0,0,785.8,0,0.5984375,mild,openout<=0.05,0.9744314717038725
390,381,0.9769230769230769,0.023076923076923078,9,0.5953125,0.9999593098958334,SigLIP2,0.609375,best_ood:one_vs_rest,0.0,0.48227848101265824,0.9921875,siglip2_best_ood,0.25,0.390625,0.9999999998896709,250,0.0,0,790.0,1,0.5953125,mild,openout<=0.05,0.8730925770370364
390,378,0.9692307692307692,0.03076923076923077,12,0.590625,0.9998779296875,SigLIP2,0.609375,best_ood:one_vs_rest,0.0,0.47848101265822784,0.984375,siglip2_best_ood,0.25,0.390625,0.9999999997432678,250,0.0,0,790.0,2,0.590625,mild,openout<=0.05,0.8955935394418693
388,384,0.9896907216494846,0.010309278350515464,4,0.42857142857142855,0.99609375,dino+siglip2+openclip,0.4330357142857143,learned_selective_risk+semantic_harq_refine,0.0,0.8751139471285323,1.0,opensemcom,0.5,0.0,0.24999988062203168,0,0.5669642857142857,508,438.8,0,0.42857142857142855,medium,openout<=0.05,0.0
403,383,0.9503722084367245,0.04962779156327544,20,0.42857142857142855,0.9977366129557291,dino+siglip2+openclip,0.4497767857142857,learned_selective_risk+semantic_harq_refine,0.0,0.32136264473905013,1.0,opensemcom,0.5,0.5502232142857143,0.9999999582455468,493,0.0,0,1191.8000000000002,1,0.42745535714285715,medium,openout<=0.05,0.9489518768651042
403,383,0.9503722084367245,0.04962779156327544,20,0.42857142857142855,0.9960403442382812,dino+siglip2+openclip,0.4497767857142857,learned_selective_risk+semantic_harq_refine,0.0026041666666666665,0.32136264473905013,1.0,opensemcom,0.5,0.5502232142857143,0.9999999177134934,493,0.0,0,1191.8000000000002,2,0.42745535714285715,medium,openout<=0.05,0.8949942769882933
394,384,0.9746192893401016,0.025380710659898477,10,0.42857142857142855,0.999420166015625,dino+siglip2+openclip,0.43973214285714285,learned_risk_head_only,0.0,0.8586762075134169,1.0,opensemcom_risk_head,0.5,0.002232142857142857,0.6578751802444469,2,0.5580357142857143,500,447.2,0,0.42857142857142855,medium,openout<=0.05,0.40787634253502003
394,380,0.9644670050761421,0.03553299492385787,14,0.42745535714285715,0.9994964599609375,dino+siglip2+openclip,0.43973214285714285,learned_risk_head_only,0.0026041666666666665,0.8329679964927662,0.9973958333333334,opensemcom_risk_head,0.5,0.008928571428571428,0.9728501230478294,8,0.5513392857142857,494,456.20000000000005,1,0.42410714285714285,medium,openout<=0.05,0.7228520750999458
394,382,0.9695431472081218,0.030456852791878174,12,0.42745535714285715,0.9985707600911459,dino+siglip2+openclip,0.43973214285714285,learned_risk_head_only,0.005208333333333333,0.8542039355992844,0.9973958333333334,opensemcom_risk_head,0.5,0.002232142857142857,0.6613867729902273,2,0.5580357142857143,500,447.2,2,0.4263392857142857,medium,openout<=0.05,0.41138786077499445
394,384,0.9746192893401016,0.025380710659898477,10,0.42857142857142855,0.999847412109375,dino+siglip2+openclip,0.43973214285714285,mixed_open_calibration,0.0,0.761602538675129,1.0,opensemcom_calibrated,0.5,0.044642857142857144,0.9939300662350466,40,0.515625,462,504.2,0,0.42857142857142855,medium,openout<=0.05,0.7439341201779116
403,384,0.9528535980148883,0.04714640198511166,19,0.42857142857142855,0.9997151692708334,dino+siglip2+openclip,0.4497767857142857,mixed_open_calibration,0.0,0.32220171169659334,1.0,opensemcom_calibrated,0.5,0.5502232142857143,0.9999999999590952,493,0.0,0,1191.8000000000002,1,0.42857142857142855,medium,openout<=0.05,0.9499817548903032
403,383,0.9503722084367245,0.04962779156327544,20,0.42857142857142855,0.9989369710286459,dino+siglip2+openclip,0.4497767857142857,mixed_open_calibration,0.0026041666666666665,0.32136264473905013,1.0,opensemcom_calibrated,0.5,0.5502232142857143,0.9999999995984721,493,0.0,0,1191.8000000000002,2,0.42745535714285715,medium,openout<=0.05,0.9298028701552803
388,384,0.9896907216494846,0.010309278350515464,4,0.42857142857142855,0.99609375,dino+siglip2+openclip,0.4330357142857143,semantic_harq_refine,0.0,0.8691715708465368,1.0,opensemcom_harq_refine,0.5,0.002232142857142857,0.24999988062203043,2,0.5647321428571429,506,441.8,0,0.42857142857142855,medium,openout<=0.05,0.0
403,383,0.9503722084367245,0.04962779156327544,20,0.42857142857142855,0.9977366129557291,dino+siglip2+openclip,0.4497767857142857,semantic_harq_refine,0.0,0.32136264473905013,1.0,opensemcom_harq_refine,0.5,0.5502232142857143,0.9999999582455468,493,0.0,0,1191.8000000000002,1,0.42745535714285715,medium,openout<=0.05,0.9489354501460712
403,383,0.9503722084367245,0.04962779156327544,20,0.42857142857142855,0.9960352579752604,dino+siglip2+openclip,0.4497767857142857,semantic_harq_refine,0.0026041666666666665,0.32136264473905013,1.0,opensemcom_harq_refine,0.5,0.5502232142857143,0.9999999177134934,493,0.0,0,1191.8000000000002,2,0.42745535714285715,medium,openout<=0.05,0.8931374735871318
385,382,0.9922077922077922,0.007792207792207792,3,0.4263392857142857,0.9997711181640625,DINOv3,0.4296875,one_vs_rest,0.0,0.8699612844454566,0.9947916666666666,dino_one_vs_rest,0.5,0.002232142857142857,0.40830831211028595,2,0.5680803571428571,509,439.1,0,0.4263392857142857,medium,openout<=0.05,0.15832580110882005
385,383,0.9948051948051948,0.005194805194805195,2,0.42745535714285715,1.0,DINOv3,0.4296875,one_vs_rest,0.0,0.8722386700068321,0.9973958333333334,dino_one_vs_rest,0.5,0.002232142857142857,0.6435987695736988,2,0.5680803571428571,509,439.1,1,0.42745535714285715,medium,openout<=0.05,0.393617387582377
394,380,0.9644670050761421,0.03553299492385787,14,0.4252232142857143,0.9997660319010416,DINOv3,0.43973214285714285,one_vs_rest,0.0,0.8090270385352353,0.9921875,dino_one_vs_rest,0.5,0.018973214285714284,0.8992769647704133,17,0.5412946428571429,485,469.7,2,0.42410714285714285,medium,openout<=0.05,0.6492912992544173
394,384,0.9746192893401016,0.025380710659898477,10,0.42857142857142855,0.9998779296875,OpenCLIP-DFN5B,0.43973214285714285,best_ood:one_vs_rest,0.0,0.3207484129635817,1.0,openclip_best_ood,0.5,0.5602678571428571,0.999999999857738,502,0.0,0,1197.2,0,0.42857142857142855,medium,openout<=0.05,0.7954815401884787
394,384,0.9746192893401016,0.025380710659898477,10,0.42857142857142855,0.9998931884765625,OpenCLIP-DFN5B,0.43973214285714285,best_ood:one_vs_rest,0.0,0.3207484129635817,1.0,openclip_best_ood,0.5,0.5602678571428571,0.9999999999773452,502,0.0,0,1197.2,1,0.42857142857142855,medium,openout<=0.05,0.9281863836191555
394,383,0.9720812182741116,0.027918781725888325,11,0.42745535714285715,0.9992879231770834,OpenCLIP-DFN5B,0.43973214285714285,best_ood:one_vs_rest,0.0026041666666666665,0.3199131306381557,0.9973958333333334,openclip_best_ood,0.5,0.5602678571428571,0.9999999999420772,502,0.0,0,1197.2,2,0.42745535714285715,medium,openout<=0.05,0.8901790446258635
403,383,0.9503722084367245,0.04962779156327544,20,0.42745535714285715,0.9997406005859375,SigLIP2,0.4497767857142857,best_ood:one_vs_rest,0.0,0.32136264473905013,0.9973958333333334,siglip2_best_ood,0.5,0.5502232142857143,0.9999999999967486,493,0.0,0,1191.8000000000002,0,0.42745535714285715,medium,openout<=0.05,0.9420884678266362
394,381,0.9670050761421319,0.03299492385786802,13,0.4252232142857143,0.9998575846354166,SigLIP2,0.43973214285714285,best_ood:one_vs_rest,0.0,0.3182425659873037,0.9921875,siglip2_best_ood,0.5,0.5602678571428571,0.9999999998873859,502,0.0,0,1197.2,1,0.4252232142857143,medium,openout<=0.05,0.8790623618005586
385,377,0.9792207792207792,0.02077922077922078,8,0.421875,0.9995473225911459,SigLIP2,0.4296875,best_ood:one_vs_rest,0.0,0.8556513844757149,0.984375,siglip2_best_ood,0.5,0.0033482142857142855,0.4759304916498787,3,0.5669642857142857,508,440.6,2,0.42075892857142855,medium,openout<=0.05,0.2259386851397959
263,256,0.973384030418251,0.026615969581749048,7,0.25,0.9954427083333334,dino+siglip2+openclip,0.2568359375,learned_selective_risk+semantic_harq_refine,0.0,0.7483192049108447,1.0,opensemcom,0.75,0.001953125,0.24999989670718842,2,0.7412109375,759,342.1,0,0.25,hard,openout<=0.05,0.0
256,253,0.98828125,0.01171875,3,0.25,0.9976959228515625,dino+siglip2+openclip,0.25,learned_selective_risk+semantic_harq_refine,0.0,0.7434616514839847,1.0,opensemcom,0.75,0.0048828125,0.29507749318584175,5,0.7451171875,763,340.3,1,0.2470703125,hard,openout<=0.05,0.04507759966726643
266,255,0.9586466165413534,0.041353383458646614,11,0.25,0.9985809326171875,dino+siglip2+openclip,0.259765625,learned_selective_risk+semantic_harq_refine,0.0,0.7238149304569969,1.0,opensemcom,0.75,0.0068359375,0.7463862977982915,7,0.7333984375,751,352.3,2,0.2490234375,hard,openout<=0.05,0.4963864265613359
266,256,0.9624060150375939,0.03759398496240601,10,0.25,0.9976654052734375,dino+siglip2+openclip,0.259765625,learned_risk_head_only,0.0,0.7328943601488691,1.0,opensemcom_risk_head,0.75,0.0048828125,0.27776175804436226,5,0.7353515625,753,349.3,0,0.25,hard,openout<=0.05,0.02776381440460701
266,253,0.9511278195488722,0.04887218045112782,13,0.2490234375,0.9995320638020834,dino+siglip2+openclip,0.259765625,learned_risk_head_only,0.0,0.730580421599769,0.99609375,opensemcom_risk_head,0.75,0.0029296875,0.6560212594270707,3,0.7373046875,755,346.3,1,0.2470703125,hard,openout<=0.05,0.4060244929790498
266,255,0.9586466165413534,0.041353383458646614,11,0.25,0.9992116292317709,dino+siglip2+openclip,0.259765625,learned_risk_head_only,0.00390625,0.7238149304569969,1.0,opensemcom_risk_head,0.75,0.0068359375,0.5691541969776155,7,0.7333984375,751,352.3,2,0.2490234375,hard,openout<=0.05,0.31915620863437666
266,256,0.9624060150375939,0.03759398496240601,10,0.25,0.9985758463541666,dino+siglip2+openclip,0.259765625,mixed_open_calibration,0.0,0.7457034663559569,1.0,opensemcom_calibrated,0.75,0.0009765625,0.5830618003567829,1,0.7392578125,757,343.3,0,0.25,hard,openout<=0.05,0.3330782174871482
266,253,0.9511278195488722,0.04887218045112782,13,0.25,0.9996744791666666,dino+siglip2+openclip,0.259765625,mixed_open_calibration,0.0,0.17108466324046526,1.0,opensemcom_calibrated,0.75,0.740234375,0.9999999999964924,758,0.0,0,1478.8,1,0.2470703125,hard,openout<=0.05,0.8433000892130389
266,255,0.9586466165413534,0.041353383458646614,11,0.25,0.9998677571614584,dino+siglip2+openclip,0.259765625,mixed_open_calibration,0.0,0.7238149304569969,1.0,opensemcom_calibrated,0.75,0.0068359375,0.8902613147497762,7,0.7333984375,751,352.3,2,0.2490234375,hard,openout<=0.05,0.6402827097771006
263,256,0.973384030418251,0.026615969581749048,7,0.25,0.9954427083333334,dino+siglip2+openclip,0.2568359375,semantic_harq_refine,0.0,0.7418139669660968,1.0,opensemcom_harq_refine,0.75,0.00390625,0.24999989670718767,4,0.7392578125,757,345.09999999999997,0,0.25,hard,openout<=0.05,0.0
256,253,0.98828125,0.01171875,3,0.25,0.9976959228515625,dino+siglip2+openclip,0.25,semantic_harq_refine,0.0,0.7434616514839847,1.0,opensemcom_harq_refine,0.75,0.0048828125,0.268976980333439,5,0.7451171875,763,340.3,1,0.2470703125,hard,openout<=0.05,0.018977086814863656
266,255,0.9586466165413534,0.041353383458646614,11,0.25,0.997283935546875,dino+siglip2+openclip,0.259765625,semantic_harq_refine,0.0,0.7238149304569969,1.0,opensemcom_harq_refine,0.75,0.0068359375,0.7181985513247477,7,0.7333984375,751,352.3,2,0.2490234375,hard,openout<=0.05,0.4681986800877922
256,255,0.99609375,0.00390625,1,0.2490234375,0.9998575846354166,DINOv3,0.25,one_vs_rest,0.0,0.7593805836807623,0.99609375,dino_one_vs_rest,0.75,0.001953125,0.46416186338762355,2,0.748046875,766,335.8,0,0.2490234375,hard,openout<=0.05,0.2142304988162021
266,256,0.9624060150375939,0.03759398496240601,10,0.25,0.9998881022135416,DINOv3,0.259765625,one_vs_rest,0.0,0.17311333513659724,1.0,dino_one_vs_rest,0.75,0.740234375,0.9999999698641453,758,0.0,0,1478.8,1,0.25,hard,openout<=0.05,0.804317499905824
266,253,0.9511278195488722,0.04887218045112782,13,0.2470703125,0.9999593098958334,DINOv3,0.259765625,one_vs_rest,0.0,0.6860086767895879,0.98828125,dino_one_vs_rest,0.75,0.017578125,0.8790403999745999,18,0.72265625,740,368.8,2,0.2470703125,hard,openout<=0.05,0.6290871488699971
266,256,0.9624060150375939,0.03759398496240601,10,0.25,0.9996287027994791,OpenCLIP-DFN5B,0.259765625,best_ood:one_vs_rest,0.0,0.6941431670281996,1.0,openclip_best_ood,0.75,0.017578125,0.9511025162377056,18,0.72265625,740,368.8,0,0.25,hard,openout<=0.05,0.7011286362937975
266,255,0.9586466165413534,0.041353383458646614,11,0.25,0.9998779296875,OpenCLIP-DFN5B,0.259765625,best_ood:one_vs_rest,0.0,0.1724371111712199,1.0,openclip_best_ood,0.75,0.740234375,0.9999999999773452,758,0.0,0,1478.8,1,0.2490234375,hard,openout<=0.05,0.840630583701076
266,256,0.9624060150375939,0.03759398496240601,10,0.25,0.99993896484375,OpenCLIP-DFN5B,0.259765625,best_ood:one_vs_rest,0.0,0.17311333513659724,1.0,openclip_best_ood,0.75,0.740234375,0.9999999999420772,758,0.0,0,1478.8,2,0.25,hard,openout<=0.05,0.8697801139449596
256,254,0.9921875,0.0078125,2,0.2490234375,0.9997406005859375,SigLIP2,0.25,best_ood:one_vs_rest,0.0,0.7366589327146171,0.99609375,siglip2_best_ood,0.75,0.0078125,0.2818410777627006,8,0.7421875,760,344.8,0,0.248046875,hard,openout<=0.05,0.031868590940352444
266,253,0.9511278195488722,0.04887218045112782,13,0.2470703125,0.9999033610026041,SigLIP2,0.259765625,best_ood:one_vs_rest,0.0,0.7243057543658746,0.98828125,siglip2_best_ood,0.75,0.0048828125,0.8121214116714083,5,0.7353515625,753,349.3,1,0.2470703125,hard,openout<=0.05,0.5621491834412858
266,253,0.9511278195488722,0.04887218045112782,13,0.2470703125,0.9997304280598959,SigLIP2,0.259765625,best_ood:one_vs_rest,0.0,0.17108466324046526,0.98828125,siglip2_best_ood,0.75,0.740234375,0.9999999999947822,758,0.0,0,1478.8,2,0.2470703125,hard,openout<=0.05,0.7889142115545238
94,92,0.9787234042553191,0.02127659574468085,2,0.08984375,0.9989270386266095,dino+siglip2+openclip,0.091796875,learned_selective_risk+semantic_harq_refine,0.0,0.4842105263157895,1.0,opensemcom,0.91,0.001953125,0.13310512380544304,2,0.90625,928,190.0,0,0.08984375,extreme,openout<=0.05,0.0
93,92,0.989247311827957,0.010752688172043012,1,0.08984375,0.9994635193133047,dino+siglip2+openclip,0.0908203125,learned_selective_risk+semantic_harq_refine,0.0,0.4789172306090577,1.0,opensemcom,0.91,0.00390625,0.14333816809294814,4,0.9052734375,927,192.10000000000002,1,0.08984375,extreme,openout<=0.05,0.0
82,82,1.0,0.0,0,0.08984375,0.9997200970330286,dino+siglip2+openclip,0.080078125,learned_risk_head_only,0.0,0.38917892738490745,1.0,opensemcom_risk_head,0.91,0.0224609375,0.21344919909024612,23,0.8974609375,919,210.70000000000002,0,0.080078125,extreme,openout<=0.05,6.175447488203645e-05
93,90,0.967741935483871,0.03225806451612903,3,0.08984375,0.9998717111401381,dino+siglip2+openclip,0.0908203125,learned_risk_head_only,0.0,0.4409603135717785,1.0,opensemcom_risk_head,0.91,0.01171875,0.2306678847386502,12,0.8974609375,919,204.10000000000002,1,0.087890625,extreme,openout<=0.05,0.0023284510686062275
93,89,0.956989247311828,0.043010752688172046,4,0.08984375,0.9988220750139951,dino+siglip2+openclip,0.0908203125,learned_risk_head_only,0.010869565217391304,0.4526958290946083,1.0,opensemcom_risk_head,0.91,0.0068359375,0.17079118049354292,7,0.90234375,924,196.60000000000002,2,0.0869140625,extreme,openout<=0.05,0.0011139229557011268
93,90,0.967741935483871,0.03225806451612903,3,0.08984375,0.9999183616346333,dino+siglip2+openclip,0.0908203125,mixed_open_calibration,0.0,0.4759386567953463,1.0,opensemcom_calibrated,0.91,0.001953125,0.18755565171558977,2,0.9072265625,929,189.10000000000002,0,0.087890625,extreme,openout<=0.05,0.09041519496604095
93,92,0.989247311827957,0.010752688172043012,1,0.08984375,0.9999766747527524,dino+siglip2+openclip,0.0908203125,mixed_open_calibration,0.0,0.4943578721117678,1.0,opensemcom_calibrated,0.91,0.0,0.12464563111365606,0,0.9091796875,931,186.10000000000002,1,0.08984375,extreme,openout<=0.05,0.06209824925633994
93,90,0.967741935483871,0.03225806451612903,3,0.08984375,0.9997784101511477,dino+siglip2+openclip,0.0908203125,mixed_open_calibration,0.0,0.47974413646055436,1.0,opensemcom_calibrated,0.91,0.0009765625,0.10801924715064873,1,0.908203125,930,187.6,2,0.087890625,extreme,openout<=0.05,0.03573168396542223
94,92,0.9787234042553191,0.02127659574468085,2,0.08984375,0.9989270386266095,dino+siglip2+openclip,0.091796875,semantic_harq_refine,0.0,0.47668393782383417,1.0,opensemcom_harq_refine,0.91,0.00390625,0.1499607067637041,4,0.904296875,926,193.0,0,0.08984375,extreme,openout<=0.05,0.0
94,92,0.9787234042553191,0.02127659574468085,2,0.08984375,0.9989270386266095,dino+siglip2+openclip,0.091796875,semantic_harq_refine,0.0,0.4730077120822622,1.0,opensemcom_harq_refine,0.91,0.0048828125,0.16056835409541703,5,0.9033203125,925,194.5,1,0.08984375,extreme,openout<=0.05,0.0
93,90,0.967741935483871,0.03225806451612903,3,0.0888671875,0.9999416868818809,DINOv3,0.0908203125,one_vs_rest,0.0,0.4759386567953463,0.9891304347826086,dino_one_vs_rest,0.91,0.001953125,0.13547098409015748,2,0.9072265625,929,189.10000000000002,0,0.087890625,extreme,openout<=0.05,0.04594714216439727
93,91,0.978494623655914,0.021505376344086023,2,0.0888671875,1.0,DINOv3,0.0908203125,one_vs_rest,0.0,0.4812268640930724,0.9891304347826086,dino_one_vs_rest,0.91,0.001953125,0.2595814707610056,2,0.9072265625,929,189.10000000000002,1,0.0888671875,extreme,openout<=0.05,0.18088810223823054
93,91,0.978494623655914,0.021505376344086023,2,0.0888671875,0.9999766747527524,DINOv3,0.0908203125,one_vs_rest,0.0,0.48507462686567165,0.9891304347826086,dino_one_vs_rest,0.91,0.0009765625,0.16920265923704425,1,0.908203125,930,187.6,2,0.0888671875,extreme,openout<=0.05,0.0958208518923405
93,91,0.978494623655914,0.021505376344086023,2,0.08984375,0.9999066990110095,OpenCLIP-DFN5B,0.0908203125,best_ood:one_vs_rest,0.0,0.48507462686567165,1.0,openclip_best_ood,0.91,0.0009765625,0.16414193019820322,1,0.908203125,930,187.6,0,0.0888671875,extreme,openout<=0.05,0.09103552107415978
93,91,0.978494623655914,0.021505376344086023,2,0.08984375,0.9999766747527524,OpenCLIP-DFN5B,0.0908203125,best_ood:one_vs_rest,0.0,0.48507462686567165,1.0,openclip_best_ood,0.91,0.0009765625,0.1418545101591291,1,0.908203125,930,187.6,1,0.0888671875,extreme,openout<=0.05,0.09185451015912909
93,91,0.978494623655914,0.021505376344086023,2,0.08984375,0.9998250606456428,OpenCLIP-DFN5B,0.0908203125,best_ood:one_vs_rest,0.0,0.48507462686567165,1.0,openclip_best_ood,0.91,0.0009765625,0.10948821168547461,1,0.908203125,930,187.6,2,0.0888671875,extreme,openout<=0.05,0.05948821168547461
93,91,0.978494623655914,0.021505376344086023,2,0.08984375,0.9995568203022952,SigLIP2,0.0908203125,best_ood:one_vs_rest,0.0,0.47371160853722016,1.0,siglip2_best_ood,0.91,0.00390625,0.16558827804504642,4,0.9052734375,927,192.10000000000002,0,0.0888671875,extreme,openout<=0.05,0.05494963536186367
93,92,0.989247311827957,0.010752688172043012,1,0.08984375,1.0,SigLIP2,0.0908203125,best_ood:one_vs_rest,0.0,0.4943578721117678,1.0,siglip2_best_ood,0.91,0.0,0.30063111285722655,0,0.9091796875,931,186.10000000000002,1,0.08984375,extreme,openout<=0.05,0.25063111285722656
93,92,0.989247311827957,0.010752688172043012,1,0.08984375,0.9999766747527524,SigLIP2,0.0908203125,best_ood:one_vs_rest,0.0,0.49040511727078895,1.0,siglip2_best_ood,0.91,0.0009765625,0.2653668158853343,1,0.908203125,930,187.6,2,0.08984375,extreme,openout<=0.05,0.21255396629896472
384,384,1.0,0.0,0,0.6,1.0,dino+siglip2+openclip,0.6,learned_selective_risk+semantic_harq_refine,0.0,0.9340792994405254,1.0,opensemcom,0.25,0.0015625,0.24999951042100452,1,0.3984375,255,411.1,0,0.6,mild,openout<=0.10,0.0
403,384,0.9528535980148883,0.04714640198511166,19,0.6,0.9937642415364584,dino+siglip2+openclip,0.6296875,learned_selective_risk+semantic_harq_refine,0.0026041666666666665,0.490923037586295,1.0,opensemcom,0.25,0.3703125,0.9999999582748195,237,0.0,0,782.2,1,0.6,mild,openout<=0.10,0.9842907505265274
390,383,0.982051282051282,0.017948717948717947,7,0.6,0.9971771240234375,dino+siglip2+openclip,0.609375,learned_selective_risk+semantic_harq_refine,0.0026041666666666665,0.48481012658227846,1.0,opensemcom,0.25,0.390625,0.9999998976631478,250,0.0,0,790.0,2,0.5984375,mild,openout<=0.10,0.965561536101295
390,384,0.9846153846153847,0.015384615384615385,6,0.6,0.99993896484375,dino+siglip2+openclip,0.609375,learned_risk_head_only,0.0,0.9153754469606674,1.0,opensemcom_risk_head,0.25,0.0046875,0.9198606377839964,3,0.3859375,247,419.5,0,0.6,mild,openout<=0.10,0.6698616510629576
403,383,0.9503722084367245,0.04962779156327544,20,0.5984375,0.9991658528645834,dino+siglip2+openclip,0.6296875,learned_risk_head_only,0.005208333333333333,0.48964459217591405,0.9973958333333334,opensemcom_risk_head,0.25,0.3703125,0.9999997615814209,237,0.0,0,782.2,1,0.5984375,mild,openout<=0.10,0.9966926813125611
397,383,0.964735516372796,0.03526448362720403,14,0.5984375,0.9984944661458334,dino+siglip2+openclip,0.6203125,learned_risk_head_only,0.0026041666666666665,0.4874013743955205,0.9973958333333334,opensemcom_risk_head,0.25,0.3796875,0.9999996423721313,243,0.0,0,785.8,2,0.5984375,mild,openout<=0.10,0.9994212722778321
384,384,1.0,0.0,0,0.6,1.0,dino+siglip2+openclip,0.6,mixed_open_calibration,0.0,0.9340792994405254,1.0,opensemcom_calibrated,0.25,0.0015625,0.44975405363027643,1,0.3984375,255,411.1,0,0.6,mild,openout<=0.10,0.1997568314536327
397,384,0.9672544080604534,0.0327455919395466,13,0.6,0.99957275390625,dino+siglip2+openclip,0.6203125,mixed_open_calibration,0.0,0.4886739628404174,1.0,opensemcom_calibrated,0.25,0.3796875,0.9999999999964924,243,0.0,0,785.8,1,0.6,mild,openout<=0.10,0.967575681411221
390,383,0.982051282051282,0.017948717948717947,7,0.6,0.99908447265625,dino+siglip2+openclip,0.609375,mixed_open_calibration,0.0026041666666666665,0.48481012658227846,1.0,opensemcom_calibrated,0.25,0.390625,0.9999999985568071,250,0.0,0,790.0,2,0.5984375,mild,openout<=0.10,0.9569001861258501
384,384,1.0,0.0,0,0.6,1.0,dino+siglip2+openclip,0.6,semantic_harq_refine,0.0,0.9340792994405254,1.0,opensemcom_harq_refine,0.25,0.0015625,0.24999951042100077,1,0.3984375,255,411.1,0,0.6,mild,openout<=0.10,0.0
403,384,0.9528535980148883,0.04714640198511166,19,0.6,0.9937642415364584,dino+siglip2+openclip,0.6296875,semantic_harq_refine,0.0026041666666666665,0.490923037586295,1.0,opensemcom_harq_refine,0.25,0.3703125,0.9999999582748195,237,0.0,0,782.2,1,0.6,mild,openout<=0.10,0.9842896595952796
390,383,0.982051282051282,0.017948717948717947,7,0.6,0.9971669514973959,dino+siglip2+openclip,0.609375,semantic_harq_refine,0.0026041666666666665,0.48481012658227846,1.0,opensemcom_harq_refine,0.25,0.390625,0.9999998976631478,250,0.0,0,790.0,2,0.5984375,mild,openout<=0.10,0.9655615305250786
384,382,0.9947916666666666,0.005208333333333333,2,0.596875,0.9999898274739584,DINOv3,0.6,one_vs_rest,0.0,0.9060721062618595,0.9947916666666666,dino_one_vs_rest,0.25,0.0125,0.9493115539944347,8,0.3875,248,421.6,0,0.596875,mild,openout<=0.10,0.6993250306684891
384,383,0.9973958333333334,0.0026041666666666665,1,0.5984375,1.0,DINOv3,0.6,one_vs_rest,0.0,0.924897367785559,0.9973958333333334,dino_one_vs_rest,0.25,0.0046875,0.6692695356539686,3,0.3953125,253,414.1,1,0.5984375,mild,openout<=0.10,0.4192826309580401
390,381,0.9769230769230769,0.023076923076923078,9,0.5953125,0.999969482421875,DINOv3,0.609375,one_vs_rest,0.0,0.48227848101265824,0.9921875,dino_one_vs_rest,0.25,0.390625,0.9999999053531686,250,0.0,0,790.0,2,0.5953125,mild,openout<=0.10,0.9331448869547901
384,384,1.0,0.0,0,0.6,1.0,OpenCLIP-DFN5B,0.6,best_ood:one_vs_rest,0.0,0.9273122434194638,1.0,openclip_best_ood,0.25,0.0046875,0.5061142995012269,3,0.3953125,253,414.1,0,0.6,mild,openout<=0.10,0.2561195457255636
390,384,0.9846153846153847,0.015384615384615385,6,0.6,0.99847412109375,OpenCLIP-DFN5B,0.609375,best_ood:one_vs_rest,0.0,0.4860759493670886,1.0,openclip_best_ood,0.25,0.390625,0.9999999998925508,250,0.0,0,790.0,1,0.6,mild,openout<=0.10,0.9104905359628849
390,383,0.982051282051282,0.017948717948717947,7,0.5984375,0.9991861979166666,OpenCLIP-DFN5B,0.609375,best_ood:one_vs_rest,0.0026041666666666665,0.48481012658227846,0.9973958333333334,openclip_best_ood,0.25,0.390625,0.9999999988152088,250,0.0,0,790.0,2,0.5984375,mild,openout<=0.10,0.9520021461908431
397,383,0.964735516372796,0.03526448362720403,14,0.5984375,0.9998067220052084,SigLIP2,0.6203125,best_ood:one_vs_rest,0.0,0.4874013743955205,0.9973958333333334,siglip2_best_ood,0.25,0.3796875,0.9999999991421626,243,0.0,0,785.8,0,0.5984375,mild,openout<=0.10,0.9744314717038725
390,381,0.9769230769230769,0.023076923076923078,9,0.5953125,0.9999593098958334,SigLIP2,0.609375,best_ood:one_vs_rest,0.0,0.48227848101265824,0.9921875,siglip2_best_ood,0.25,0.390625,0.9999999998896709,250,0.0,0,790.0,1,0.5953125,mild,openout<=0.10,0.8730925770370364
390,378,0.9692307692307692,0.03076923076923077,12,0.590625,0.9998779296875,SigLIP2,0.609375,best_ood:one_vs_rest,0.0,0.47848101265822784,0.984375,siglip2_best_ood,0.25,0.390625,0.9999999997432678,250,0.0,0,790.0,2,0.590625,mild,openout<=0.10,0.8955935394418693
388,384,0.9896907216494846,0.010309278350515464,4,0.42857142857142855,0.99609375,dino+siglip2+openclip,0.4330357142857143,learned_selective_risk+semantic_harq_refine,0.0,0.8751139471285323,1.0,opensemcom,0.5,0.0,0.24999988062203168,0,0.5669642857142857,508,438.8,0,0.42857142857142855,medium,openout<=0.10,0.0
412,384,0.9320388349514563,0.06796116504854369,28,0.42857142857142855,0.9977366129557291,dino+siglip2+openclip,0.45982142857142855,learned_selective_risk+semantic_harq_refine,0.0,0.3236682400539447,1.0,opensemcom,0.5,0.5401785714285714,0.9999999582455468,484,0.0,0,1186.4,1,0.42857142857142855,medium,openout<=0.10,0.9852905613387913
403,383,0.9503722084367245,0.04962779156327544,20,0.42857142857142855,0.9960403442382812,dino+siglip2+openclip,0.4497767857142857,learned_selective_risk+semantic_harq_refine,0.0026041666666666665,0.32136264473905013,1.0,opensemcom,0.5,0.5502232142857143,0.9999999177134934,493,0.0,0,1191.8000000000002,2,0.42745535714285715,medium,openout<=0.10,0.8949942769882933
394,384,0.9746192893401016,0.025380710659898477,10,0.42857142857142855,0.999420166015625,dino+siglip2+openclip,0.43973214285714285,learned_risk_head_only,0.0,0.8586762075134169,1.0,opensemcom_risk_head,0.5,0.002232142857142857,0.6578751802444469,2,0.5580357142857143,500,447.2,0,0.42857142857142855,medium,openout<=0.10,0.40787634253502003
412,383,0.9296116504854369,0.0703883495145631,29,0.42745535714285715,0.9994964599609375,dino+siglip2+openclip,0.45982142857142855,learned_risk_head_only,0.0026041666666666665,0.3228253540121375,0.9973958333333334,opensemcom_risk_head,0.5,0.5401785714285714,0.9999997615814209,484,0.0,0,1186.4,1,0.42745535714285715,medium,openout<=0.10,0.9967538297176362
394,382,0.9695431472081218,0.030456852791878174,12,0.42745535714285715,0.9985707600911459,dino+siglip2+openclip,0.43973214285714285,learned_risk_head_only,0.005208333333333333,0.8542039355992844,0.9973958333333334,opensemcom_risk_head,0.5,0.002232142857142857,0.6613867729902273,2,0.5580357142857143,500,447.2,2,0.4263392857142857,medium,openout<=0.10,0.41138786077499445
394,384,0.9746192893401016,0.025380710659898477,10,0.42857142857142855,0.999847412109375,dino+siglip2+openclip,0.43973214285714285,mixed_open_calibration,0.0,0.761602538675129,1.0,opensemcom_calibrated,0.5,0.044642857142857144,0.9939300662350466,40,0.515625,462,504.2,0,0.42857142857142855,medium,openout<=0.10,0.7439341201779116
403,384,0.9528535980148883,0.04714640198511166,19,0.42857142857142855,0.9997151692708334,dino+siglip2+openclip,0.4497767857142857,mixed_open_calibration,0.0,0.32220171169659334,1.0,opensemcom_calibrated,0.5,0.5502232142857143,0.9999999999590952,493,0.0,0,1191.8000000000002,1,0.42857142857142855,medium,openout<=0.10,0.9499817548903032
403,383,0.9503722084367245,0.04962779156327544,20,0.42857142857142855,0.9989369710286459,dino+siglip2+openclip,0.4497767857142857,mixed_open_calibration,0.0026041666666666665,0.32136264473905013,1.0,opensemcom_calibrated,0.5,0.5502232142857143,0.9999999995984721,493,0.0,0,1191.8000000000002,2,0.42745535714285715,medium,openout<=0.10,0.9298028701552803
388,384,0.9896907216494846,0.010309278350515464,4,0.42857142857142855,0.99609375,dino+siglip2+openclip,0.4330357142857143,semantic_harq_refine,0.0,0.8691715708465368,1.0,opensemcom_harq_refine,0.5,0.002232142857142857,0.24999988062203043,2,0.5647321428571429,506,441.8,0,0.42857142857142855,medium,openout<=0.10,0.0
412,384,0.9320388349514563,0.06796116504854369,28,0.42857142857142855,0.9977366129557291,dino+siglip2+openclip,0.45982142857142855,semantic_harq_refine,0.0,0.3236682400539447,1.0,opensemcom_harq_refine,0.5,0.5401785714285714,0.9999999582455468,484,0.0,0,1186.4,1,0.42857142857142855,medium,openout<=0.10,0.9852905354533638
403,383,0.9503722084367245,0.04962779156327544,20,0.42857142857142855,0.9960352579752604,dino+siglip2+openclip,0.4497767857142857,semantic_harq_refine,0.0026041666666666665,0.32136264473905013,1.0,opensemcom_harq_refine,0.5,0.5502232142857143,0.9999999177134934,493,0.0,0,1191.8000000000002,2,0.42745535714285715,medium,openout<=0.10,0.8931374735871318
385,382,0.9922077922077922,0.007792207792207792,3,0.4263392857142857,0.9997711181640625,DINOv3,0.4296875,one_vs_rest,0.0,0.8699612844454566,0.9947916666666666,dino_one_vs_rest,0.5,0.002232142857142857,0.40830831211028595,2,0.5680803571428571,509,439.1,0,0.4263392857142857,medium,openout<=0.10,0.15832580110882005
385,383,0.9948051948051948,0.005194805194805195,2,0.42745535714285715,1.0,DINOv3,0.4296875,one_vs_rest,0.0,0.8722386700068321,0.9973958333333334,dino_one_vs_rest,0.5,0.002232142857142857,0.6435987695736988,2,0.5680803571428571,509,439.1,1,0.42745535714285715,medium,openout<=0.10,0.393617387582377
403,381,0.9454094292803971,0.05459057071960298,22,0.4252232142857143,0.9997660319010416,DINOv3,0.4497767857142857,one_vs_rest,0.0,0.3196845108239637,0.9921875,dino_one_vs_rest,0.5,0.5502232142857143,0.9999998906849286,493,0.0,0,1191.8000000000002,2,0.4252232142857143,medium,openout<=0.10,0.8205971547930433
394,384,0.9746192893401016,0.025380710659898477,10,0.42857142857142855,0.9998779296875,OpenCLIP-DFN5B,0.43973214285714285,best_ood:one_vs_rest,0.0,0.3207484129635817,1.0,openclip_best_ood,0.5,0.5602678571428571,0.999999999857738,502,0.0,0,1197.2,0,0.42857142857142855,medium,openout<=0.10,0.7954815401884787
394,384,0.9746192893401016,0.025380710659898477,10,0.42857142857142855,0.9998931884765625,OpenCLIP-DFN5B,0.43973214285714285,best_ood:one_vs_rest,0.0,0.3207484129635817,1.0,openclip_best_ood,0.5,0.5602678571428571,0.9999999999773452,502,0.0,0,1197.2,1,0.42857142857142855,medium,openout<=0.10,0.9281863836191555
394,383,0.9720812182741116,0.027918781725888325,11,0.42745535714285715,0.9992879231770834,OpenCLIP-DFN5B,0.43973214285714285,best_ood:one_vs_rest,0.0026041666666666665,0.3199131306381557,0.9973958333333334,openclip_best_ood,0.5,0.5602678571428571,0.9999999999420772,502,0.0,0,1197.2,2,0.42745535714285715,medium,openout<=0.10,0.8901790446258635
403,383,0.9503722084367245,0.04962779156327544,20,0.42745535714285715,0.9997406005859375,SigLIP2,0.4497767857142857,best_ood:one_vs_rest,0.0,0.32136264473905013,0.9973958333333334,siglip2_best_ood,0.5,0.5502232142857143,0.9999999999967486,493,0.0,0,1191.8000000000002,0,0.42745535714285715,medium,openout<=0.10,0.9420884678266362
394,381,0.9670050761421319,0.03299492385786802,13,0.4252232142857143,0.9998575846354166,SigLIP2,0.43973214285714285,best_ood:one_vs_rest,0.0,0.3182425659873037,0.9921875,siglip2_best_ood,0.5,0.5602678571428571,0.9999999998873859,502,0.0,0,1197.2,1,0.4252232142857143,medium,openout<=0.10,0.8790623618005586
403,378,0.9379652605459057,0.062034739454094295,25,0.421875,0.9995473225911459,SigLIP2,0.4497767857142857,best_ood:one_vs_rest,0.0,0.3171673099513341,0.984375,siglip2_best_ood,0.5,0.5502232142857143,0.9999999999676701,493,0.0,0,1191.8000000000002,2,0.421875,medium,openout<=0.10,0.8935753785971345
263,256,0.973384030418251,0.026615969581749048,7,0.25,0.9954427083333334,dino+siglip2+openclip,0.2568359375,learned_selective_risk+semantic_harq_refine,0.0,0.7483192049108447,1.0,opensemcom,0.75,0.001953125,0.24999989670718842,2,0.7412109375,759,342.1,0,0.25,hard,openout<=0.10,0.0
277,255,0.9205776173285198,0.07942238267148015,22,0.25,0.9976959228515625,dino+siglip2+openclip,0.2705078125,learned_selective_risk+semantic_harq_refine,0.0,0.17321016166281755,1.0,opensemcom,0.75,0.7294921875,0.9999999582748195,747,0.0,0,1472.2,1,0.2490234375,hard,openout<=0.10,0.9114665252743148
277,256,0.924187725631769,0.07581227436823104,21,0.25,0.9985809326171875,dino+siglip2+openclip,0.2705078125,learned_selective_risk+semantic_harq_refine,0.0,0.17388941719875017,1.0,opensemcom,0.75,0.7294921875,0.9999999206621842,747,0.0,0,1472.2,2,0.25,hard,openout<=0.10,0.8981828208248066
266,256,0.9624060150375939,0.03759398496240601,10,0.25,0.9976654052734375,dino+siglip2+openclip,0.259765625,learned_risk_head_only,0.0,0.7328943601488691,1.0,opensemcom_risk_head,0.75,0.0048828125,0.27776175804436226,5,0.7353515625,753,349.3,0,0.25,hard,openout<=0.10,0.02776381440460701
277,254,0.9169675090252708,0.08303249097472924,23,0.2490234375,0.9995320638020834,dino+siglip2+openclip,0.2705078125,learned_risk_head_only,0.0,0.17253090612688493,0.99609375,opensemcom_risk_head,0.75,0.7294921875,0.9999997615814209,747,0.0,0,1472.2,1,0.248046875,hard,openout<=0.10,0.9209762370586397
266,255,0.9586466165413534,0.041353383458646614,11,0.25,0.9992116292317709,dino+siglip2+openclip,0.259765625,learned_risk_head_only,0.00390625,0.7238149304569969,1.0,opensemcom_risk_head,0.75,0.0068359375,0.5691541969776155,7,0.7333984375,751,352.3,2,0.2490234375,hard,openout<=0.10,0.31915620863437666
266,256,0.9624060150375939,0.03759398496240601,10,0.25,0.9985758463541666,dino+siglip2+openclip,0.259765625,mixed_open_calibration,0.0,0.7457034663559569,1.0,opensemcom_calibrated,0.75,0.0009765625,0.5830618003567829,1,0.7392578125,757,343.3,0,0.25,hard,openout<=0.10,0.3330782174871482
277,255,0.9205776173285198,0.07942238267148015,22,0.25,0.9996744791666666,dino+siglip2+openclip,0.2705078125,mixed_open_calibration,0.0,0.17321016166281755,1.0,opensemcom_calibrated,0.75,0.7294921875,0.9999999999964924,747,0.0,0,1472.2,1,0.2490234375,hard,openout<=0.10,0.9327632587803961
277,256,0.924187725631769,0.07581227436823104,21,0.25,0.9998677571614584,dino+siglip2+openclip,0.2705078125,mixed_open_calibration,0.0,0.17388941719875017,1.0,opensemcom_calibrated,0.75,0.7294921875,0.9999999999080043,747,0.0,0,1472.2,2,0.25,hard,openout<=0.10,0.9271113200044048
263,256,0.973384030418251,0.026615969581749048,7,0.25,0.9954427083333334,dino+siglip2+openclip,0.2568359375,semantic_harq_refine,0.0,0.7418139669660968,1.0,opensemcom_harq_refine,0.75,0.00390625,0.24999989670718767,4,0.7392578125,757,345.09999999999997,0,0.25,hard,openout<=0.10,0.0
277,255,0.9205776173285198,0.07942238267148015,22,0.25,0.9976959228515625,dino+siglip2+openclip,0.2705078125,semantic_harq_refine,0.0,0.17321016166281755,1.0,opensemcom_harq_refine,0.75,0.7294921875,0.9999999582748195,747,0.0,0,1472.2,1,0.2490234375,hard,openout<=0.10,0.9114304222141052
277,256,0.924187725631769,0.07581227436823104,21,0.25,0.997283935546875,dino+siglip2+openclip,0.2705078125,semantic_harq_refine,0.0,0.17388941719875017,1.0,opensemcom_harq_refine,0.75,0.7294921875,0.9999999206621842,747,0.0,0,1472.2,2,0.25,hard,openout<=0.10,0.8962269596572726
256,255,0.99609375,0.00390625,1,0.2490234375,0.9998575846354166,DINOv3,0.25,one_vs_rest,0.0,0.7593805836807623,0.99609375,dino_one_vs_rest,0.75,0.001953125,0.46416186338762355,2,0.748046875,766,335.8,0,0.2490234375,hard,openout<=0.10,0.2142304988162021
266,256,0.9624060150375939,0.03759398496240601,10,0.25,0.9998881022135416,DINOv3,0.259765625,one_vs_rest,0.0,0.17311333513659724,1.0,dino_one_vs_rest,0.75,0.740234375,0.9999999698641453,758,0.0,0,1478.8,1,0.25,hard,openout<=0.10,0.804317499905824
266,253,0.9511278195488722,0.04887218045112782,13,0.2470703125,0.9999593098958334,DINOv3,0.259765625,one_vs_rest,0.0,0.6860086767895879,0.98828125,dino_one_vs_rest,0.75,0.017578125,0.8790403999745999,18,0.72265625,740,368.8,2,0.2470703125,hard,openout<=0.10,0.6290871488699971
266,256,0.9624060150375939,0.03759398496240601,10,0.25,0.9996287027994791,OpenCLIP-DFN5B,0.259765625,best_ood:one_vs_rest,0.0,0.6941431670281996,1.0,openclip_best_ood,0.75,0.017578125,0.9511025162377056,18,0.72265625,740,368.8,0,0.25,hard,openout<=0.10,0.7011286362937975
277,256,0.924187725631769,0.07581227436823104,21,0.25,0.9998779296875,OpenCLIP-DFN5B,0.2705078125,best_ood:one_vs_rest,0.0,0.17388941719875017,1.0,openclip_best_ood,0.75,0.7294921875,0.9999999999773452,747,0.0,0,1472.2,1,0.25,hard,openout<=0.10,0.9722324863157135
266,256,0.9624060150375939,0.03759398496240601,10,0.25,0.99993896484375,OpenCLIP-DFN5B,0.259765625,best_ood:one_vs_rest,0.0,0.17311333513659724,1.0,openclip_best_ood,0.75,0.740234375,0.9999999999420772,758,0.0,0,1478.8,2,0.25,hard,openout<=0.10,0.8697801139449596
256,254,0.9921875,0.0078125,2,0.2490234375,0.9997406005859375,SigLIP2,0.25,best_ood:one_vs_rest,0.0,0.7366589327146171,0.99609375,siglip2_best_ood,0.75,0.0078125,0.2818410777627006,8,0.7421875,760,344.8,0,0.248046875,hard,openout<=0.10,0.031868590940352444
266,253,0.9511278195488722,0.04887218045112782,13,0.2470703125,0.9999033610026041,SigLIP2,0.259765625,best_ood:one_vs_rest,0.0,0.7243057543658746,0.98828125,siglip2_best_ood,0.75,0.0048828125,0.8121214116714083,5,0.7353515625,753,349.3,1,0.2470703125,hard,openout<=0.10,0.5621491834412858
266,253,0.9511278195488722,0.04887218045112782,13,0.2470703125,0.9997304280598959,SigLIP2,0.259765625,best_ood:one_vs_rest,0.0,0.17108466324046526,0.98828125,siglip2_best_ood,0.75,0.740234375,0.9999999999947822,758,0.0,0,1478.8,2,0.2470703125,hard,openout<=0.10,0.7889142115545238
94,92,0.9787234042553191,0.02127659574468085,2,0.08984375,0.9989270386266095,dino+siglip2+openclip,0.091796875,learned_selective_risk+semantic_harq_refine,0.0,0.4842105263157895,1.0,opensemcom,0.91,0.001953125,0.13310512380544304,2,0.90625,928,190.0,0,0.08984375,extreme,openout<=0.10,0.0
93,92,0.989247311827957,0.010752688172043012,1,0.08984375,0.9994635193133047,dino+siglip2+openclip,0.0908203125,learned_selective_risk+semantic_harq_refine,0.0,0.4789172306090577,1.0,opensemcom,0.91,0.00390625,0.14333816809294814,4,0.9052734375,927,192.10000000000002,1,0.08984375,extreme,openout<=0.10,0.0
96,91,0.9479166666666666,0.052083333333333336,5,0.08984375,0.9971368259003546,dino+siglip2+openclip,0.09375,learned_selective_risk+semantic_harq_refine,0.0,0.4781923279033105,1.0,opensemcom,0.91,0.0009765625,0.09766169379422704,1,0.9052734375,927,190.3,2,0.0888671875,extreme,openout<=0.10,0.0
93,88,0.946236559139785,0.053763440860215055,5,0.08984375,0.9997200970330286,dino+siglip2+openclip,0.0908203125,learned_risk_head_only,0.0,0.4311611954924056,1.0,opensemcom_risk_head,0.91,0.01171875,0.22069204133003945,12,0.8974609375,919,204.10000000000002,0,0.0859375,extreme,openout<=0.10,0.007304596714675361
93,90,0.967741935483871,0.03225806451612903,3,0.08984375,0.9998717111401381,dino+siglip2+openclip,0.0908203125,learned_risk_head_only,0.0,0.4409603135717785,1.0,opensemcom_risk_head,0.91,0.01171875,0.2306678847386502,12,0.8974609375,919,204.10000000000002,1,0.087890625,extreme,openout<=0.10,0.0023284510686062275
93,89,0.956989247311828,0.043010752688172046,4,0.08984375,0.9988220750139951,dino+siglip2+openclip,0.0908203125,learned_risk_head_only,0.010869565217391304,0.4526958290946083,1.0,opensemcom_risk_head,0.91,0.0068359375,0.17079118049354292,7,0.90234375,924,196.60000000000002,2,0.0869140625,extreme,openout<=0.10,0.0011139229557011268
93,90,0.967741935483871,0.03225806451612903,3,0.08984375,0.9999183616346333,dino+siglip2+openclip,0.0908203125,mixed_open_calibration,0.0,0.4759386567953463,1.0,opensemcom_calibrated,0.91,0.001953125,0.18755565171558977,2,0.9072265625,929,189.10000000000002,0,0.087890625,extreme,openout<=0.10,0.09041519496604095
93,92,0.989247311827957,0.010752688172043012,1,0.08984375,0.9999766747527524,dino+siglip2+openclip,0.0908203125,mixed_open_calibration,0.0,0.4943578721117678,1.0,opensemcom_calibrated,0.91,0.0,0.12464563111365606,0,0.9091796875,931,186.10000000000002,1,0.08984375,extreme,openout<=0.10,0.06209824925633994
93,90,0.967741935483871,0.03225806451612903,3,0.08984375,0.9997784101511477,dino+siglip2+openclip,0.0908203125,mixed_open_calibration,0.0,0.47974413646055436,1.0,opensemcom_calibrated,0.91,0.0009765625,0.10801924715064873,1,0.908203125,930,187.6,2,0.087890625,extreme,openout<=0.10,0.03573168396542223
94,92,0.9787234042553191,0.02127659574468085,2,0.08984375,0.9989270386266095,dino+siglip2+openclip,0.091796875,semantic_harq_refine,0.0,0.47668393782383417,1.0,opensemcom_harq_refine,0.91,0.00390625,0.1499607067637041,4,0.904296875,926,193.0,0,0.08984375,extreme,openout<=0.10,0.0
94,92,0.9787234042553191,0.02127659574468085,2,0.08984375,0.9989270386266095,dino+siglip2+openclip,0.091796875,semantic_harq_refine,0.0,0.4730077120822622,1.0,opensemcom_harq_refine,0.91,0.0048828125,0.16056835409541703,5,0.9033203125,925,194.5,1,0.08984375,extreme,openout<=0.10,0.0
97,91,0.9381443298969072,0.061855670103092786,6,0.08984375,0.9966061765254711,dino+siglip2+openclip,0.0947265625,semantic_harq_refine,0.0,0.47970479704797053,1.0,opensemcom_harq_refine,0.91,0.0,0.10951049028238846,0,0.9052734375,927,189.7,2,0.0888671875,extreme,openout<=0.10,0.0
93,90,0.967741935483871,0.03225806451612903,3,0.0888671875,0.9999416868818809,DINOv3,0.0908203125,one_vs_rest,0.0,0.4759386567953463,0.9891304347826086,dino_one_vs_rest,0.91,0.001953125,0.13547098409015748,2,0.9072265625,929,189.10000000000002,0,0.087890625,extreme,openout<=0.10,0.04594714216439727
93,91,0.978494623655914,0.021505376344086023,2,0.0888671875,1.0,DINOv3,0.0908203125,one_vs_rest,0.0,0.4812268640930724,0.9891304347826086,dino_one_vs_rest,0.91,0.001953125,0.2595814707610056,2,0.9072265625,929,189.10000000000002,1,0.0888671875,extreme,openout<=0.10,0.18088810223823054
93,91,0.978494623655914,0.021505376344086023,2,0.0888671875,0.9999766747527524,DINOv3,0.0908203125,one_vs_rest,0.0,0.48507462686567165,0.9891304347826086,dino_one_vs_rest,0.91,0.0009765625,0.16920265923704425,1,0.908203125,930,187.6,2,0.0888671875,extreme,openout<=0.10,0.0958208518923405
93,91,0.978494623655914,0.021505376344086023,2,0.08984375,0.9999066990110095,OpenCLIP-DFN5B,0.0908203125,best_ood:one_vs_rest,0.0,0.48507462686567165,1.0,openclip_best_ood,0.91,0.0009765625,0.16414193019820322,1,0.908203125,930,187.6,0,0.0888671875,extreme,openout<=0.10,0.09103552107415978
93,91,0.978494623655914,0.021505376344086023,2,0.08984375,0.9999766747527524,OpenCLIP-DFN5B,0.0908203125,best_ood:one_vs_rest,0.0,0.48507462686567165,1.0,openclip_best_ood,0.91,0.0009765625,0.1418545101591291,1,0.908203125,930,187.6,1,0.0888671875,extreme,openout<=0.10,0.09185451015912909
93,91,0.978494623655914,0.021505376344086023,2,0.08984375,0.9998250606456428,OpenCLIP-DFN5B,0.0908203125,best_ood:one_vs_rest,0.0,0.48507462686567165,1.0,openclip_best_ood,0.91,0.0009765625,0.10948821168547461,1,0.908203125,930,187.6,2,0.0888671875,extreme,openout<=0.10,0.05948821168547461
93,91,0.978494623655914,0.021505376344086023,2,0.08984375,0.9995568203022952,SigLIP2,0.0908203125,best_ood:one_vs_rest,0.0,0.47371160853722016,1.0,siglip2_best_ood,0.91,0.00390625,0.16558827804504642,4,0.9052734375,927,192.10000000000002,0,0.0888671875,extreme,openout<=0.10,0.05494963536186367
93,92,0.989247311827957,0.010752688172043012,1,0.08984375,1.0,SigLIP2,0.0908203125,best_ood:one_vs_rest,0.0,0.4943578721117678,1.0,siglip2_best_ood,0.91,0.0,0.30063111285722655,0,0.9091796875,931,186.10000000000002,1,0.08984375,extreme,openout<=0.10,0.25063111285722656
93,92,0.989247311827957,0.010752688172043012,1,0.08984375,0.9999766747527524,SigLIP2,0.0908203125,best_ood:one_vs_rest,0.0,0.49040511727078895,1.0,siglip2_best_ood,0.91,0.0009765625,0.2653668158853343,1,0.908203125,930,187.6,2,0.08984375,extreme,openout<=0.10,0.21255396629896472
