row_type,task,target_openout,resource_budget,method,n_seeds,semantic_goodput_mean,semantic_goodput_std,semantic_goodput_ci95,accepted_open_outage_mean,accepted_open_outage_std,accepted_open_outage_ci95,coverage_mean,coverage_std,coverage_ci95,accepted_known_accuracy_mean,accepted_known_accuracy_std,accepted_known_accuracy_ci95,accepted_mean,accepted_std,accepted_ci95,resource_per_sample_mean,resource_per_sample_std,resource_per_sample_ci95,goodput_per_resource_mean,goodput_per_resource_std,goodput_per_resource_ci95,latency_per_sample_mean,latency_per_sample_std,latency_per_sample_ci95,goodput_per_latency_mean,goodput_per_latency_std,goodput_per_latency_ci95,retransmission_rate_mean,retransmission_rate_std,retransmission_rate_ci95,refine_rate_mean,refine_rate_std,refine_rate_ci95,reject_rate_mean,reject_rate_std,reject_rate_ci95,accuracy_mean,accuracy_std,accuracy_ci95,auroc_mean,auroc_std,auroc_ci95,fpr95_mean,fpr95_std,fpr95_ci95
OpenSemCom,deepsense-exact,0.05,0.3,opensemcom_progressive,5,0.009859154929577466,0.011783944035691205,0.010329082363488626,0.0,0.0,0.0,0.009859154929577466,0.011783944035691205,0.010329082363488626,0.6,0.5477225575051661,0.4800999895855029,1.4,1.6733200530681511,1.466729695615385,0.10887323943661972,0.010605549632122081,0.009296174127139761,0.08318885333730189,0.09474639883097996,0.0830488802564761,0.20788732394366197,0.00942715522855296,0.008263265890790898,0.04549910409802901,0.05312603698743174,0.04656702459099368,0.0,0.0,0.0,0.0,0.0,0.0,0.9901408450704225,0.011783944035691189,0.010329082363488612,0.4915492957746479,0.029627723898538905,0.0259698450250454,0.6922263329079694,0.016753473706277222,0.014685067178064554,0.7444029782645767,0.0743434687262344,0.065164923503956
best_comparison,deepsense-exact,0.05,0.3,fixed_refine_all,5,0.014084507042253521,0.016515548450082497,0.014476516495869696,0.02857142857142857,0.06388765649999399,0.056,0.015492957746478872,0.019541460458467053,0.01712884531418456,0.7714285714285715,0.43565573377076877,0.381869087515604,2.2,2.7748873851023217,2.432296034614208,0.1232394366197183,0.029312190687700586,0.025693267971276846,0.09731651691127478,0.0912276089876778,0.07996452496751759,0.21239436619718308,0.015633168366773628,0.013703076251347637,0.06232608111737845,0.068024383247258,0.05962600086679977,0.0,0.0,0.0,0.0,0.0,0.0,0.9845070422535211,0.019541460458467077,0.017128845314184585,0.4577464788732394,0.035561637106908725,0.03117114928119293,0.7179658951536592,0.06996914562759701,0.061330660252748526,0.7616662570679168,0.08392216417222423,0.07356102025193235
ablation,deepsense-exact,0.05,0.3,opensemcom_no_channel,5,0.008450704225352112,0.011571603327573933,0.010142957526454287,0.04,0.08944271909999159,0.0784,0.009859154929577464,0.014603127713611072,0.012800205810684211,0.5599999999999999,0.5176871642217914,0.4537728065893768,1.4,2.073644135332772,1.8176292251171577,0.11084507042253519,0.01606344048497218,0.014080226391752633,0.06675292790551077,0.08290281341817748,0.0726675199209784,0.20788732394366197,0.011682502170888863,0.010240164648547373,0.03838998816167765,0.050542751502299685,0.04430267502657651,0.0,0.0,0.0,0.0,0.0,0.0,0.9901408450704225,0.014603127713611051,0.012800205810684192,0.4873239436619718,0.04207709646842158,0.03688220121568914,0.6989071661907664,0.036843633541186895,0.032294868701384594,0.8054090354090354,0.04290385287659305,0.03760688515925508
ablation,deepsense-exact,0.05,0.3,opensemcom_receiver_only,5,0.0028169014084507044,0.006298783035210675,0.00552112676056338,0.0,0.0,0.0,0.0028169014084507044,0.006298783035210675,0.00552112676056338,0.2,0.4472135954999579,0.39199999999999996,0.4,0.8944271909999159,0.7839999999999999,0.10309859154929576,0.006928661338731734,0.006073239436619709,0.024390243902439025,0.05453824335365341,0.04780487804878049,0.20225352112676057,0.005039026428168533,0.004416901408450698,0.013333333333333332,0.029814239699997195,0.02613333333333333,0.0,0.0,0.0,0.0,0.0,0.0,0.9971830985915492,0.0062987830352106665,0.005521126760563372,0.504225352112676,0.048688411316742564,0.04267727418891691,0.686525394136088,0.04914167730541006,0.04307457934543619,0.8093861358783867,0.05996147565662383,0.05255855075496861
OpenSemCom,deepsense-exact,0.05,0.45,opensemcom_progressive,5,0.009859154929577466,0.011783944035691205,0.010329082363488626,0.0,0.0,0.0,0.009859154929577466,0.011783944035691205,0.010329082363488626,0.6,0.5477225575051661,0.4800999895855029,1.4,1.6733200530681511,1.466729695615385,0.10887323943661972,0.010605549632122081,0.009296174127139761,0.08318885333730189,0.09474639883097996,0.0830488802564761,0.20788732394366197,0.00942715522855296,0.008263265890790898,0.04549910409802901,0.05312603698743174,0.04656702459099368,0.0,0.0,0.0,0.0,0.0,0.0,0.9901408450704225,0.011783944035691189,0.010329082363488612,0.4915492957746479,0.029627723898538905,0.0259698450250454,0.6922263329079694,0.016753473706277222,0.014685067178064554,0.7444029782645767,0.0743434687262344,0.065164923503956
best_comparison,deepsense-exact,0.05,0.45,fixed_refine_all,5,0.014084507042253521,0.016515548450082497,0.014476516495869696,0.02857142857142857,0.06388765649999399,0.056,0.015492957746478872,0.019541460458467053,0.01712884531418456,0.7714285714285715,0.43565573377076877,0.381869087515604,2.2,2.7748873851023217,2.432296034614208,0.1232394366197183,0.029312190687700586,0.025693267971276846,0.09731651691127478,0.0912276089876778,0.07996452496751759,0.21239436619718308,0.015633168366773628,0.013703076251347637,0.06232608111737845,0.068024383247258,0.05962600086679977,0.0,0.0,0.0,0.0,0.0,0.0,0.9845070422535211,0.019541460458467077,0.017128845314184585,0.4577464788732394,0.035561637106908725,0.03117114928119293,0.7179658951536592,0.06996914562759701,0.061330660252748526,0.7616662570679168,0.08392216417222423,0.07356102025193235
ablation,deepsense-exact,0.05,0.45,opensemcom_no_channel,5,0.008450704225352112,0.011571603327573933,0.010142957526454287,0.04,0.08944271909999159,0.0784,0.009859154929577464,0.014603127713611072,0.012800205810684211,0.5599999999999999,0.5176871642217914,0.4537728065893768,1.4,2.073644135332772,1.8176292251171577,0.11084507042253519,0.01606344048497218,0.014080226391752633,0.06675292790551077,0.08290281341817748,0.0726675199209784,0.20788732394366197,0.011682502170888863,0.010240164648547373,0.03838998816167765,0.050542751502299685,0.04430267502657651,0.0,0.0,0.0,0.0,0.0,0.0,0.9901408450704225,0.014603127713611051,0.012800205810684192,0.4873239436619718,0.04207709646842158,0.03688220121568914,0.6989071661907664,0.036843633541186895,0.032294868701384594,0.8054090354090354,0.04290385287659305,0.03760688515925508
ablation,deepsense-exact,0.05,0.45,opensemcom_receiver_only,5,0.0028169014084507044,0.006298783035210675,0.00552112676056338,0.0,0.0,0.0,0.0028169014084507044,0.006298783035210675,0.00552112676056338,0.2,0.4472135954999579,0.39199999999999996,0.4,0.8944271909999159,0.7839999999999999,0.10309859154929576,0.006928661338731734,0.006073239436619709,0.024390243902439025,0.05453824335365341,0.04780487804878049,0.20225352112676057,0.005039026428168533,0.004416901408450698,0.013333333333333332,0.029814239699997195,0.02613333333333333,0.0,0.0,0.0,0.0,0.0,0.0,0.9971830985915492,0.0062987830352106665,0.005521126760563372,0.504225352112676,0.048688411316742564,0.04267727418891691,0.686525394136088,0.04914167730541006,0.04307457934543619,0.8093861358783867,0.05996147565662383,0.05255855075496861
OpenSemCom,deepsense-exact,0.05,0.6,opensemcom_progressive,5,0.009859154929577466,0.011783944035691205,0.010329082363488626,0.0,0.0,0.0,0.009859154929577466,0.011783944035691205,0.010329082363488626,0.6,0.5477225575051661,0.4800999895855029,1.4,1.6733200530681511,1.466729695615385,0.10887323943661972,0.010605549632122081,0.009296174127139761,0.08318885333730189,0.09474639883097996,0.0830488802564761,0.20788732394366197,0.00942715522855296,0.008263265890790898,0.04549910409802901,0.05312603698743174,0.04656702459099368,0.0,0.0,0.0,0.0,0.0,0.0,0.9901408450704225,0.011783944035691189,0.010329082363488612,0.4915492957746479,0.029627723898538905,0.0259698450250454,0.6922263329079694,0.016753473706277222,0.014685067178064554,0.7444029782645767,0.0743434687262344,0.065164923503956
best_comparison,deepsense-exact,0.05,0.6,fixed_refine_all,5,0.014084507042253521,0.016515548450082497,0.014476516495869696,0.02857142857142857,0.06388765649999399,0.056,0.015492957746478872,0.019541460458467053,0.01712884531418456,0.7714285714285715,0.43565573377076877,0.381869087515604,2.2,2.7748873851023217,2.432296034614208,0.1232394366197183,0.029312190687700586,0.025693267971276846,0.09731651691127478,0.0912276089876778,0.07996452496751759,0.21239436619718308,0.015633168366773628,0.013703076251347637,0.06232608111737845,0.068024383247258,0.05962600086679977,0.0,0.0,0.0,0.0,0.0,0.0,0.9845070422535211,0.019541460458467077,0.017128845314184585,0.4577464788732394,0.035561637106908725,0.03117114928119293,0.7179658951536592,0.06996914562759701,0.061330660252748526,0.7616662570679168,0.08392216417222423,0.07356102025193235
ablation,deepsense-exact,0.05,0.6,opensemcom_no_channel,5,0.008450704225352112,0.011571603327573933,0.010142957526454287,0.04,0.08944271909999159,0.0784,0.009859154929577464,0.014603127713611072,0.012800205810684211,0.5599999999999999,0.5176871642217914,0.4537728065893768,1.4,2.073644135332772,1.8176292251171577,0.11084507042253519,0.01606344048497218,0.014080226391752633,0.06675292790551077,0.08290281341817748,0.0726675199209784,0.20788732394366197,0.011682502170888863,0.010240164648547373,0.03838998816167765,0.050542751502299685,0.04430267502657651,0.0,0.0,0.0,0.0,0.0,0.0,0.9901408450704225,0.014603127713611051,0.012800205810684192,0.4873239436619718,0.04207709646842158,0.03688220121568914,0.6989071661907664,0.036843633541186895,0.032294868701384594,0.8054090354090354,0.04290385287659305,0.03760688515925508
ablation,deepsense-exact,0.05,0.6,opensemcom_receiver_only,5,0.0028169014084507044,0.006298783035210675,0.00552112676056338,0.0,0.0,0.0,0.0028169014084507044,0.006298783035210675,0.00552112676056338,0.2,0.4472135954999579,0.39199999999999996,0.4,0.8944271909999159,0.7839999999999999,0.10309859154929576,0.006928661338731734,0.006073239436619709,0.024390243902439025,0.05453824335365341,0.04780487804878049,0.20225352112676057,0.005039026428168533,0.004416901408450698,0.013333333333333332,0.029814239699997195,0.02613333333333333,0.0,0.0,0.0,0.0,0.0,0.0,0.9971830985915492,0.0062987830352106665,0.005521126760563372,0.504225352112676,0.048688411316742564,0.04267727418891691,0.686525394136088,0.04914167730541006,0.04307457934543619,0.8093861358783867,0.05996147565662383,0.05255855075496861
OpenSemCom,deepsense-exact,0.05,0.8,opensemcom_progressive,5,0.009859154929577466,0.011783944035691205,0.010329082363488626,0.0,0.0,0.0,0.009859154929577466,0.011783944035691205,0.010329082363488626,0.6,0.5477225575051661,0.4800999895855029,1.4,1.6733200530681511,1.466729695615385,0.10887323943661972,0.010605549632122081,0.009296174127139761,0.08318885333730189,0.09474639883097996,0.0830488802564761,0.20788732394366197,0.00942715522855296,0.008263265890790898,0.04549910409802901,0.05312603698743174,0.04656702459099368,0.0,0.0,0.0,0.0,0.0,0.0,0.9901408450704225,0.011783944035691189,0.010329082363488612,0.4915492957746479,0.029627723898538905,0.0259698450250454,0.6922263329079694,0.016753473706277222,0.014685067178064554,0.7444029782645767,0.0743434687262344,0.065164923503956
best_comparison,deepsense-exact,0.05,0.8,fixed_refine_all,5,0.014084507042253521,0.016515548450082497,0.014476516495869696,0.02857142857142857,0.06388765649999399,0.056,0.015492957746478872,0.019541460458467053,0.01712884531418456,0.7714285714285715,0.43565573377076877,0.381869087515604,2.2,2.7748873851023217,2.432296034614208,0.1232394366197183,0.029312190687700586,0.025693267971276846,0.09731651691127478,0.0912276089876778,0.07996452496751759,0.21239436619718308,0.015633168366773628,0.013703076251347637,0.06232608111737845,0.068024383247258,0.05962600086679977,0.0,0.0,0.0,0.0,0.0,0.0,0.9845070422535211,0.019541460458467077,0.017128845314184585,0.4577464788732394,0.035561637106908725,0.03117114928119293,0.7179658951536592,0.06996914562759701,0.061330660252748526,0.7616662570679168,0.08392216417222423,0.07356102025193235
ablation,deepsense-exact,0.05,0.8,opensemcom_no_channel,5,0.008450704225352112,0.011571603327573933,0.010142957526454287,0.04,0.08944271909999159,0.0784,0.009859154929577464,0.014603127713611072,0.012800205810684211,0.5599999999999999,0.5176871642217914,0.4537728065893768,1.4,2.073644135332772,1.8176292251171577,0.11084507042253519,0.01606344048497218,0.014080226391752633,0.06675292790551077,0.08290281341817748,0.0726675199209784,0.20788732394366197,0.011682502170888863,0.010240164648547373,0.03838998816167765,0.050542751502299685,0.04430267502657651,0.0,0.0,0.0,0.0,0.0,0.0,0.9901408450704225,0.014603127713611051,0.012800205810684192,0.4873239436619718,0.04207709646842158,0.03688220121568914,0.6989071661907664,0.036843633541186895,0.032294868701384594,0.8054090354090354,0.04290385287659305,0.03760688515925508
ablation,deepsense-exact,0.05,0.8,opensemcom_receiver_only,5,0.0028169014084507044,0.006298783035210675,0.00552112676056338,0.0,0.0,0.0,0.0028169014084507044,0.006298783035210675,0.00552112676056338,0.2,0.4472135954999579,0.39199999999999996,0.4,0.8944271909999159,0.7839999999999999,0.10309859154929576,0.006928661338731734,0.006073239436619709,0.024390243902439025,0.05453824335365341,0.04780487804878049,0.20225352112676057,0.005039026428168533,0.004416901408450698,0.013333333333333332,0.029814239699997195,0.02613333333333333,0.0,0.0,0.0,0.0,0.0,0.0,0.9971830985915492,0.0062987830352106665,0.005521126760563372,0.504225352112676,0.048688411316742564,0.04267727418891691,0.686525394136088,0.04914167730541006,0.04307457934543619,0.8093861358783867,0.05996147565662383,0.05255855075496861
OpenSemCom,deepsense-exact,0.05,1.0,opensemcom_progressive,5,0.009859154929577466,0.011783944035691205,0.010329082363488626,0.0,0.0,0.0,0.009859154929577466,0.011783944035691205,0.010329082363488626,0.6,0.5477225575051661,0.4800999895855029,1.4,1.6733200530681511,1.466729695615385,0.10887323943661972,0.010605549632122081,0.009296174127139761,0.08318885333730189,0.09474639883097996,0.0830488802564761,0.20788732394366197,0.00942715522855296,0.008263265890790898,0.04549910409802901,0.05312603698743174,0.04656702459099368,0.0,0.0,0.0,0.0,0.0,0.0,0.9901408450704225,0.011783944035691189,0.010329082363488612,0.4915492957746479,0.029627723898538905,0.0259698450250454,0.6922263329079694,0.016753473706277222,0.014685067178064554,0.7444029782645767,0.0743434687262344,0.065164923503956
best_comparison,deepsense-exact,0.05,1.0,fixed_refine_all,5,0.014084507042253521,0.016515548450082497,0.014476516495869696,0.02857142857142857,0.06388765649999399,0.056,0.015492957746478872,0.019541460458467053,0.01712884531418456,0.7714285714285715,0.43565573377076877,0.381869087515604,2.2,2.7748873851023217,2.432296034614208,0.1232394366197183,0.029312190687700586,0.025693267971276846,0.09731651691127478,0.0912276089876778,0.07996452496751759,0.21239436619718308,0.015633168366773628,0.013703076251347637,0.06232608111737845,0.068024383247258,0.05962600086679977,0.0,0.0,0.0,0.0,0.0,0.0,0.9845070422535211,0.019541460458467077,0.017128845314184585,0.4577464788732394,0.035561637106908725,0.03117114928119293,0.7179658951536592,0.06996914562759701,0.061330660252748526,0.7616662570679168,0.08392216417222423,0.07356102025193235
ablation,deepsense-exact,0.05,1.0,opensemcom_no_channel,5,0.008450704225352112,0.011571603327573933,0.010142957526454287,0.04,0.08944271909999159,0.0784,0.009859154929577464,0.014603127713611072,0.012800205810684211,0.5599999999999999,0.5176871642217914,0.4537728065893768,1.4,2.073644135332772,1.8176292251171577,0.11084507042253519,0.01606344048497218,0.014080226391752633,0.06675292790551077,0.08290281341817748,0.0726675199209784,0.20788732394366197,0.011682502170888863,0.010240164648547373,0.03838998816167765,0.050542751502299685,0.04430267502657651,0.0,0.0,0.0,0.0,0.0,0.0,0.9901408450704225,0.014603127713611051,0.012800205810684192,0.4873239436619718,0.04207709646842158,0.03688220121568914,0.6989071661907664,0.036843633541186895,0.032294868701384594,0.8054090354090354,0.04290385287659305,0.03760688515925508
ablation,deepsense-exact,0.05,1.0,opensemcom_receiver_only,5,0.0028169014084507044,0.006298783035210675,0.00552112676056338,0.0,0.0,0.0,0.0028169014084507044,0.006298783035210675,0.00552112676056338,0.2,0.4472135954999579,0.39199999999999996,0.4,0.8944271909999159,0.7839999999999999,0.10309859154929576,0.006928661338731734,0.006073239436619709,0.024390243902439025,0.05453824335365341,0.04780487804878049,0.20225352112676057,0.005039026428168533,0.004416901408450698,0.013333333333333332,0.029814239699997195,0.02613333333333333,0.0,0.0,0.0,0.0,0.0,0.0,0.9971830985915492,0.0062987830352106665,0.005521126760563372,0.504225352112676,0.048688411316742564,0.04267727418891691,0.686525394136088,0.04914167730541006,0.04307457934543619,0.8093861358783867,0.05996147565662383,0.05255855075496861
OpenSemCom,deepsense-sector,0.05,0.3,opensemcom_progressive,5,0.004580152671755725,0.010241532721373082,0.008977099236641221,0.0,0.0,0.0,0.004580152671755725,0.010241532721373082,0.008977099236641221,0.2,0.4472135954999579,0.39199999999999996,0.6,1.3416407864998738,1.176,0.10412213740458016,0.009217379449235777,0.0080793893129771,0.03797468354430379,0.08491397382910593,0.07443037974683543,0.20366412213740456,0.008193226177098464,0.007181679389312974,0.02097902097902098,0.0469105170104851,0.041118881118881116,0.0,0.0,0.0,0.0,0.0,0.0,0.9954198473282443,0.0102415327213731,0.008977099236641237,0.9099236641221374,0.01975905206953402,0.017319572770586898,0.8336700076738875,0.059049480138345566,0.05175915143714283,0.5721988609844303,0.21556477762525683,0.18895085855928237
best_comparison,deepsense-sector,0.05,0.3,dino_detector,5,0.0061068702290076335,0.009952980771301754,0.008724172300684572,0.0,0.0,0.0,0.0061068702290076335,0.009952980771301754,0.008724172300684572,0.4,0.5477225575051661,0.4800999895855029,0.8,1.3038404810405297,1.1428665713896788,0.10549618320610687,0.00895768269417158,0.007851755070616116,0.05226039783001808,0.08291292068613036,0.0726763793319565,0.20488549618320612,0.007962384617041402,0.006979337840547655,0.028386428386428388,0.045677616402207265,0.040038196087593965,0.0,0.0,0.0,0.0,0.0,0.0,0.9938931297709924,0.009952980771301771,0.008724172300684585,0.9099236641221374,0.01975905206953402,0.017319572770586898,0.8336700076738875,0.059049480138345566,0.05175915143714283,0.5721988609844303,0.21556477762525683,0.18895085855928237
ablation,deepsense-sector,0.05,0.3,opensemcom_no_channel,5,0.00916030534351145,0.008362176450460551,0.007329770833366457,0.0,0.0,0.0,0.00916030534351145,0.008362176450460551,0.007329770833366457,0.8,0.4472135954999579,0.39199999999999996,1.2,1.0954451150103321,0.9601999791710057,0.11007633587786261,0.009198394095506598,0.008062747916703094,0.0788388869804191,0.06569317841553508,0.05758260973730208,0.20732824427480917,0.00668974116036844,0.005863816666693163,0.0432012432012432,0.038034432747639374,0.033338650226871366,0.0,0.0,0.0,0.0,0.0,0.0,0.9908396946564885,0.008362176450460565,0.007329770833366469,0.9083969465648855,0.02019657489362282,0.01770307843492403,0.8305125589765948,0.11414759912015905,0.10005478211161976,0.5202652105456024,0.26796718773613554,0.23488359622683924
ablation,deepsense-sector,0.05,0.3,opensemcom_receiver_only,5,0.0015267175572519084,0.003413844240457694,0.0029923664122137403,0.0,0.0,0.0,0.0015267175572519084,0.003413844240457694,0.0029923664122137403,0.2,0.4472135954999579,0.39199999999999996,0.2,0.4472135954999579,0.39199999999999996,0.10167938931297708,0.00375522866450346,0.003291603053435111,0.014084507042253521,0.03149391517605338,0.0276056338028169,0.20122137404580154,0.002731075392366155,0.002393893129770992,0.007407407407407407,0.01656346649999844,0.014518518518518516,0.0,0.0,0.0,0.0,0.0,0.0,0.9984732824427482,0.0034138442404577,0.002992366412213745,0.9099236641221374,0.013655376961830765,0.011969465648854951,0.8454591399919054,0.07841531008837035,0.06873404982305388,0.4164303676222465,0.131755262150174,0.11548857924394891
OpenSemCom,deepsense-sector,0.05,0.45,opensemcom_progressive,5,0.004580152671755725,0.010241532721373082,0.008977099236641221,0.0,0.0,0.0,0.004580152671755725,0.010241532721373082,0.008977099236641221,0.2,0.4472135954999579,0.39199999999999996,0.6,1.3416407864998738,1.176,0.10412213740458016,0.009217379449235777,0.0080793893129771,0.03797468354430379,0.08491397382910593,0.07443037974683543,0.20366412213740456,0.008193226177098464,0.007181679389312974,0.02097902097902098,0.0469105170104851,0.041118881118881116,0.0,0.0,0.0,0.0,0.0,0.0,0.9954198473282443,0.0102415327213731,0.008977099236641237,0.9099236641221374,0.01975905206953402,0.017319572770586898,0.8336700076738875,0.059049480138345566,0.05175915143714283,0.5721988609844303,0.21556477762525683,0.18895085855928237
best_comparison,deepsense-sector,0.05,0.45,dino_detector,5,0.0061068702290076335,0.009952980771301754,0.008724172300684572,0.0,0.0,0.0,0.0061068702290076335,0.009952980771301754,0.008724172300684572,0.4,0.5477225575051661,0.4800999895855029,0.8,1.3038404810405297,1.1428665713896788,0.10549618320610687,0.00895768269417158,0.007851755070616116,0.05226039783001808,0.08291292068613036,0.0726763793319565,0.20488549618320612,0.007962384617041402,0.006979337840547655,0.028386428386428388,0.045677616402207265,0.040038196087593965,0.0,0.0,0.0,0.0,0.0,0.0,0.9938931297709924,0.009952980771301771,0.008724172300684585,0.9099236641221374,0.01975905206953402,0.017319572770586898,0.8336700076738875,0.059049480138345566,0.05175915143714283,0.5721988609844303,0.21556477762525683,0.18895085855928237
ablation,deepsense-sector,0.05,0.45,opensemcom_no_channel,5,0.00916030534351145,0.008362176450460551,0.007329770833366457,0.0,0.0,0.0,0.00916030534351145,0.008362176450460551,0.007329770833366457,0.8,0.4472135954999579,0.39199999999999996,1.2,1.0954451150103321,0.9601999791710057,0.11007633587786261,0.009198394095506598,0.008062747916703094,0.0788388869804191,0.06569317841553508,0.05758260973730208,0.20732824427480917,0.00668974116036844,0.005863816666693163,0.0432012432012432,0.038034432747639374,0.033338650226871366,0.0,0.0,0.0,0.0,0.0,0.0,0.9908396946564885,0.008362176450460565,0.007329770833366469,0.9083969465648855,0.02019657489362282,0.01770307843492403,0.8305125589765948,0.11414759912015905,0.10005478211161976,0.5202652105456024,0.26796718773613554,0.23488359622683924
ablation,deepsense-sector,0.05,0.45,opensemcom_receiver_only,5,0.0015267175572519084,0.003413844240457694,0.0029923664122137403,0.0,0.0,0.0,0.0015267175572519084,0.003413844240457694,0.0029923664122137403,0.2,0.4472135954999579,0.39199999999999996,0.2,0.4472135954999579,0.39199999999999996,0.10167938931297708,0.00375522866450346,0.003291603053435111,0.014084507042253521,0.03149391517605338,0.0276056338028169,0.20122137404580154,0.002731075392366155,0.002393893129770992,0.007407407407407407,0.01656346649999844,0.014518518518518516,0.0,0.0,0.0,0.0,0.0,0.0,0.9984732824427482,0.0034138442404577,0.002992366412213745,0.9099236641221374,0.013655376961830765,0.011969465648854951,0.8454591399919054,0.07841531008837035,0.06873404982305388,0.4164303676222465,0.131755262150174,0.11548857924394891
OpenSemCom,deepsense-sector,0.05,0.6,opensemcom_progressive,5,0.3893129770992366,0.2234047423917847,0.19582289066967293,0.011125541125541125,0.01715263833948614,0.015034950405659567,0.39541984732824426,0.22858740069229322,0.20036569096519644,0.788874458874459,0.44128385698916595,0.3868023550276197,51.8,29.944949490690412,26.247905516440735,0.4558778625954199,0.2057286606230639,0.1803291218686768,0.714051459791156,0.3993219200602886,0.3500210955989325,0.5163358778625954,0.18286992055383458,0.16029255277215715,0.65260935233525,0.36546155494944005,0.32034117697165126,0.0,0.0,0.0,0.0,0.0,0.0,0.6045801526717558,0.22858740069229322,0.20036569096519644,0.9114503816793892,0.0102415327213731,0.008977099236641237,0.8280692009582611,0.09454250292209224,0.08287015761233413,0.47811131344259233,0.2867834243861171,0.25137675484503125
best_comparison,deepsense-sector,0.05,0.6,dino_detector,5,0.08702290076335878,0.17776592071770922,0.1558186996605933,0.0,0.0,0.0,0.08702290076335878,0.17776592071770922,0.1558186996605933,0.6,0.5477225575051661,0.4800999895855029,11.4,23.28733561401991,20.412249655537725,0.1783206106870229,0.1599893286459383,0.14023682969453397,0.22660250309317598,0.3688799686967508,0.3233375487332203,0.269618320610687,0.14221273657416736,0.12465495972847464,0.1829053788237462,0.3324174665373363,0.29137675641761224,0.0,0.0,0.0,0.0,0.0,0.0,0.9129770992366412,0.17776592071770922,0.1558186996605933,0.9099236641221374,0.01975905206953402,0.017319572770586898,0.8336700076738875,0.059049480138345566,0.05175915143714283,0.5721988609844303,0.21556477762525683,0.18895085855928237
ablation,deepsense-sector,0.05,0.6,opensemcom_no_channel,5,0.00916030534351145,0.008362176450460551,0.007329770833366457,0.0,0.0,0.0,0.00916030534351145,0.008362176450460551,0.007329770833366457,0.8,0.4472135954999579,0.39199999999999996,1.2,1.0954451150103321,0.9601999791710057,0.11007633587786261,0.009198394095506598,0.008062747916703094,0.0788388869804191,0.06569317841553508,0.05758260973730208,0.20732824427480917,0.00668974116036844,0.005863816666693163,0.0432012432012432,0.038034432747639374,0.033338650226871366,0.0,0.0,0.0,0.0,0.0,0.0,0.9908396946564885,0.008362176450460565,0.007329770833366469,0.9083969465648855,0.02019657489362282,0.01770307843492403,0.8305125589765948,0.11414759912015905,0.10005478211161976,0.5202652105456024,0.26796718773613554,0.23488359622683924
ablation,deepsense-sector,0.05,0.6,opensemcom_receiver_only,5,0.0015267175572519084,0.003413844240457694,0.0029923664122137403,0.0,0.0,0.0,0.0015267175572519084,0.003413844240457694,0.0029923664122137403,0.2,0.4472135954999579,0.39199999999999996,0.2,0.4472135954999579,0.39199999999999996,0.10167938931297708,0.00375522866450346,0.003291603053435111,0.014084507042253521,0.03149391517605338,0.0276056338028169,0.20122137404580154,0.002731075392366155,0.002393893129770992,0.007407407407407407,0.01656346649999844,0.014518518518518516,0.0,0.0,0.0,0.0,0.0,0.0,0.9984732824427482,0.0034138442404577,0.002992366412213745,0.9099236641221374,0.013655376961830765,0.011969465648854951,0.8454591399919054,0.07841531008837035,0.06873404982305388,0.4164303676222465,0.131755262150174,0.11548857924394891
OpenSemCom,deepsense-sector,0.05,0.8,opensemcom_progressive,5,0.4534351145038168,0.2666079029322828,0.23369213056373792,0.014533780825915657,0.01998767623853042,0.01751997069039164,0.4625954198473282,0.27356588993620673,0.23979107507925287,0.7854662191740844,0.43946856177485377,0.38521117861623433,60.6,35.837131581643085,31.412630835382128,0.5364885496183207,0.2633717222176021,0.23085549309806191,0.7039466799234514,0.39559551677132376,0.3467547591011765,0.5993893129770992,0.24672813823580775,0.2162667485104346,0.650182954494378,0.36784935782001477,0.32243417846955713,0.024427480916030534,0.05462150784732311,0.047877862595419846,0.024427480916030534,0.05462150784732311,0.047877862595419846,0.5374045801526718,0.27356588993620673,0.23979107507925287,0.9083969465648855,0.015267175572519068,0.013382269422594146,0.8231076127704894,0.07855244787636899,0.06885425639422346,0.5386655702125125,0.33213960153052113,0.2911331970004399
best_comparison,deepsense-sector,0.05,0.8,ensemble_detector,5,0.2870229007633588,0.2665532556070255,0.2336442300711849,0.011811811811811812,0.01795046283561819,0.015734274410186155,0.2931297709923664,0.27297949005903516,0.2392770729242104,0.5881881881881882,0.5371316480195532,0.4708166481125788,38.4,35.7603131977336,31.345296553071563,0.4224427480916031,0.30027743906493864,0.26320478021663146,0.44976485998992716,0.410769676427455,0.36005549647825386,0.4345038167938931,0.2183835920472281,0.1914216583393683,0.48438877576818273,0.44299358736207,0.38830099977572746,0.0,0.0,0.0,0.0,0.0,0.0,0.7068702290076336,0.27297949005903516,0.2392770729242104,0.9083969465648856,0.017902350228333672,0.015692101850484686,0.8367376580229244,0.07906540041293564,0.0693038791166931,0.5601055649331512,0.2931630566381154,0.2569687490687032
ablation,deepsense-sector,0.05,0.8,opensemcom_no_channel,5,0.19083969465648853,0.24929245485202947,0.21851447112815858,0.0035714285714285713,0.007985957062499249,0.007,0.19236641221374046,0.2510626561558035,0.22006612098420478,0.7964285714285715,0.4452842476716303,0.39030885206461813,25.2,32.88920795641026,28.828661848930828,0.3116030534351145,0.2761689217713839,0.24207273308262534,0.35195123326543365,0.3722488548656674,0.32629050765822554,0.3538931297709924,0.20085012492464283,0.17605289678736386,0.35040461344615387,0.4172835302757327,0.36576514111835084,0.0,0.0,0.0,0.0,0.0,0.0,0.8076335877862595,0.25106265615580353,0.2200661209842048,0.9083969465648855,0.02019657489362282,0.01770307843492403,0.8305125589765948,0.11414759912015905,0.10005478211161976,0.5202652105456024,0.26796718773613554,0.23488359622683924
ablation,deepsense-sector,0.05,0.8,opensemcom_receiver_only,5,0.19541984732824427,0.26446829013585765,0.23181667725767058,0.0029850746268656717,0.006674829783581462,0.005850746268656716,0.19694656488549617,0.2667062399011148,0.2337783267173657,0.5970149253731343,0.5450316309406034,0.47774128845494057,25.8,34.938517427046044,30.624960799974914,0.31664122137404577,0.2933768638912263,0.2571561593891023,0.31827794050927716,0.4046991737267327,0.3547344662532607,0.357557251908397,0.21336499192089184,0.18702266137389256,0.33548760790866056,0.44276520507865263,0.38810081387798095,0.0,0.0,0.0,0.0,0.0,0.0,0.8030534351145038,0.2667062399011148,0.2337783267173657,0.9099236641221374,0.013655376961830765,0.011969465648854951,0.8454591399919054,0.07841531008837035,0.06873404982305388,0.4164303676222465,0.131755262150174,0.11548857924394891
OpenSemCom,deepsense-sector,0.05,1.0,opensemcom_progressive,5,0.49770992366412214,0.30263108223770957,0.2652678394192363,0.017542194146957246,0.019824857179563147,0.017377253492709355,0.5099236641221374,0.3118299587883577,0.2733310102265165,0.7824578058530427,0.43774641961838073,0.3837016544601479,66.8,40.84972460127485,35.80636233967365,0.6848854961832062,0.38635359262905955,0.3386538554161768,0.6124621737637843,0.3516502038141348,0.308234993931784,0.7783206106870229,0.3953629597441436,0.3465509138791798,0.5518599664235422,0.3181985312970755,0.2789133101577752,0.12519083969465647,0.12433612531657015,0.1089854190805791,0.12519083969465647,0.12433612531657015,0.1089854190805791,0.4900763358778626,0.3118299587883577,0.2733310102265165,0.9145038167938931,0.0136553769618308,0.01196946564885498,0.8337111251088618,0.10027786147808214,0.08789742104209329,0.5110186025043688,0.2882992976289964,0.2527054763266409
best_comparison,deepsense-sector,0.05,1.0,ensemble_detector,5,0.32671755725190843,0.3009899561015755,0.26382932893601774,0.015425181278839817,0.02116803802044431,0.018554603409893313,0.33587786259541985,0.31045342607118714,0.27212442610080895,0.5845748187211601,0.5338753642516155,0.4679623895437967,44.0,40.66939881532551,35.64829981920596,0.4694656488549619,0.3414987686783058,0.29933686871088977,0.4565105287818622,0.41677647078577246,0.36532068387898137,0.4687022900763358,0.24836274085694968,0.21769954088064708,0.503764313367148,0.4600536318016972,0.4032547880496675,0.0,0.0,0.0,0.0,0.0,0.0,0.6641221374045803,0.3104534260711871,0.2721244261008089,0.9083969465648856,0.017902350228333672,0.015692101850484686,0.8367376580229244,0.07906540041293564,0.0693038791166931,0.5601055649331512,0.2931630566381154,0.2569687490687032
ablation,deepsense-sector,0.05,1.0,opensemcom_no_channel,5,0.23053435114503817,0.30455049693963393,0.26695028058543835,0.009411764705882352,0.021045345670586257,0.01844705882352941,0.23664122137404578,0.31441672254380104,0.27559840862928686,0.7905882352941177,0.4424217718664547,0.3877997813947643,31.0,41.188590653237945,36.10339153043658,0.3603053435114504,0.3458583947981812,0.30315824949221554,0.35666552507934346,0.37843085138595534,0.3317092665249897,0.3893129770992367,0.2515333780350409,0.2204787269034295,0.3674495582743587,0.44006386281177523,0.38573298298180225,0.0,0.0,0.0,0.0,0.0,0.0,0.7633587786259541,0.3144167225438011,0.2755984086292869,0.9083969465648855,0.02019657489362282,0.01770307843492403,0.8305125589765948,0.11414759912015905,0.10005478211161976,0.5202652105456024,0.26796718773613554,0.23488359622683924
ablation,deepsense-sector,0.05,1.0,opensemcom_receiver_only,5,0.233587786259542,0.3265801951380681,0.28626016244207564,0.010416666666666668,0.02329237476562281,0.020416666666666666,0.24122137404580152,0.34021317317961314,0.2982099945716451,0.5895833333333333,0.5386333335911876,0.4721329335520288,31.6,44.56792568652932,39.06550928888551,0.3653435114503817,0.3742344904975744,0.3280309940288096,0.31953192472382885,0.40641754461086355,0.3562406847433901,0.39297709923664126,0.2721705385436905,0.2385679956573161,0.3467731032002877,0.4588541707507597,0.40220341408273375,0.0,0.0,0.0,0.0,0.0,0.0,0.7587786259541984,0.34021317317961314,0.2982099945716451,0.9099236641221374,0.013655376961830765,0.011969465648854951,0.8454591399919054,0.07841531008837035,0.06873404982305388,0.4164303676222465,0.131755262150174,0.11548857924394891
OpenSemCom,full-open-extreme,0.05,0.3,opensemcom_progressive,5,0.059375,0.002226905127146754,0.0019519684075472378,0.019028251442044546,0.020154909093244442,0.017666556750626703,0.060546875,0.0025837415147115144,0.002264749291967822,0.9809717485579554,0.02015490909324442,0.017666556750626682,62.0,2.6457513110645907,2.3191032749750495,0.15449218750000002,0.0023253673632403593,0.0020382743627710364,0.3842407932691038,0.00992448638458748,0.00869919586950182,0.2484375,0.0020669932117692094,0.0018117994335742555,0.2389547088725509,0.0073532270599337,0.006445387699521047,0.0,0.0,0.0,0.0,0.0,0.0,0.939453125,0.0025837415147115144,0.002264749291967822,0.4359375,0.47435542090096827,0.4157908589189951,0.9984361687255863,0.001542895204402247,0.0013524072752071278,0.002173913043478261,0.004861017342390847,0.004260869565217391
best_comparison,full-open-extreme,0.05,0.3,dino_detector,5,0.0546875,0.004085254035810916,0.003580883045935999,0.046133764061902956,0.030388505691102286,0.02663669966829802,0.057421875,0.005322041638061997,0.004664975177662054,0.9538662359380969,0.03038850569110231,0.026636699668298045,58.8,5.449770637375485,4.776934581925944,0.1516796875,0.004789837474255793,0.004198477659895846,0.36018964579397195,0.016826576568599812,0.014749144662109779,0.2459375,0.004257633310449601,0.003731980142129647,0.22219947443123292,0.013105640973192945,0.01148760080906824,0.0,0.0,0.0,0.0,0.0,0.0,0.942578125,0.005322041638061997,0.004664975177662054,0.9572265625,0.009427748739177476,0.008263786125790798,0.9946464903121388,0.00533623143575954,0.004677413083739616,0.00654562828475872,0.005975512746528183,0.005237767859048167
ablation,full-open-extreme,0.05,0.3,opensemcom_no_channel,5,0.0248046875,0.004290211452439218,0.0037605361426368616,0.015362318840579708,0.021339318631079376,0.018704737484627525,0.0251953125,0.004334441605697685,0.0037993055813385986,0.9846376811594203,0.021339318631079365,0.018704737484627514,25.8,4.43846820423443,3.890488915290725,0.12771484375,0.004767885766267449,0.004179236139472454,0.19344625866105966,0.02618940697256651,0.022956027358177748,0.22015625,0.0034675532845581483,0.0030394444650708786,0.11244803633958253,0.017659262854632735,0.015479026372794346,0.0,0.0,0.0,0.0,0.0,0.0,0.9748046875,0.004334441605697685,0.0037993055813385986,0.0896484375,0.00043673202685542766,0.00038281249999999996,0.9986950789700348,0.0007874518392129022,0.0006902319698630152,0.0,0.0,0.0
ablation,full-open-extreme,0.05,0.3,opensemcom_receiver_only,5,0.02265625,0.0054547812670972425,0.004781326592523773,0.022483766233766234,0.021157679966667765,0.018545524175448604,0.0232421875,0.005875628498629423,0.005150215455520405,0.9775162337662338,0.021157679966667755,0.018545524175448594,23.8,6.016643582596529,5.273820626452895,0.12556640624999998,0.006463191348492367,0.005665237001072446,0.17905307763417996,0.033548460870099196,0.029406522506045148,0.21859375,0.004700502798903539,0.0041201723644163244,0.10325830487931682,0.02254019407759004,0.019757351223943564,0.0,0.0,0.0,0.0,0.0,0.0,0.9767578125,0.005875628498629423,0.005150215455520405,0.089453125,0.0005348853100636387,0.00046884764607959265,0.9988001801665252,0.0009017036727571561,0.0007903781174757207,0.0,0.0,0.0
OpenSemCom,full-open-extreme,0.05,0.45,opensemcom_progressive,5,0.087890625,0.0009765625,0.0008559947726366382,0.048124510158557905,0.02358940784402177,0.020677027639374176,0.0923828125,0.002638526579317636,0.002312770518383336,0.951875489841442,0.023589407844021772,0.02067702763937418,94.6,2.701851217221259,2.368277010824536,0.18314453125,0.0023746739213858694,0.0020814934665449995,0.47993185632984375,0.005511901558507516,0.004831394735483057,0.27390624999999996,0.002110821263454103,0.0018502164147066638,0.32088154517535117,0.002999745871187604,0.0026293931878143256,0.0,0.0,0.0,0.0,0.0,0.0,0.9076171875,0.002638526579317636,0.002312770518383336,0.2603515625,0.3818132086425839,0.3346740333789941,0.9988096719979078,0.0009016819266521274,0.0007903590561742373,0.0,0.0,0.0
best_comparison,full-open-extreme,0.05,0.45,dino_detector,5,0.0818359375,0.0029620607203326367,0.002596360696665141,0.07169818236755357,0.03484638810380007,0.030544205887611288,0.08828125,0.005240784322265132,0.00459375,0.9283018176324465,0.0348463881038001,0.030544205887611312,90.4,5.366563145999495,4.704,0.179453125,0.004716705890038619,0.004134375,0.4560084307097549,0.010297291503191341,0.009025973963824596,0.270625,0.004192627457812107,0.003675000000000001,0.30234766156532467,0.007807330197613838,0.006843426649503351,0.0,0.0,0.0,0.0,0.0,0.0,0.91171875,0.005240784322265132,0.00459375,0.9572265625,0.009427748739177476,0.008263786125790798,0.9946464903121388,0.00533623143575954,0.004677413083739616,0.00654562828475872,0.005975512746528183,0.005237767859048167
ablation,full-open-extreme,0.05,0.45,opensemcom_no_channel,5,0.0818359375,0.00043673202685542766,0.00038281249999999996,0.027535175329882627,0.0172781687908992,0.015144982697721056,0.0841796875,0.0018784554747725923,0.0016465388206448777,0.9724648246701175,0.01727816879089918,0.015144982697721037,86.2,1.9235384061671346,1.6860557523403548,0.19259765624999997,0.0020663010222498526,0.0018111927027093663,0.42492737999930885,0.002599143622664844,0.002278249834836952,0.26734375,0.0015027643798180604,0.0013172310565158904,0.3061084395196971,0.0006320170074416475,0.0005539873326976015,0.0,0.0,0.0,0.0,0.0,0.0,0.9158203125,0.0018784554747725923,0.0016465388206448777,0.0896484375,0.00043673202685542766,0.00038281249999999996,0.9986950789700348,0.0007874518392129022,0.0006902319698630152,0.0,0.0,0.0
ablation,full-open-extreme,0.05,0.45,opensemcom_receiver_only,5,0.082421875,0.0016341016143243663,0.0014323532183743994,0.025219114109156095,0.016877827284879833,0.014794067895624869,0.0845703125,0.00202504310091091,0.0017750285401534744,0.9747808858908439,0.016877827284879847,0.01479406789562488,86.6,2.073644135332772,1.8176292251171577,0.19302734375000002,0.002227547411002001,0.0019525313941688215,0.42698656341080854,0.006082064503875589,0.005331164592288104,0.26765625000000004,0.0016200344807287257,0.0014200228321227773,0.3079275626956078,0.0049519738904133,0.0043405964947731464,0.0,0.0,0.0,0.0,0.0,0.0,0.9154296875,0.00202504310091091,0.0017750285401534744,0.089453125,0.0005348853100636387,0.00046884764607959265,0.9988001801665252,0.0009017036727571561,0.0007903781174757207,0.0,0.0,0.0
OpenSemCom,full-open-extreme,0.05,0.6,opensemcom_progressive,5,0.087890625,0.0009765625,0.0008559947726366382,0.048124510158557905,0.02358940784402177,0.020677027639374176,0.0923828125,0.002638526579317636,0.002312770518383336,0.951875489841442,0.023589407844021772,0.02067702763937418,94.6,2.701851217221259,2.368277010824536,0.18314453125,0.0023746739213858694,0.0020814934665449995,0.47993185632984375,0.005511901558507516,0.004831394735483057,0.27390624999999996,0.002110821263454103,0.0018502164147066638,0.32088154517535117,0.002999745871187604,0.0026293931878143256,0.0,0.0,0.0,0.0,0.0,0.0,0.9076171875,0.002638526579317636,0.002312770518383336,0.2603515625,0.3818132086425839,0.3346740333789941,0.9988096719979078,0.0009016819266521274,0.0007903590561742373,0.0,0.0,0.0
best_comparison,full-open-extreme,0.05,0.6,dino_detector,5,0.0818359375,0.0029620607203326367,0.002596360696665141,0.07169818236755357,0.03484638810380007,0.030544205887611288,0.08828125,0.005240784322265132,0.00459375,0.9283018176324465,0.0348463881038001,0.030544205887611312,90.4,5.366563145999495,4.704,0.179453125,0.004716705890038619,0.004134375,0.4560084307097549,0.010297291503191341,0.009025973963824596,0.270625,0.004192627457812107,0.003675000000000001,0.30234766156532467,0.007807330197613838,0.006843426649503351,0.0,0.0,0.0,0.0,0.0,0.0,0.91171875,0.005240784322265132,0.00459375,0.9572265625,0.009427748739177476,0.008263786125790798,0.9946464903121388,0.00533623143575954,0.004677413083739616,0.00654562828475872,0.005975512746528183,0.005237767859048167
ablation,full-open-extreme,0.05,0.6,opensemcom_no_channel,5,0.0818359375,0.00043673202685542766,0.00038281249999999996,0.027535175329882627,0.0172781687908992,0.015144982697721056,0.0841796875,0.0018784554747725923,0.0016465388206448777,0.9724648246701175,0.01727816879089918,0.015144982697721037,86.2,1.9235384061671346,1.6860557523403548,0.19259765624999997,0.0020663010222498526,0.0018111927027093663,0.42492737999930885,0.002599143622664844,0.002278249834836952,0.26734375,0.0015027643798180604,0.0013172310565158904,0.3061084395196971,0.0006320170074416475,0.0005539873326976015,0.0,0.0,0.0,0.0,0.0,0.0,0.9158203125,0.0018784554747725923,0.0016465388206448777,0.0896484375,0.00043673202685542766,0.00038281249999999996,0.9986950789700348,0.0007874518392129022,0.0006902319698630152,0.0,0.0,0.0
ablation,full-open-extreme,0.05,0.6,opensemcom_receiver_only,5,0.082421875,0.0016341016143243663,0.0014323532183743994,0.025219114109156095,0.016877827284879833,0.014794067895624869,0.0845703125,0.00202504310091091,0.0017750285401534744,0.9747808858908439,0.016877827284879847,0.01479406789562488,86.6,2.073644135332772,1.8176292251171577,0.19302734375000002,0.002227547411002001,0.0019525313941688215,0.42698656341080854,0.006082064503875589,0.005331164592288104,0.26765625000000004,0.0016200344807287257,0.0014200228321227773,0.3079275626956078,0.0049519738904133,0.0043405964947731464,0.0,0.0,0.0,0.0,0.0,0.0,0.9154296875,0.00202504310091091,0.0017750285401534744,0.089453125,0.0005348853100636387,0.00046884764607959265,0.9988001801665252,0.0009017036727571561,0.0007903781174757207,0.0,0.0,0.0
OpenSemCom,full-open-extreme,0.05,0.8,opensemcom_progressive,5,0.087890625,0.0009765625,0.0008559947726366382,0.048124510158557905,0.02358940784402177,0.020677027639374176,0.0923828125,0.002638526579317636,0.002312770518383336,0.951875489841442,0.023589407844021772,0.02067702763937418,94.6,2.701851217221259,2.368277010824536,0.18314453125,0.0023746739213858694,0.0020814934665449995,0.47993185632984375,0.005511901558507516,0.004831394735483057,0.27390624999999996,0.002110821263454103,0.0018502164147066638,0.32088154517535117,0.002999745871187604,0.0026293931878143256,0.0,0.0,0.0,0.0,0.0,0.0,0.9076171875,0.002638526579317636,0.002312770518383336,0.2603515625,0.3818132086425839,0.3346740333789941,0.9988096719979078,0.0009016819266521274,0.0007903590561742373,0.0,0.0,0.0
best_comparison,full-open-extreme,0.05,0.8,dino_detector,5,0.0818359375,0.0029620607203326367,0.002596360696665141,0.07169818236755357,0.03484638810380007,0.030544205887611288,0.08828125,0.005240784322265132,0.00459375,0.9283018176324465,0.0348463881038001,0.030544205887611312,90.4,5.366563145999495,4.704,0.179453125,0.004716705890038619,0.004134375,0.4560084307097549,0.010297291503191341,0.009025973963824596,0.270625,0.004192627457812107,0.003675000000000001,0.30234766156532467,0.007807330197613838,0.006843426649503351,0.0,0.0,0.0,0.0,0.0,0.0,0.91171875,0.005240784322265132,0.00459375,0.9572265625,0.009427748739177476,0.008263786125790798,0.9946464903121388,0.00533623143575954,0.004677413083739616,0.00654562828475872,0.005975512746528183,0.005237767859048167
ablation,full-open-extreme,0.05,0.8,opensemcom_no_channel,5,0.0818359375,0.00043673202685542766,0.00038281249999999996,0.027535175329882627,0.0172781687908992,0.015144982697721056,0.0841796875,0.0018784554747725923,0.0016465388206448777,0.9724648246701175,0.01727816879089918,0.015144982697721037,86.2,1.9235384061671346,1.6860557523403548,0.19259765624999997,0.0020663010222498526,0.0018111927027093663,0.42492737999930885,0.002599143622664844,0.002278249834836952,0.26734375,0.0015027643798180604,0.0013172310565158904,0.3061084395196971,0.0006320170074416475,0.0005539873326976015,0.0,0.0,0.0,0.0,0.0,0.0,0.9158203125,0.0018784554747725923,0.0016465388206448777,0.0896484375,0.00043673202685542766,0.00038281249999999996,0.9986950789700348,0.0007874518392129022,0.0006902319698630152,0.0,0.0,0.0
ablation,full-open-extreme,0.05,0.8,opensemcom_receiver_only,5,0.082421875,0.0016341016143243663,0.0014323532183743994,0.025219114109156095,0.016877827284879833,0.014794067895624869,0.0845703125,0.00202504310091091,0.0017750285401534744,0.9747808858908439,0.016877827284879847,0.01479406789562488,86.6,2.073644135332772,1.8176292251171577,0.19302734375000002,0.002227547411002001,0.0019525313941688215,0.42698656341080854,0.006082064503875589,0.005331164592288104,0.26765625000000004,0.0016200344807287257,0.0014200228321227773,0.3079275626956078,0.0049519738904133,0.0043405964947731464,0.0,0.0,0.0,0.0,0.0,0.0,0.9154296875,0.00202504310091091,0.0017750285401534744,0.089453125,0.0005348853100636387,0.00046884764607959265,0.9988001801665252,0.0009017036727571561,0.0007903781174757207,0.0,0.0,0.0
OpenSemCom,full-open-extreme,0.05,1.0,opensemcom_progressive,5,0.087890625,0.0009765625,0.0008559947726366382,0.048124510158557905,0.02358940784402177,0.020677027639374176,0.0923828125,0.002638526579317636,0.002312770518383336,0.951875489841442,0.023589407844021772,0.02067702763937418,94.6,2.701851217221259,2.368277010824536,0.18314453125,0.0023746739213858694,0.0020814934665449995,0.47993185632984375,0.005511901558507516,0.004831394735483057,0.27390624999999996,0.002110821263454103,0.0018502164147066638,0.32088154517535117,0.002999745871187604,0.0026293931878143256,0.0,0.0,0.0,0.0,0.0,0.0,0.9076171875,0.002638526579317636,0.002312770518383336,0.2603515625,0.3818132086425839,0.3346740333789941,0.9988096719979078,0.0009016819266521274,0.0007903590561742373,0.0,0.0,0.0
best_comparison,full-open-extreme,0.05,1.0,dino_detector,5,0.0818359375,0.0029620607203326367,0.002596360696665141,0.07169818236755357,0.03484638810380007,0.030544205887611288,0.08828125,0.005240784322265132,0.00459375,0.9283018176324465,0.0348463881038001,0.030544205887611312,90.4,5.366563145999495,4.704,0.179453125,0.004716705890038619,0.004134375,0.4560084307097549,0.010297291503191341,0.009025973963824596,0.270625,0.004192627457812107,0.003675000000000001,0.30234766156532467,0.007807330197613838,0.006843426649503351,0.0,0.0,0.0,0.0,0.0,0.0,0.91171875,0.005240784322265132,0.00459375,0.9572265625,0.009427748739177476,0.008263786125790798,0.9946464903121388,0.00533623143575954,0.004677413083739616,0.00654562828475872,0.005975512746528183,0.005237767859048167
ablation,full-open-extreme,0.05,1.0,opensemcom_no_channel,5,0.0818359375,0.00043673202685542766,0.00038281249999999996,0.027535175329882627,0.0172781687908992,0.015144982697721056,0.0841796875,0.0018784554747725923,0.0016465388206448777,0.9724648246701175,0.01727816879089918,0.015144982697721037,86.2,1.9235384061671346,1.6860557523403548,0.19259765624999997,0.0020663010222498526,0.0018111927027093663,0.42492737999930885,0.002599143622664844,0.002278249834836952,0.26734375,0.0015027643798180604,0.0013172310565158904,0.3061084395196971,0.0006320170074416475,0.0005539873326976015,0.0,0.0,0.0,0.0,0.0,0.0,0.9158203125,0.0018784554747725923,0.0016465388206448777,0.0896484375,0.00043673202685542766,0.00038281249999999996,0.9986950789700348,0.0007874518392129022,0.0006902319698630152,0.0,0.0,0.0
ablation,full-open-extreme,0.05,1.0,opensemcom_receiver_only,5,0.082421875,0.0016341016143243663,0.0014323532183743994,0.025219114109156095,0.016877827284879833,0.014794067895624869,0.0845703125,0.00202504310091091,0.0017750285401534744,0.9747808858908439,0.016877827284879847,0.01479406789562488,86.6,2.073644135332772,1.8176292251171577,0.19302734375000002,0.002227547411002001,0.0019525313941688215,0.42698656341080854,0.006082064503875589,0.005331164592288104,0.26765625000000004,0.0016200344807287257,0.0014200228321227773,0.3079275626956078,0.0049519738904133,0.0043405964947731464,0.0,0.0,0.0,0.0,0.0,0.0,0.9154296875,0.00202504310091091,0.0017750285401534744,0.089453125,0.0005348853100636387,0.00046884764607959265,0.9988001801665252,0.0009017036727571561,0.0007903781174757207,0.0,0.0,0.0
OpenSemCom,full-open-hard,0.05,0.3,opensemcom_progressive,5,0.1607421875,0.004399953252370629,0.003856729071487829,0.007174594171190882,0.007872218567804819,0.006900303813728264,0.1619140625,0.004703747882340741,0.004123016805462355,0.9928254058288092,0.00787221856780483,0.006900303813728273,165.8,4.8166378315169185,4.2219692087934515,0.24572265625000003,0.0042333730941066655,0.003710715124916118,0.6540785594328654,0.0076924806075850645,0.0067427565452303625,0.32953125,0.0037629983058725903,0.0032984134443698816,0.48772374464357815,0.008137398198907887,0.007132744008835018,0.0,0.0,0.0,0.0,0.0,0.0,0.8380859375,0.004703747882340741,0.004123016805462355,0.5345703125,0.39011050101596817,0.3419469308112166,0.9980689591626358,0.0018030340994318848,0.0015804290703352853,0.003912377450980392,0.0039139258014502494,0.003430707227165776
best_comparison,full-open-hard,0.05,0.3,dino_detector,5,0.1490234375,0.013786489446547501,0.012084390808836956,0.016051670311504028,0.011381692960107772,0.009976493749870058,0.1515625,0.015323009387819964,0.013431209919524888,0.9839483296884961,0.01138169296010776,0.009976493749870046,155.2,15.690761613127643,13.753558957593485,0.23640625,0.013790708449037957,0.012088088927572389,0.6293323963209685,0.023121946272822446,0.020267279506146523,0.32125,0.012258407510255965,0.010744967935619904,0.4631036348136373,0.026063336811911537,0.022845521990107486,0.0,0.0,0.0,0.0,0.0,0.0,0.8484375,0.015323009387819964,0.013431209919524888,0.9595703125,0.009305569726227808,0.008156691499066119,0.9911163436252994,0.004334625662098622,0.0037994669138872806,0.015033953484432223,0.008464052618699043,0.007419069232054098
ablation,full-open-hard,0.05,0.3,opensemcom_no_channel,5,0.0712890625,0.006587274200796895,0.005774000416569683,0.005255925798694607,0.0072279069934090764,0.006335539817945057,0.0716796875,0.006786933731989865,0.0059490097119381455,0.9947440742013054,0.007227906993409073,0.006335539817945054,73.4,6.9498201415576215,6.091785945024661,0.17884765625,0.00746562710518885,0.006543910683131958,0.39793338603570083,0.020211431811056876,0.017716101097232945,0.25734375,0.0054295469855918784,0.004759207769550505,0.2766873206106063,0.019731318509255868,0.017295263233179207,0.0,0.0,0.0,0.0,0.0,0.0,0.9283203125,0.006786933731989865,0.0059490097119381455,0.2498046875,0.00043673202685542766,0.00038281249999999996,0.9985663956860733,0.0008415409001281525,0.0007376431221449008,0.001568627450980392,0.003507557611764376,0.0030745098039215686
ablation,full-open-hard,0.05,0.3,opensemcom_receiver_only,5,0.0693359375,0.008597078545731938,0.007535671598175366,0.007663224516988673,0.006999747784230909,0.0061355494533903866,0.069921875,0.009124459864685998,0.007997941706039317,0.9923367754830114,0.006999747784230901,0.006135549453390379,71.6,9.343446901438462,8.18989230698426,0.17691406250000002,0.010036905851154602,0.008797735876643254,0.3906982729879288,0.026891741556271016,0.023571650764045767,0.2559375,0.007299567891748796,0.006398353364831452,0.27031401462838495,0.02610571681755071,0.02288266970291792,0.0,0.0,0.0,0.0,0.0,0.0,0.930078125,0.009124459864685998,0.007997941706039317,0.249609375,0.0005348853100636387,0.00046884764607959265,0.9986518854922138,0.0008477102477465078,0.0007430507937602766,0.000784313725490196,0.001753778805882188,0.0015372549019607843
OpenSemCom,full-open-hard,0.05,0.45,opensemcom_progressive,5,0.2416015625,0.0016341016143243663,0.0014323532183743994,0.014267651000917664,0.009448374856202046,0.008281865714504089,0.2451171875,0.0029296875,0.0025679843179099147,0.9857323489990824,0.009448374856202047,0.00828186571450409,251.0,3.0,2.6296159415397526,0.32060546875,0.0026367187499999937,0.0023111858861189177,0.753599793694244,0.005142699017232516,0.004507774439418482,0.39609375,0.002343749999999987,0.0020543874543279203,0.6099659368415178,0.0034893607766856884,0.00305855957471874,0.0,0.0,0.0,0.0,0.0,0.0,0.7548828125,0.0029296875,0.0025679843179099147,0.389453125,0.3123728684272105,0.27380689150689747,0.998628330288027,0.0008753577540172166,0.0007672849015047021,0.0015717153002933457,0.002152166732271733,0.0018864573160110886
best_comparison,full-open-hard,0.05,0.45,ensemble_detector,5,0.2232421875,0.007327473235275027,0.0064228134768950255,0.00696860101923393,0.005106638043685046,0.00447616560244919,0.2248046875,0.007156277718969243,0.0062727539906290855,0.993031398980766,0.005106638043685063,0.004476165602449205,230.2,7.328028384224504,6.423300086404184,0.34728515625,0.007871905490866159,0.006900029389691987,0.642705297731873,0.007198133313287626,0.006309442036649833,0.3798437499999999,0.005725022175175377,0.005018203192503254,0.5875970344387573,0.010731038582715279,0.00940617004212875,0.0,0.0,0.0,0.0,0.0,0.0,0.7751953125,0.007156277718969243,0.0062727539906290855,0.9814453125,0.002847144479904932,0.002495632170741639,0.9984899953280723,0.0011880431211523216,0.0010413657102062628,0.0015748275594822908,0.0021564492999259833,0.0018902111520692016
ablation,full-open-hard,0.05,0.45,opensemcom_no_channel,5,0.2244140625,0.00405008620182182,0.0035500570803069487,0.006882928671514089,0.004893621143353085,0.004289448056805755,0.2259765625,0.004399953252370629,0.003856729071487829,0.9931170713284858,0.004893621143353095,0.004289448056805763,231.4,4.505552130427524,3.9492905692035367,0.34857421874999994,0.004839948577607677,0.0042424019786365995,0.6437802650902211,0.0036612772193991916,0.0032092509808428174,0.38078124999999996,0.0035199626018964907,0.0030853832571902523,0.5893159062099584,0.005494455164714321,0.004816102297069401,0.0,0.0,0.0,0.0,0.0,0.0,0.7740234375,0.004399953252370629,0.003856729071487829,0.2498046875,0.00043673202685542766,0.00038281249999999996,0.9985663956860733,0.0008415409001281525,0.0007376431221449008,0.001568627450980392,0.003507557611764376,0.0030745098039215686
ablation,full-open-hard,0.05,0.45,opensemcom_receiver_only,5,0.22578125,0.004443091080498955,0.0038945410449977126,0.006879974668451254,0.004953740017326133,0.004342144573268069,0.22734375,0.004222997716882745,0.0037016207058002816,0.9931200253315489,0.00495374001732615,0.004342144573268085,232.8,4.324349662087931,3.7904596027394883,0.350078125,0.004645297488571012,0.004071782776380303,0.644905867598885,0.00490261633608415,0.004297332690873365,0.381875,0.0033783981735062,0.0029612965646402287,0.5912012685751187,0.006691375535887818,0.005865249259999903,0.0,0.0,0.0,0.0,0.0,0.0,0.77265625,0.004222997716882745,0.0037016207058002816,0.249609375,0.0005348853100636387,0.00046884764607959265,0.9986518854922138,0.0008477102477465078,0.0007430507937602766,0.000784313725490196,0.001753778805882188,0.0015372549019607843
OpenSemCom,full-open-hard,0.05,0.6,opensemcom_progressive,5,0.2416015625,0.0016341016143243663,0.0014323532183743994,0.014267651000917664,0.009448374856202046,0.008281865714504089,0.2451171875,0.0029296875,0.0025679843179099147,0.9857323489990824,0.009448374856202047,0.00828186571450409,251.0,3.0,2.6296159415397526,0.32060546875,0.0026367187499999937,0.0023111858861189177,0.753599793694244,0.005142699017232516,0.004507774439418482,0.39609375,0.002343749999999987,0.0020543874543279203,0.6099659368415178,0.0034893607766856884,0.00305855957471874,0.0,0.0,0.0,0.0,0.0,0.0,0.7548828125,0.0029296875,0.0025679843179099147,0.389453125,0.3123728684272105,0.27380689150689747,0.998628330288027,0.0008753577540172166,0.0007672849015047021,0.0015717153002933457,0.002152166732271733,0.0018864573160110886
best_comparison,full-open-hard,0.05,0.6,fixed_refine_all,5,0.2234375,0.00566911143503906,0.0049691952679813385,0.007752155541656605,0.005632657431701991,0.004937241925211972,0.2251953125,0.006160863396713869,0.005400234867215846,0.9922478444583434,0.005632657431701977,0.004937241925211959,230.6,6.308724118235002,5.529840504029027,0.43779296875,0.009241295095070818,0.008100352300823782,0.5103400431243509,0.003238078326112014,0.0028383007954328365,0.38015625000000003,0.00492869071737111,0.00432018789377269,0.5876792004912101,0.007605676923666048,0.006666669761557754,0.0,0.0,0.0,0.0,0.0,0.0,0.7748046875,0.006160863396713869,0.005400234867215846,0.9802734375,0.0025277693565517157,0.002215687532174691,0.9985953568580024,0.0011540756043929247,0.0010115918690179197,0.0007905138339920949,0.001767642669960308,0.001549407114624506
ablation,full-open-hard,0.05,0.6,opensemcom_no_channel,5,0.2244140625,0.00405008620182182,0.0035500570803069487,0.006882928671514089,0.004893621143353085,0.004289448056805755,0.2259765625,0.004399953252370629,0.003856729071487829,0.9931170713284858,0.004893621143353095,0.004289448056805763,231.4,4.505552130427524,3.9492905692035367,0.34857421874999994,0.004839948577607677,0.0042424019786365995,0.6437802650902211,0.0036612772193991916,0.0032092509808428174,0.38078124999999996,0.0035199626018964907,0.0030853832571902523,0.5893159062099584,0.005494455164714321,0.004816102297069401,0.0,0.0,0.0,0.0,0.0,0.0,0.7740234375,0.004399953252370629,0.003856729071487829,0.2498046875,0.00043673202685542766,0.00038281249999999996,0.9985663956860733,0.0008415409001281525,0.0007376431221449008,0.001568627450980392,0.003507557611764376,0.0030745098039215686
ablation,full-open-hard,0.05,0.6,opensemcom_receiver_only,5,0.22578125,0.004443091080498955,0.0038945410449977126,0.006879974668451254,0.004953740017326133,0.004342144573268069,0.22734375,0.004222997716882745,0.0037016207058002816,0.9931200253315489,0.00495374001732615,0.004342144573268085,232.8,4.324349662087931,3.7904596027394883,0.350078125,0.004645297488571012,0.004071782776380303,0.644905867598885,0.00490261633608415,0.004297332690873365,0.381875,0.0033783981735062,0.0029612965646402287,0.5912012685751187,0.006691375535887818,0.005865249259999903,0.0,0.0,0.0,0.0,0.0,0.0,0.77265625,0.004222997716882745,0.0037016207058002816,0.249609375,0.0005348853100636387,0.00046884764607959265,0.9986518854922138,0.0008477102477465078,0.0007430507937602766,0.000784313725490196,0.001753778805882188,0.0015372549019607843
OpenSemCom,full-open-hard,0.05,0.8,opensemcom_progressive,5,0.2416015625,0.0016341016143243663,0.0014323532183743994,0.014267651000917664,0.009448374856202046,0.008281865714504089,0.2451171875,0.0029296875,0.0025679843179099147,0.9857323489990824,0.009448374856202047,0.00828186571450409,251.0,3.0,2.6296159415397526,0.32060546875,0.0026367187499999937,0.0023111858861189177,0.753599793694244,0.005142699017232516,0.004507774439418482,0.39609375,0.002343749999999987,0.0020543874543279203,0.6099659368415178,0.0034893607766856884,0.00305855957471874,0.0,0.0,0.0,0.0,0.0,0.0,0.7548828125,0.0029296875,0.0025679843179099147,0.389453125,0.3123728684272105,0.27380689150689747,0.998628330288027,0.0008753577540172166,0.0007672849015047021,0.0015717153002933457,0.002152166732271733,0.0018864573160110886
best_comparison,full-open-hard,0.05,0.8,fixed_refine_all,5,0.2234375,0.00566911143503906,0.0049691952679813385,0.007752155541656605,0.005632657431701991,0.004937241925211972,0.2251953125,0.006160863396713869,0.005400234867215846,0.9922478444583434,0.005632657431701977,0.004937241925211959,230.6,6.308724118235002,5.529840504029027,0.43779296875,0.009241295095070818,0.008100352300823782,0.5103400431243509,0.003238078326112014,0.0028383007954328365,0.38015625000000003,0.00492869071737111,0.00432018789377269,0.5876792004912101,0.007605676923666048,0.006666669761557754,0.0,0.0,0.0,0.0,0.0,0.0,0.7748046875,0.006160863396713869,0.005400234867215846,0.9802734375,0.0025277693565517157,0.002215687532174691,0.9985953568580024,0.0011540756043929247,0.0010115918690179197,0.0007905138339920949,0.001767642669960308,0.001549407114624506
ablation,full-open-hard,0.05,0.8,opensemcom_no_channel,5,0.2244140625,0.00405008620182182,0.0035500570803069487,0.006882928671514089,0.004893621143353085,0.004289448056805755,0.2259765625,0.004399953252370629,0.003856729071487829,0.9931170713284858,0.004893621143353095,0.004289448056805763,231.4,4.505552130427524,3.9492905692035367,0.34857421874999994,0.004839948577607677,0.0042424019786365995,0.6437802650902211,0.0036612772193991916,0.0032092509808428174,0.38078124999999996,0.0035199626018964907,0.0030853832571902523,0.5893159062099584,0.005494455164714321,0.004816102297069401,0.0,0.0,0.0,0.0,0.0,0.0,0.7740234375,0.004399953252370629,0.003856729071487829,0.2498046875,0.00043673202685542766,0.00038281249999999996,0.9985663956860733,0.0008415409001281525,0.0007376431221449008,0.001568627450980392,0.003507557611764376,0.0030745098039215686
ablation,full-open-hard,0.05,0.8,opensemcom_receiver_only,5,0.22578125,0.004443091080498955,0.0038945410449977126,0.006879974668451254,0.004953740017326133,0.004342144573268069,0.22734375,0.004222997716882745,0.0037016207058002816,0.9931200253315489,0.00495374001732615,0.004342144573268085,232.8,4.324349662087931,3.7904596027394883,0.350078125,0.004645297488571012,0.004071782776380303,0.644905867598885,0.00490261633608415,0.004297332690873365,0.381875,0.0033783981735062,0.0029612965646402287,0.5912012685751187,0.006691375535887818,0.005865249259999903,0.0,0.0,0.0,0.0,0.0,0.0,0.77265625,0.004222997716882745,0.0037016207058002816,0.249609375,0.0005348853100636387,0.00046884764607959265,0.9986518854922138,0.0008477102477465078,0.0007430507937602766,0.000784313725490196,0.001753778805882188,0.0015372549019607843
OpenSemCom,full-open-hard,0.05,1.0,opensemcom_progressive,5,0.2416015625,0.0016341016143243663,0.0014323532183743994,0.014267651000917664,0.009448374856202046,0.008281865714504089,0.2451171875,0.0029296875,0.0025679843179099147,0.9857323489990824,0.009448374856202047,0.00828186571450409,251.0,3.0,2.6296159415397526,0.32060546875,0.0026367187499999937,0.0023111858861189177,0.753599793694244,0.005142699017232516,0.004507774439418482,0.39609375,0.002343749999999987,0.0020543874543279203,0.6099659368415178,0.0034893607766856884,0.00305855957471874,0.0,0.0,0.0,0.0,0.0,0.0,0.7548828125,0.0029296875,0.0025679843179099147,0.389453125,0.3123728684272105,0.27380689150689747,0.998628330288027,0.0008753577540172166,0.0007672849015047021,0.0015717153002933457,0.002152166732271733,0.0018864573160110886
best_comparison,full-open-hard,0.05,1.0,fixed_refine_all,5,0.2234375,0.00566911143503906,0.0049691952679813385,0.007752155541656605,0.005632657431701991,0.004937241925211972,0.2251953125,0.006160863396713869,0.005400234867215846,0.9922478444583434,0.005632657431701977,0.004937241925211959,230.6,6.308724118235002,5.529840504029027,0.43779296875,0.009241295095070818,0.008100352300823782,0.5103400431243509,0.003238078326112014,0.0028383007954328365,0.38015625000000003,0.00492869071737111,0.00432018789377269,0.5876792004912101,0.007605676923666048,0.006666669761557754,0.0,0.0,0.0,0.0,0.0,0.0,0.7748046875,0.006160863396713869,0.005400234867215846,0.9802734375,0.0025277693565517157,0.002215687532174691,0.9985953568580024,0.0011540756043929247,0.0010115918690179197,0.0007905138339920949,0.001767642669960308,0.001549407114624506
ablation,full-open-hard,0.05,1.0,opensemcom_no_channel,5,0.2244140625,0.00405008620182182,0.0035500570803069487,0.006882928671514089,0.004893621143353085,0.004289448056805755,0.2259765625,0.004399953252370629,0.003856729071487829,0.9931170713284858,0.004893621143353095,0.004289448056805763,231.4,4.505552130427524,3.9492905692035367,0.34857421874999994,0.004839948577607677,0.0042424019786365995,0.6437802650902211,0.0036612772193991916,0.0032092509808428174,0.38078124999999996,0.0035199626018964907,0.0030853832571902523,0.5893159062099584,0.005494455164714321,0.004816102297069401,0.0,0.0,0.0,0.0,0.0,0.0,0.7740234375,0.004399953252370629,0.003856729071487829,0.2498046875,0.00043673202685542766,0.00038281249999999996,0.9985663956860733,0.0008415409001281525,0.0007376431221449008,0.001568627450980392,0.003507557611764376,0.0030745098039215686
ablation,full-open-hard,0.05,1.0,opensemcom_receiver_only,5,0.22578125,0.004443091080498955,0.0038945410449977126,0.006879974668451254,0.004953740017326133,0.004342144573268069,0.22734375,0.004222997716882745,0.0037016207058002816,0.9931200253315489,0.00495374001732615,0.004342144573268085,232.8,4.324349662087931,3.7904596027394883,0.350078125,0.004645297488571012,0.004071782776380303,0.644905867598885,0.00490261633608415,0.004297332690873365,0.381875,0.0033783981735062,0.0029612965646402287,0.5912012685751187,0.006691375535887818,0.005865249259999903,0.0,0.0,0.0,0.0,0.0,0.0,0.77265625,0.004222997716882745,0.0037016207058002816,0.249609375,0.0005348853100636387,0.00046884764607959265,0.9986518854922138,0.0008477102477465078,0.0007430507937602766,0.000784313725490196,0.001753778805882188,0.0015372549019607843
OpenSemCom,full-open-medium,0.05,0.3,opensemcom_progressive,5,0.2785714285714286,0.013148818281270673,0.011525447388279564,0.003267265665371985,0.00447612321943587,0.003923494991374935,0.2794642857142857,0.012567578803802899,0.011015968523012398,0.9967327343346281,0.004476123219435875,0.003923494991374939,250.4,11.260550608207398,9.870307796619109,0.3515178571428571,0.01131082092342261,0.00991437167071116,0.7921821723760735,0.012049747762432866,0.010562069602542143,0.4235714285714286,0.010054063043042318,0.008812774818409917,0.6573845215987681,0.01540517791233847,0.013503233806847108,0.0,0.0,0.0,0.0,0.0,0.0,0.7205357142857143,0.012567578803802897,0.011015968523012397,0.6444196428571428,0.2960721050795735,0.25951864245415973,0.9982067101883965,0.001902021399032496,0.0016671952640151982,0.002090139843888836,0.0034045467123113254,0.002984216769470205
best_comparison,full-open-medium,0.05,0.3,dino_detector,5,0.2591517857142857,0.012929098622834454,0.011332854616115048,0.006650613444646872,0.006092443750111046,0.005340262402742079,0.2609375,0.014148158897585462,0.012401408060176073,0.9933493865553531,0.006092443750111061,0.005340262402742092,233.8,12.676750372236569,11.111661621917758,0.33484375,0.01273334300782692,0.011161267254158471,0.7736704793488316,0.009765656464575051,0.008559975306282431,0.40875000000000006,0.011318527118068383,0.00992112644814087,0.633699518546642,0.01433000189533181,0.0125608004754198,0.0,0.0,0.0,0.0,0.0,0.0,0.7390625,0.014148158897585432,0.012401408060176047,0.9660714285714285,0.009555292318305356,0.008375583002096034,0.9921142245835265,0.0026613896921440267,0.0023328109203705023,0.01746707846096955,0.011691635340677697,0.010248170224838543
ablation,full-open-medium,0.05,0.3,opensemcom_no_channel,5,0.1265625,0.009357711525113657,0.008202395800923048,0.0016,0.0035777087639996636,0.003136,0.1267857142857143,0.00971687449092809,0.008517216021095158,0.9984,0.0035777087639996667,0.0031360000000000025,113.6,8.706319543871567,7.63142555490126,0.23946428571428574,0.010688561940020892,0.009368937623204667,0.5279710304501204,0.01558067686583267,0.013657065422124404,0.30142857142857143,0.007773499592742478,0.006813772816876131,0.4194592805271885,0.020231327896665364,0.017733540785196383,0.0,0.0,0.0,0.0,0.0,0.0,0.8732142857142856,0.009716874490928111,0.008517216021095177,0.428125,0.0006112974972155698,0.000535825881233805,0.9985552949252895,0.0012047298191476409,0.0010559922458929798,0.001043026544821584,0.0014282249398182908,0.0012518943566169438
ablation,full-open-medium,0.05,0.3,opensemcom_receiver_only,5,0.1252232142857143,0.012587385874885436,0.011033330186303683,0.0032842048590080086,0.004503372939342968,0.003947380423998334,0.12566964285714285,0.013029865064907385,0.011421180296930787,0.996715795140992,0.004503372939342955,0.003947380423998323,112.6,11.674759098157015,10.233377546049983,0.23823660714285713,0.014332851571398134,0.012563298326623874,0.5245821449433812,0.021808378507300028,0.019115886593976356,0.3005357142857143,0.010423892051925912,0.009136944237544633,0.4158974056302318,0.027785666495796522,0.024355210521217842,0.0,0.0,0.0,0.0,0.0,0.0,0.8743303571428571,0.013029865064907378,0.011421180296930782,0.428125,0.0006112974972155698,0.000535825881233805,0.9984208272340114,0.0011904788001993914,0.0010435006770231458,0.0015625,0.002329237476562281,0.0020416666666666665
OpenSemCom,full-open-medium,0.05,0.45,opensemcom_progressive,5,0.41540178571428577,0.0029947338984372338,0.0026250000000000136,0.006932044214603822,0.004457527097105978,0.003907194771465099,0.41830357142857144,0.0027789954459796155,0.0024358969087381237,0.9930679557853962,0.00445752709710595,0.003907194771465074,374.8,2.4899799195977463,2.1825636302293683,0.4764732142857143,0.002501095901381644,0.0021923072178643022,0.8718244282720221,0.0038428764103135287,0.0033684296899758382,0.5346428571428572,0.0022231963567836944,0.0019487175269905005,0.7769665926667584,0.0036126928608868725,0.0031666649129583253,0.0,0.0,0.0,0.0,0.0,0.0,0.5816964285714286,0.00277899544597964,0.0024358969087381454,0.5345982142857142,0.23770749445006903,0.20835980560979125,0.9983797213577791,0.0012597930663603737,0.001104257310114162,0.0031331806282722517,0.0034095548387116916,0.002988606585810088
best_comparison,full-open-medium,0.05,0.45,ensemble_detector,5,0.3845982142857143,0.013773424793727567,0.012072939135728296,0.0035434449369408294,0.003393838460519957,0.002974830572931337,0.3859375,0.012783768806496749,0.01120546741550749,0.9964565550630592,0.0033938384605199366,0.002974830572931319,345.8,11.454256850621082,10.040098804294706,0.52453125,0.014062145687146432,0.012326014157058245,0.7330770067066307,0.006956894082172699,0.0060979865273616315,0.5087499999999999,0.010227015045197397,0.008964373932405989,0.7557718917262264,0.012234494625854958,0.010724007368276877,0.0,0.0,0.0,0.0,0.0,0.0,0.6140625,0.01278376880649675,0.011205467415507491,0.9841517857142856,0.005657942792694892,0.004959405521330146,0.9987831956181228,0.0010340721591764546,0.0009064042114909457,0.0005235602094240838,0.0011707162185862774,0.0010261780104712042
ablation,full-open-medium,0.05,0.45,opensemcom_no_channel,5,0.38638392857142856,0.006382133239060611,0.0055941864354881726,0.002898628655106412,0.002898745549500072,0.0025408625024776,0.3875,0.005712716023245406,0.005007416374738566,0.9971013713448936,0.0028987455495000634,0.002540862502477592,347.2,5.118593556827891,4.4866450717657615,0.52625,0.006283987625569957,0.005508158012212432,0.7341908086272374,0.003656620872928002,0.00320516951320616,0.51,0.0045701728185963625,0.004005933099790886,0.757575874967851,0.005834823928409006,0.0051144486727406424,0.0,0.0,0.0,0.0,0.0,0.0,0.6125,0.005712716023245417,0.005007416374738577,0.428125,0.0006112974972155698,0.000535825881233805,0.9985552949252895,0.0012047298191476409,0.0010559922458929798,0.001043026544821584,0.0014282249398182908,0.0012518943566169438
ablation,full-open-medium,0.05,0.45,opensemcom_receiver_only,5,0.3881696428571429,0.008329512570109495,0.007301139679871895,0.0028811766155154217,0.0028672198542821917,0.0025132290122399127,0.38928571428571435,0.007946867463802633,0.006965736456039662,0.9971188233844845,0.002867219854282183,0.002513229012239905,348.8,7.12039324756716,6.241299864611538,0.5282142857142856,0.008741554210182908,0.007662310101643638,0.7348253341787092,0.004031234997340485,0.003533533271033167,0.5114285714285715,0.006357493971042112,0.005572589164831734,0.7589239533886426,0.007050599375029515,0.006180122837995942,0.0,0.0,0.0,0.0,0.0,0.0,0.6107142857142858,0.007946867463802637,0.006965736456039665,0.428125,0.0006112974972155698,0.000535825881233805,0.9984208272340114,0.0011904788001993914,0.0010435006770231458,0.0015625,0.002329237476562281,0.0020416666666666665
OpenSemCom,full-open-medium,0.05,0.6,opensemcom_progressive,5,0.41540178571428577,0.0029947338984372338,0.0026250000000000136,0.006932044214603822,0.004457527097105978,0.003907194771465099,0.41830357142857144,0.0027789954459796155,0.0024358969087381237,0.9930679557853962,0.00445752709710595,0.003907194771465074,374.8,2.4899799195977463,2.1825636302293683,0.4764732142857143,0.002501095901381644,0.0021923072178643022,0.8718244282720221,0.0038428764103135287,0.0033684296899758382,0.5346428571428572,0.0022231963567836944,0.0019487175269905005,0.7769665926667584,0.0036126928608868725,0.0031666649129583253,0.0,0.0,0.0,0.0,0.0,0.0,0.5816964285714286,0.00277899544597964,0.0024358969087381454,0.5345982142857142,0.23770749445006903,0.20835980560979125,0.9983797213577791,0.0012597930663603737,0.001104257310114162,0.0031331806282722517,0.0034095548387116916,0.002988606585810088
best_comparison,full-open-medium,0.05,0.6,fixed_refine_all,5,0.38482142857142854,0.00862341239825084,0.00755875423763732,0.004061799875675997,0.0033785661248960635,0.0029614437805242917,0.38638392857142856,0.00817860310739343,0.0071688617035761066,0.995938200124324,0.003378566124896042,0.0029614437805242726,346.2,7.328028384224504,6.423300086404184,0.6795758928571429,0.012267904661090161,0.010753292555364174,0.5662327862194281,0.003000693422426774,0.0026302237530956415,0.5091071428571429,0.006542882485914764,0.005735089362860902,0.7558021223899762,0.007517021099057134,0.006588959504990437,0.0,0.0,0.0,0.0,0.0,0.0,0.6136160714285714,0.008178603107393422,0.007168861703576099,0.9832589285714286,0.00579927725748507,0.005083290641897225,0.9989131561633364,0.0009455928309716601,0.0008288486608429273,0.0005235602094240838,0.0011707162185862774,0.0010261780104712042
ablation,full-open-medium,0.05,0.6,opensemcom_no_channel,5,0.38638392857142856,0.006382133239060611,0.0055941864354881726,0.002898628655106412,0.002898745549500072,0.0025408625024776,0.3875,0.005712716023245406,0.005007416374738566,0.9971013713448936,0.0028987455495000634,0.002540862502477592,347.2,5.118593556827891,4.4866450717657615,0.52625,0.006283987625569957,0.005508158012212432,0.7341908086272374,0.003656620872928002,0.00320516951320616,0.51,0.0045701728185963625,0.004005933099790886,0.757575874967851,0.005834823928409006,0.0051144486727406424,0.0,0.0,0.0,0.0,0.0,0.0,0.6125,0.005712716023245417,0.005007416374738577,0.428125,0.0006112974972155698,0.000535825881233805,0.9985552949252895,0.0012047298191476409,0.0010559922458929798,0.001043026544821584,0.0014282249398182908,0.0012518943566169438
ablation,full-open-medium,0.05,0.6,opensemcom_receiver_only,5,0.3881696428571429,0.008329512570109495,0.007301139679871895,0.0028811766155154217,0.0028672198542821917,0.0025132290122399127,0.38928571428571435,0.007946867463802633,0.006965736456039662,0.9971188233844845,0.002867219854282183,0.002513229012239905,348.8,7.12039324756716,6.241299864611538,0.5282142857142856,0.008741554210182908,0.007662310101643638,0.7348253341787092,0.004031234997340485,0.003533533271033167,0.5114285714285715,0.006357493971042112,0.005572589164831734,0.7589239533886426,0.007050599375029515,0.006180122837995942,0.0,0.0,0.0,0.0,0.0,0.0,0.6107142857142858,0.007946867463802637,0.006965736456039665,0.428125,0.0006112974972155698,0.000535825881233805,0.9984208272340114,0.0011904788001993914,0.0010435006770231458,0.0015625,0.002329237476562281,0.0020416666666666665
OpenSemCom,full-open-medium,0.05,0.8,opensemcom_progressive,5,0.41540178571428577,0.0029947338984372338,0.0026250000000000136,0.006932044214603822,0.004457527097105978,0.003907194771465099,0.41830357142857144,0.0027789954459796155,0.0024358969087381237,0.9930679557853962,0.00445752709710595,0.003907194771465074,374.8,2.4899799195977463,2.1825636302293683,0.4764732142857143,0.002501095901381644,0.0021923072178643022,0.8718244282720221,0.0038428764103135287,0.0033684296899758382,0.5346428571428572,0.0022231963567836944,0.0019487175269905005,0.7769665926667584,0.0036126928608868725,0.0031666649129583253,0.0,0.0,0.0,0.0,0.0,0.0,0.5816964285714286,0.00277899544597964,0.0024358969087381454,0.5345982142857142,0.23770749445006903,0.20835980560979125,0.9983797213577791,0.0012597930663603737,0.001104257310114162,0.0031331806282722517,0.0034095548387116916,0.002988606585810088
best_comparison,full-open-medium,0.05,0.8,fixed_refine_all,5,0.38482142857142854,0.00862341239825084,0.00755875423763732,0.004061799875675997,0.0033785661248960635,0.0029614437805242917,0.38638392857142856,0.00817860310739343,0.0071688617035761066,0.995938200124324,0.003378566124896042,0.0029614437805242726,346.2,7.328028384224504,6.423300086404184,0.6795758928571429,0.012267904661090161,0.010753292555364174,0.5662327862194281,0.003000693422426774,0.0026302237530956415,0.5091071428571429,0.006542882485914764,0.005735089362860902,0.7558021223899762,0.007517021099057134,0.006588959504990437,0.0,0.0,0.0,0.0,0.0,0.0,0.6136160714285714,0.008178603107393422,0.007168861703576099,0.9832589285714286,0.00579927725748507,0.005083290641897225,0.9989131561633364,0.0009455928309716601,0.0008288486608429273,0.0005235602094240838,0.0011707162185862774,0.0010261780104712042
ablation,full-open-medium,0.05,0.8,opensemcom_no_channel,5,0.38638392857142856,0.006382133239060611,0.0055941864354881726,0.002898628655106412,0.002898745549500072,0.0025408625024776,0.3875,0.005712716023245406,0.005007416374738566,0.9971013713448936,0.0028987455495000634,0.002540862502477592,347.2,5.118593556827891,4.4866450717657615,0.52625,0.006283987625569957,0.005508158012212432,0.7341908086272374,0.003656620872928002,0.00320516951320616,0.51,0.0045701728185963625,0.004005933099790886,0.757575874967851,0.005834823928409006,0.0051144486727406424,0.0,0.0,0.0,0.0,0.0,0.0,0.6125,0.005712716023245417,0.005007416374738577,0.428125,0.0006112974972155698,0.000535825881233805,0.9985552949252895,0.0012047298191476409,0.0010559922458929798,0.001043026544821584,0.0014282249398182908,0.0012518943566169438
ablation,full-open-medium,0.05,0.8,opensemcom_receiver_only,5,0.3881696428571429,0.008329512570109495,0.007301139679871895,0.0028811766155154217,0.0028672198542821917,0.0025132290122399127,0.38928571428571435,0.007946867463802633,0.006965736456039662,0.9971188233844845,0.002867219854282183,0.002513229012239905,348.8,7.12039324756716,6.241299864611538,0.5282142857142856,0.008741554210182908,0.007662310101643638,0.7348253341787092,0.004031234997340485,0.003533533271033167,0.5114285714285715,0.006357493971042112,0.005572589164831734,0.7589239533886426,0.007050599375029515,0.006180122837995942,0.0,0.0,0.0,0.0,0.0,0.0,0.6107142857142858,0.007946867463802637,0.006965736456039665,0.428125,0.0006112974972155698,0.000535825881233805,0.9984208272340114,0.0011904788001993914,0.0010435006770231458,0.0015625,0.002329237476562281,0.0020416666666666665
OpenSemCom,full-open-medium,0.05,1.0,opensemcom_progressive,5,0.41540178571428577,0.0029947338984372338,0.0026250000000000136,0.006932044214603822,0.004457527097105978,0.003907194771465099,0.41830357142857144,0.0027789954459796155,0.0024358969087381237,0.9930679557853962,0.00445752709710595,0.003907194771465074,374.8,2.4899799195977463,2.1825636302293683,0.4764732142857143,0.002501095901381644,0.0021923072178643022,0.8718244282720221,0.0038428764103135287,0.0033684296899758382,0.5346428571428572,0.0022231963567836944,0.0019487175269905005,0.7769665926667584,0.0036126928608868725,0.0031666649129583253,0.0,0.0,0.0,0.0,0.0,0.0,0.5816964285714286,0.00277899544597964,0.0024358969087381454,0.5345982142857142,0.23770749445006903,0.20835980560979125,0.9983797213577791,0.0012597930663603737,0.001104257310114162,0.0031331806282722517,0.0034095548387116916,0.002988606585810088
best_comparison,full-open-medium,0.05,1.0,fixed_refine_all,5,0.38482142857142854,0.00862341239825084,0.00755875423763732,0.004061799875675997,0.0033785661248960635,0.0029614437805242917,0.38638392857142856,0.00817860310739343,0.0071688617035761066,0.995938200124324,0.003378566124896042,0.0029614437805242726,346.2,7.328028384224504,6.423300086404184,0.6795758928571429,0.012267904661090161,0.010753292555364174,0.5662327862194281,0.003000693422426774,0.0026302237530956415,0.5091071428571429,0.006542882485914764,0.005735089362860902,0.7558021223899762,0.007517021099057134,0.006588959504990437,0.0,0.0,0.0,0.0,0.0,0.0,0.6136160714285714,0.008178603107393422,0.007168861703576099,0.9832589285714286,0.00579927725748507,0.005083290641897225,0.9989131561633364,0.0009455928309716601,0.0008288486608429273,0.0005235602094240838,0.0011707162185862774,0.0010261780104712042
ablation,full-open-medium,0.05,1.0,opensemcom_no_channel,5,0.38638392857142856,0.006382133239060611,0.0055941864354881726,0.002898628655106412,0.002898745549500072,0.0025408625024776,0.3875,0.005712716023245406,0.005007416374738566,0.9971013713448936,0.0028987455495000634,0.002540862502477592,347.2,5.118593556827891,4.4866450717657615,0.52625,0.006283987625569957,0.005508158012212432,0.7341908086272374,0.003656620872928002,0.00320516951320616,0.51,0.0045701728185963625,0.004005933099790886,0.757575874967851,0.005834823928409006,0.0051144486727406424,0.0,0.0,0.0,0.0,0.0,0.0,0.6125,0.005712716023245417,0.005007416374738577,0.428125,0.0006112974972155698,0.000535825881233805,0.9985552949252895,0.0012047298191476409,0.0010559922458929798,0.001043026544821584,0.0014282249398182908,0.0012518943566169438
ablation,full-open-medium,0.05,1.0,opensemcom_receiver_only,5,0.3881696428571429,0.008329512570109495,0.007301139679871895,0.0028811766155154217,0.0028672198542821917,0.0025132290122399127,0.38928571428571435,0.007946867463802633,0.006965736456039662,0.9971188233844845,0.002867219854282183,0.002513229012239905,348.8,7.12039324756716,6.241299864611538,0.5282142857142856,0.008741554210182908,0.007662310101643638,0.7348253341787092,0.004031234997340485,0.003533533271033167,0.5114285714285715,0.006357493971042112,0.005572589164831734,0.7589239533886426,0.007050599375029515,0.006180122837995942,0.0,0.0,0.0,0.0,0.0,0.0,0.6107142857142858,0.007946867463802637,0.006965736456039665,0.428125,0.0006112974972155698,0.000535825881233805,0.9984208272340114,0.0011904788001993914,0.0010435006770231458,0.0015625,0.002329237476562281,0.0020416666666666665
OpenSemCom,full-open-mild,0.05,0.3,opensemcom_progressive,5,0.39,0.018408345593778918,0.016135626343591367,0.0016403361344537813,0.002247254285886681,0.001969805231620383,0.39062499999999994,0.01798572567690833,0.015765183653386333,0.9983596638655463,0.002247254285886678,0.0019698052316203802,250.0,11.510864433221338,10.089717538167259,0.4515625,0.016187153109217516,0.014188665288047719,0.8633912504370619,0.009792728530116378,0.008583705017988393,0.5125,0.01438858054152671,0.012612146922709108,0.7606528191087417,0.014450011189949255,0.01266599326017279,0.0,0.0,0.0,0.0,0.0,0.0,0.609375,0.017985725676908364,0.015765183653386364,0.7503124999999999,0.20654098791160075,0.18104115813123822,0.9978273360555263,0.0025678976647251356,0.0022508615451346395,0.004178912689841838,0.004742491955803854,0.004156977483201952
best_comparison,full-open-mild,0.05,0.3,dino_detector,5,0.3628125,0.018100738071968242,0.015865996462561073,0.004179550058641646,0.005833747164626085,0.005113504847671028,0.364375,0.0190535327268987,0.01670115780043407,0.9958204499413583,0.0058337471646261,0.0051135048476710415,233.2,12.194260945215172,10.68874099227781,0.42793749999999997,0.017148179454208847,0.015031042020390677,0.8475539346781149,0.009405214699035408,0.008244034168729172,0.4915,0.015242826181518928,0.013360926240347229,0.7378310590446298,0.014413372602141542,0.012633878121981235,0.0,0.0,0.0,0.0,0.0,0.0,0.635625,0.019053532726898678,0.016701157800434054,0.9728125000000001,0.010340870067358919,0.009064172259506089,0.9915370910479748,0.004023306731378057,0.003526583839511978,0.016936574482189708,0.012132422358079932,0.010634537080766768
ablation,full-open-mild,0.05,0.3,opensemcom_no_channel,5,0.1771875,0.013100796135159113,0.01148335412129226,0.0016,0.0035777087639996636,0.003136,0.1775,0.013603624287299318,0.011924102429533213,0.9984,0.0035777087639996667,0.0031360000000000025,113.6,8.706319543871567,7.63142555490126,0.29524999999999996,0.014963986716029238,0.013116512672486525,0.5995612491860315,0.014100876360180812,0.012359963088804169,0.342,0.010882899429839464,0.00953928194362658,0.5175376215810394,0.021857577941648547,0.019159011799602225,0.0,0.0,0.0,0.0,0.0,0.0,0.8225,0.01360362428729934,0.011924102429533234,0.599375,0.0008558164961018342,0.000750156233727359,0.9980961992515102,0.0018139279163872483,0.0015899779219119652,0.0026096061792863358,0.003197768733978188,0.002802967880075478
ablation,full-open-mild,0.05,0.3,opensemcom_receiver_only,5,0.1753125,0.017622340224839605,0.015446662260825151,0.0032842048590080086,0.004503372939342968,0.003947380423998334,0.1759375,0.018241811090870336,0.015989652415703097,0.996715795140992,0.004503372939342955,0.003947380423998323,112.6,11.674759098157015,10.233377546049983,0.29353125,0.02006599219995737,0.01758861765727341,0.5961754325594689,0.019884631522668894,0.017429648014551335,0.34075000000000005,0.014593448872696273,0.012791721932562483,0.5134589680409183,0.030187508094319224,0.02646051750672738,0.0,0.0,0.0,0.0,0.0,0.0,0.8240624999999999,0.018241811090870343,0.015989652415703104,0.599375,0.0008558164961018342,0.000750156233727359,0.9978973243676356,0.001890782255050556,0.001657343719953808,0.0020846932114882504,0.002179210577357844,0.0019101622913974112
OpenSemCom,full-open-mild,0.05,0.45,opensemcom_progressive,5,0.5815625,0.004192627457812108,0.0036750000000000016,0.004814382471418448,0.0022439671862954087,0.0019669239617915034,0.584375,0.003827327723098736,0.0033548006647191597,0.9951856175285816,0.00224396718629539,0.001966923961791487,374.0,2.449489742783178,2.1470724254202507,0.6259374999999999,0.0034445949507888275,0.0030193205982472133,0.9291008424342884,0.002420025082985252,0.0021212455123813603,0.6674999999999999,0.003061862178478964,0.0026838405317753064,0.8712474524042075,0.0027660146608806833,0.0024245187489281726,0.0,0.0,0.0,0.0,0.0,0.0,0.415625,0.003827327723098708,0.003354800664719135,0.67375,0.16578485799561132,0.14531683515038787,0.9977439425579329,0.002037546000547921,0.001785987814887126,0.003655373839760502,0.0029829815307304067,0.00261469859550911
best_comparison,full-open-mild,0.05,0.45,ensemble_detector,5,0.5384374999999999,0.019282794711218614,0.016902114790019632,0.0017989510489510487,0.0027276117101507785,0.0023908570784476643,0.539375,0.018134426428067695,0.0158955256086422,0.998201048951049,0.002727611710150785,0.0023908570784476704,345.2,11.606032913963324,10.173136389531008,0.6933125,0.019947869070874456,0.017485078169506413,0.7764858838445311,0.005778008698861144,0.005064647928293542,0.6315000000000001,0.01450754114245417,0.012716420486913774,0.8524260986109388,0.011319860627272875,0.009922295320494977,0.0,0.0,0.0,0.0,0.0,0.0,0.460625,0.018134426428067695,0.0158955256086422,0.9881250000000001,0.005698307040253263,0.004994786344279395,0.9984408619579475,0.0019383153952044676,0.0016990083543205311,0.0010457534209123345,0.001431958884593569,0.0012551673035189107
ablation,full-open-mild,0.05,0.45,opensemcom_no_channel,5,0.5409375,0.00893498653468488,0.007831861009683465,0.001742540148645888,0.001590762946082704,0.0013943652007432736,0.5418749999999999,0.008370684522486795,0.007337228487310449,0.9982574598513541,0.0015907629460826939,0.0013943652007432645,346.8,5.357238094391549,4.695826231878688,0.6960624999999999,0.009207752974735457,0.008070951336041477,0.7771129546249478,0.0026646934458926345,0.0023357067882119223,0.6335000000000001,0.006696547617989433,0.0058697827898483565,0.8538449916519495,0.005093534029859741,0.004464679427898131,0.0,0.0,0.0,0.0,0.0,0.0,0.458125,0.008370684522486807,0.0073372284873104605,0.599375,0.0008558164961018342,0.000750156233727359,0.9980961992515102,0.0018139279163872483,0.0015899779219119652,0.0026096061792863358,0.003197768733978188,0.002802967880075478
ablation,full-open-mild,0.05,0.45,opensemcom_receiver_only,5,0.5434375,0.011661317598153306,0.010221595551820664,0.0017380023671675032,0.001587192812193818,0.001391235840414058,0.5443749999999999,0.011136581050753405,0.009761643688436893,0.9982619976328324,0.0015871928121938157,0.0013912358404140563,348.4,7.127411872482185,6.247451960599617,0.6988125000000001,0.012250239155828771,0.010737808057280607,0.7776159340507449,0.003193275725443028,0.0027990295844523014,0.6355,0.008909264840602713,0.007809314950749505,0.8550625717413842,0.006439721812115172,0.00564466504540644,0.0,0.0,0.0,0.0,0.0,0.0,0.45562500000000006,0.011136581050753417,0.009761643688436905,0.599375,0.0008558164961018342,0.000750156233727359,0.9978973243676356,0.001890782255050556,0.001657343719953808,0.0020846932114882504,0.002179210577357844,0.0019101622913974112
OpenSemCom,full-open-mild,0.05,0.6,opensemcom_progressive,5,0.5815625,0.004192627457812108,0.0036750000000000016,0.004814382471418448,0.0022439671862954087,0.0019669239617915034,0.584375,0.003827327723098736,0.0033548006647191597,0.9951856175285816,0.00224396718629539,0.001966923961791487,374.0,2.449489742783178,2.1470724254202507,0.6259374999999999,0.0034445949507888275,0.0030193205982472133,0.9291008424342884,0.002420025082985252,0.0021212455123813603,0.6674999999999999,0.003061862178478964,0.0026838405317753064,0.8712474524042075,0.0027660146608806833,0.0024245187489281726,0.0,0.0,0.0,0.0,0.0,0.0,0.415625,0.003827327723098708,0.003354800664719135,0.67375,0.16578485799561132,0.14531683515038787,0.9977439425579329,0.002037546000547921,0.001785987814887126,0.003655373839760502,0.0029829815307304067,0.00261469859550911
best_comparison,full-open-mild,0.05,0.6,fixed_refine_all,5,0.5387500000000001,0.01207277735755119,0.010582255932692259,0.0023271743266669487,0.003188431842657096,0.0027947837339880226,0.54,0.011619370276611373,0.010184827103343477,0.9976728256733332,0.003188431842657079,0.002794783733988008,345.6,7.436396977031283,6.518289346139829,0.9099999999999999,0.017429055414917113,0.015277240655015262,0.5920048820110742,0.0026111537004460117,0.002288777132167783,0.632,0.009295496221289088,0.008147861682674772,0.8523767914611577,0.006982601135773627,0.006120519753347971,0.0,0.0,0.0,0.0,0.0,0.0,0.45999999999999996,0.011619370276611382,0.010184827103343484,0.9868750000000001,0.006308321636933238,0.0055294877136132636,0.9985537408351846,0.0018828446408738907,0.0016503860943615578,0.0005235602094240838,0.0011707162185862774,0.0010261780104712042
ablation,full-open-mild,0.05,0.6,opensemcom_no_channel,5,0.5409375,0.00893498653468488,0.007831861009683465,0.001742540148645888,0.001590762946082704,0.0013943652007432736,0.5418749999999999,0.008370684522486795,0.007337228487310449,0.9982574598513541,0.0015907629460826939,0.0013943652007432645,346.8,5.357238094391549,4.695826231878688,0.6960624999999999,0.009207752974735457,0.008070951336041477,0.7771129546249478,0.0026646934458926345,0.0023357067882119223,0.6335000000000001,0.006696547617989433,0.0058697827898483565,0.8538449916519495,0.005093534029859741,0.004464679427898131,0.0,0.0,0.0,0.0,0.0,0.0,0.458125,0.008370684522486807,0.0073372284873104605,0.599375,0.0008558164961018342,0.000750156233727359,0.9980961992515102,0.0018139279163872483,0.0015899779219119652,0.0026096061792863358,0.003197768733978188,0.002802967880075478
ablation,full-open-mild,0.05,0.6,opensemcom_receiver_only,5,0.5434375,0.011661317598153306,0.010221595551820664,0.0017380023671675032,0.001587192812193818,0.001391235840414058,0.5443749999999999,0.011136581050753405,0.009761643688436893,0.9982619976328324,0.0015871928121938157,0.0013912358404140563,348.4,7.127411872482185,6.247451960599617,0.6988125000000001,0.012250239155828771,0.010737808057280607,0.7776159340507449,0.003193275725443028,0.0027990295844523014,0.6355,0.008909264840602713,0.007809314950749505,0.8550625717413842,0.006439721812115172,0.00564466504540644,0.0,0.0,0.0,0.0,0.0,0.0,0.45562500000000006,0.011136581050753417,0.009761643688436905,0.599375,0.0008558164961018342,0.000750156233727359,0.9978973243676356,0.001890782255050556,0.001657343719953808,0.0020846932114882504,0.002179210577357844,0.0019101622913974112
OpenSemCom,full-open-mild,0.05,0.8,opensemcom_progressive,5,0.5815625,0.004192627457812108,0.0036750000000000016,0.004814382471418448,0.0022439671862954087,0.0019669239617915034,0.584375,0.003827327723098736,0.0033548006647191597,0.9951856175285816,0.00224396718629539,0.001966923961791487,374.0,2.449489742783178,2.1470724254202507,0.6259374999999999,0.0034445949507888275,0.0030193205982472133,0.9291008424342884,0.002420025082985252,0.0021212455123813603,0.6674999999999999,0.003061862178478964,0.0026838405317753064,0.8712474524042075,0.0027660146608806833,0.0024245187489281726,0.0,0.0,0.0,0.0,0.0,0.0,0.415625,0.003827327723098708,0.003354800664719135,0.67375,0.16578485799561132,0.14531683515038787,0.9977439425579329,0.002037546000547921,0.001785987814887126,0.003655373839760502,0.0029829815307304067,0.00261469859550911
best_comparison,full-open-mild,0.05,0.8,fixed_refine_all,5,0.5387500000000001,0.01207277735755119,0.010582255932692259,0.0023271743266669487,0.003188431842657096,0.0027947837339880226,0.54,0.011619370276611373,0.010184827103343477,0.9976728256733332,0.003188431842657079,0.002794783733988008,345.6,7.436396977031283,6.518289346139829,0.9099999999999999,0.017429055414917113,0.015277240655015262,0.5920048820110742,0.0026111537004460117,0.002288777132167783,0.632,0.009295496221289088,0.008147861682674772,0.8523767914611577,0.006982601135773627,0.006120519753347971,0.0,0.0,0.0,0.0,0.0,0.0,0.45999999999999996,0.011619370276611382,0.010184827103343484,0.9868750000000001,0.006308321636933238,0.0055294877136132636,0.9985537408351846,0.0018828446408738907,0.0016503860943615578,0.0005235602094240838,0.0011707162185862774,0.0010261780104712042
ablation,full-open-mild,0.05,0.8,opensemcom_no_channel,5,0.5409375,0.00893498653468488,0.007831861009683465,0.001742540148645888,0.001590762946082704,0.0013943652007432736,0.5418749999999999,0.008370684522486795,0.007337228487310449,0.9982574598513541,0.0015907629460826939,0.0013943652007432645,346.8,5.357238094391549,4.695826231878688,0.6960624999999999,0.009207752974735457,0.008070951336041477,0.7771129546249478,0.0026646934458926345,0.0023357067882119223,0.6335000000000001,0.006696547617989433,0.0058697827898483565,0.8538449916519495,0.005093534029859741,0.004464679427898131,0.0,0.0,0.0,0.0,0.0,0.0,0.458125,0.008370684522486807,0.0073372284873104605,0.599375,0.0008558164961018342,0.000750156233727359,0.9980961992515102,0.0018139279163872483,0.0015899779219119652,0.0026096061792863358,0.003197768733978188,0.002802967880075478
ablation,full-open-mild,0.05,0.8,opensemcom_receiver_only,5,0.5434375,0.011661317598153306,0.010221595551820664,0.0017380023671675032,0.001587192812193818,0.001391235840414058,0.5443749999999999,0.011136581050753405,0.009761643688436893,0.9982619976328324,0.0015871928121938157,0.0013912358404140563,348.4,7.127411872482185,6.247451960599617,0.6988125000000001,0.012250239155828771,0.010737808057280607,0.7776159340507449,0.003193275725443028,0.0027990295844523014,0.6355,0.008909264840602713,0.007809314950749505,0.8550625717413842,0.006439721812115172,0.00564466504540644,0.0,0.0,0.0,0.0,0.0,0.0,0.45562500000000006,0.011136581050753417,0.009761643688436905,0.599375,0.0008558164961018342,0.000750156233727359,0.9978973243676356,0.001890782255050556,0.001657343719953808,0.0020846932114882504,0.002179210577357844,0.0019101622913974112
OpenSemCom,full-open-mild,0.05,1.0,opensemcom_progressive,5,0.5815625,0.004192627457812108,0.0036750000000000016,0.004814382471418448,0.0022439671862954087,0.0019669239617915034,0.584375,0.003827327723098736,0.0033548006647191597,0.9951856175285816,0.00224396718629539,0.001966923961791487,374.0,2.449489742783178,2.1470724254202507,0.6259374999999999,0.0034445949507888275,0.0030193205982472133,0.9291008424342884,0.002420025082985252,0.0021212455123813603,0.6674999999999999,0.003061862178478964,0.0026838405317753064,0.8712474524042075,0.0027660146608806833,0.0024245187489281726,0.0,0.0,0.0,0.0,0.0,0.0,0.415625,0.003827327723098708,0.003354800664719135,0.67375,0.16578485799561132,0.14531683515038787,0.9977439425579329,0.002037546000547921,0.001785987814887126,0.003655373839760502,0.0029829815307304067,0.00261469859550911
best_comparison,full-open-mild,0.05,1.0,fixed_refine_all,5,0.5387500000000001,0.01207277735755119,0.010582255932692259,0.0023271743266669487,0.003188431842657096,0.0027947837339880226,0.54,0.011619370276611373,0.010184827103343477,0.9976728256733332,0.003188431842657079,0.002794783733988008,345.6,7.436396977031283,6.518289346139829,0.9099999999999999,0.017429055414917113,0.015277240655015262,0.5920048820110742,0.0026111537004460117,0.002288777132167783,0.632,0.009295496221289088,0.008147861682674772,0.8523767914611577,0.006982601135773627,0.006120519753347971,0.0,0.0,0.0,0.0,0.0,0.0,0.45999999999999996,0.011619370276611382,0.010184827103343484,0.9868750000000001,0.006308321636933238,0.0055294877136132636,0.9985537408351846,0.0018828446408738907,0.0016503860943615578,0.0005235602094240838,0.0011707162185862774,0.0010261780104712042
ablation,full-open-mild,0.05,1.0,opensemcom_no_channel,5,0.5409375,0.00893498653468488,0.007831861009683465,0.001742540148645888,0.001590762946082704,0.0013943652007432736,0.5418749999999999,0.008370684522486795,0.007337228487310449,0.9982574598513541,0.0015907629460826939,0.0013943652007432645,346.8,5.357238094391549,4.695826231878688,0.6960624999999999,0.009207752974735457,0.008070951336041477,0.7771129546249478,0.0026646934458926345,0.0023357067882119223,0.6335000000000001,0.006696547617989433,0.0058697827898483565,0.8538449916519495,0.005093534029859741,0.004464679427898131,0.0,0.0,0.0,0.0,0.0,0.0,0.458125,0.008370684522486807,0.0073372284873104605,0.599375,0.0008558164961018342,0.000750156233727359,0.9980961992515102,0.0018139279163872483,0.0015899779219119652,0.0026096061792863358,0.003197768733978188,0.002802967880075478
ablation,full-open-mild,0.05,1.0,opensemcom_receiver_only,5,0.5434375,0.011661317598153306,0.010221595551820664,0.0017380023671675032,0.001587192812193818,0.001391235840414058,0.5443749999999999,0.011136581050753405,0.009761643688436893,0.9982619976328324,0.0015871928121938157,0.0013912358404140563,348.4,7.127411872482185,6.247451960599617,0.6988125000000001,0.012250239155828771,0.010737808057280607,0.7776159340507449,0.003193275725443028,0.0027990295844523014,0.6355,0.008909264840602713,0.007809314950749505,0.8550625717413842,0.006439721812115172,0.00564466504540644,0.0,0.0,0.0,0.0,0.0,0.0,0.45562500000000006,0.011136581050753417,0.009761643688436905,0.599375,0.0008558164961018342,0.000750156233727359,0.9978973243676356,0.001890782255050556,0.001657343719953808,0.0020846932114882504,0.002179210577357844,0.0019101622913974112
